date,product_id,stock_open,consumed_qty,stock_close
2024-01-01,1,2.1649,1.3655,3.7994
2024-01-01,2,1.8556,0.9409,2.9147
2024-01-01,3,1.2371,0.7484,1.9887
2024-01-01,4,0.9278,0.5324,1.8954
2024-01-01,5,0.6185,0.5268,1.0917
2024-01-01,6,0.7422,0.4947,1.2475
2024-01-01,7,0.1546,0.0874,0.5672
2024-01-01,8,30.9269,18.65,46.2769
2024-01-01,9,12.3708,8.4984,18.8724
2024-01-01,10,11.1337,7.0059,18.1277
2024-01-01,11,21.6488,17.8845,32.7643
2024-01-01,12,2.4742,1.5497,3.9244
2024-01-01,13,2.1649,1.4646,3.7003
2024-01-01,14,24.7415,15.7189,40.0226
2024-01-01,15,7.4225,4.3942,12.0282
2024-01-01,16,9.2781,5.6728,15.6053
2024-01-01,17,6.1854,3.9538,10.2316
2024-01-01,18,6.1854,4.5681,10.6172
2024-01-01,19,4.9483,3.904,7.5443
2024-01-01,20,3.0927,2.7563,4.8364
2024-01-01,21,7.4225,3.4571,10.9654
2024-01-01,22,4.9483,3.5015,7.4468
2024-01-01,23,3.7112,3.0103,5.701
2024-01-01,24,3.0927,1.3874,4.7053
2024-01-01,25,0.6185,0.3928,1.2257
2024-01-01,26,0.4948,0.1829,0.8119
2024-01-01,27,989.6602,689.17,1650.4902
2024-01-01,28,247.4151,184.706,412.7091
2024-01-01,29,1237.0753,733.2483,503.827
2024-01-01,30,742.2452,730.2908,11.954399999999964
2024-01-02,1,3.7994,1.0941,2.7052
2024-01-02,2,2.9147,0.975,1.9397
2024-01-02,3,1.9887,0.8355,1.1532
2024-01-02,4,1.8954,0.58,1.3154
2024-01-02,5,1.0917,0.4373,0.6544
2024-01-02,6,1.2475,0.5866,0.6609
2024-01-02,7,0.5672,0.1025,0.4647
2024-01-02,8,46.2769,18.0414,28.2355
2024-01-02,9,18.8724,9.8606,9.0118
2024-01-02,10,18.1277,6.5474,11.5803
2024-01-02,11,32.7643,9.7321,23.0323
2024-01-02,12,3.9244,1.7269,2.1975
2024-01-02,13,3.7003,1.2353,2.465
2024-01-02,14,40.0226,16.4455,23.5771
2024-01-02,15,12.0282,4.3278,7.7004
2024-01-02,16,15.6053,6.4539,9.1514
2024-01-02,17,10.2316,4.0219,6.2096
2024-01-02,18,10.6172,4.0004,6.6168
2024-01-02,19,7.5443,3.4307,4.1136
2024-01-02,20,4.8364,2.5296,2.3067
2024-01-02,21,10.9654,7.013,10.9524
2024-01-02,22,7.4468,3.4861,3.9606
2024-01-02,23,5.701,2.2096,3.4913
2024-01-02,24,4.7053,1.848,2.8572
2024-01-02,25,1.2257,0.5256,0.7001
2024-01-02,26,0.8119,0.2349,0.577
2024-01-02,27,1650.4902,606.1667,1044.3235
2024-01-02,28,412.7091,136.7642,275.9449
2024-01-02,29,2031.023,609.1435,1421.8795
2024-01-02,30,1287.38,608.4921,678.8879000000001
2024-01-03,1,2.7052,1.7032,3.502
2024-01-03,2,1.9397,1.5347,2.905
2024-01-03,3,1.1532,0.7161,1.9371
2024-01-03,4,1.3154,0.6397,0.6758
2024-01-03,5,0.6544,0.2618,0.3926
2024-01-03,6,0.6609,0.4965,1.1644
2024-01-03,7,0.4647,0.0793,0.3854
2024-01-03,8,28.2355,16.9578,46.2777
2024-01-03,9,9.0118,7.8103,19.2014
2024-01-03,10,11.5803,7.0135,18.5668
2024-01-03,11,23.0323,11.5689,33.4634
2024-01-03,12,2.1975,1.4046,4.2929
2024-01-03,13,2.465,1.1373,3.8277
2024-01-03,14,23.5771,13.6608,40.9163
2024-01-03,15,7.7004,4.0721,12.6283
2024-01-03,16,9.1514,6.6021,15.5492
2024-01-03,17,6.2096,3.8806,10.329
2024-01-03,18,6.6168,4.7442,10.8727
2024-01-03,19,4.1136,3.4004,7.7132
2024-01-03,20,2.3067,2.0227,4.7841
2024-01-03,21,10.9524,3.1554,7.7969
2024-01-03,22,3.9606,2.0921,7.3686
2024-01-03,23,3.4913,2.2312,5.7601
2024-01-03,24,2.8572,1.823,5.0342
2024-01-03,25,0.7001,0.3336,1.3666
2024-01-03,26,0.577,0.342,1.235
2024-01-03,27,1044.3235,665.686,1628.6375
2024-01-03,28,275.9449,163.288,412.6569
2024-01-03,29,1121.7307,707.2247,414.5060000000001
2024-01-03,30,714.1548,698.0485,16.106300000000033
2024-01-04,1,3.502,1.144,2.358
2024-01-04,2,2.905,1.1954,1.7096
2024-01-04,3,1.9371,0.6683,1.2689
2024-01-04,4,0.6758,0.6758,1.5
2024-01-04,5,0.3926,0.3729,1.0198
2024-01-04,6,1.1644,0.4256,0.7388
2024-01-04,7,0.3854,0.0908,0.2946
2024-01-04,8,46.2777,16.9709,29.3068
2024-01-04,9,19.2014,7.9844,11.217
2024-01-04,10,18.5668,6.7204,11.8464
2024-01-04,11,33.4634,15.9403,17.5231
2024-01-04,12,4.2929,1.6499,2.6429
2024-01-04,13,3.8277,1.5647,2.2631
2024-01-04,14,40.9163,17.539,23.3773
2024-01-04,15,12.6283,5.6394,6.9889
2024-01-04,16,15.5492,5.7315,9.8177
2024-01-04,17,10.329,3.7223,6.6068
2024-01-04,18,10.8727,3.792,7.0807
2024-01-04,19,7.7132,2.1381,5.5751
2024-01-04,20,4.7841,1.9301,2.8539
2024-01-04,21,7.7969,4.8988,11.8982
2024-01-04,22,7.3686,2.3247,5.0438
2024-01-04,23,5.7601,1.9186,3.8415
2024-01-04,24,5.0342,2.0619,2.9723
2024-01-04,25,1.3666,0.4145,0.9521
2024-01-04,26,1.235,0.2792,0.9558
2024-01-04,27,1628.6375,566.8537,1061.7838
2024-01-04,28,412.6569,165.5846,247.0723
2024-01-04,29,2117.3733,653.4243,1463.949
2024-01-04,30,1233.9317,652.4572,581.4745000000001
2024-01-05,1,2.358,0.0,2.358
2024-01-05,2,1.7096,1.0942,3.1155
2024-01-05,3,1.2689,0.6421,2.1268
2024-01-05,4,1.5,0.461,1.039
2024-01-05,5,1.0198,0.3227,0.6971
2024-01-05,6,0.7388,0.4819,1.257
2024-01-05,7,0.2946,0.0888,0.2058
2024-01-05,8,29.3068,17.7721,44.5347
2024-01-05,9,11.217,5.7136,18.5034
2024-01-05,10,11.8464,8.5171,18.3293
2024-01-05,11,17.5231,16.2376,32.2856
2024-01-05,12,2.6429,1.3341,4.3088
2024-01-05,13,2.2631,0.9292,3.8339
2024-01-05,14,23.3773,19.1874,40.1899
2024-01-05,15,6.9889,4.5537,12.4352
2024-01-05,16,9.8177,5.3307,15.487
2024-01-05,17,6.6068,3.638,10.9688
2024-01-05,18,7.0807,3.7578,10.3228
2024-01-05,19,5.5751,2.5084,3.0666
2024-01-05,20,2.8539,1.6862,4.6678
2024-01-05,21,11.8982,3.4362,8.462
2024-01-05,22,5.0438,3.5115,7.5323
2024-01-05,23,3.8415,1.8154,5.5261
2024-01-05,24,2.9723,1.1367,1.8356
2024-01-05,25,0.9521,0.2785,0.6737
2024-01-05,26,0.9558,0.2812,0.6746
2024-01-05,27,1061.7838,639.3076,1622.4763
2024-01-05,28,247.0723,177.2891,419.7832
2024-01-05,29,1248.4326,657.142,591.2906
2024-01-05,30,715.2876,660.5084,54.779199999999946
2024-01-06,1,2.358,1.3716,3.4864
2024-01-06,2,3.1155,1.0503,2.0651
2024-01-06,3,2.1268,0.7782,1.3486
2024-01-06,4,1.039,0.4201,0.619
2024-01-06,5,0.6971,0.3978,1.2992
2024-01-06,6,1.257,0.4118,0.8452
2024-01-06,7,0.2058,0.1204,0.5854
2024-01-06,8,44.5347,20.6935,23.8413
2024-01-06,9,18.5034,7.7896,10.7139
2024-01-06,10,18.3293,6.4427,11.8866
2024-01-06,11,32.2856,11.6682,20.6174
2024-01-06,12,4.3088,1.2489,3.0598
2024-01-06,13,3.8339,1.3006,2.5333
2024-01-06,14,40.1899,13.4542,26.7358
2024-01-06,15,12.4352,4.6434,7.7918
2024-01-06,16,15.487,6.6597,8.8273
2024-01-06,17,10.9688,3.7517,7.2171
2024-01-06,18,10.3228,4.1266,6.1962
2024-01-06,19,3.0666,3.0666,7.5
2024-01-06,20,4.6678,2.1739,2.4938
2024-01-06,21,8.462,3.6083,4.8537
2024-01-06,22,7.5323,2.0956,5.4367
2024-01-06,23,5.5261,1.5437,3.9825
2024-01-06,24,1.8356,1.3543,5.4814
2024-01-06,25,0.6737,0.3343,1.3394
2024-01-06,26,0.6746,0.0,0.6746
2024-01-06,27,1622.4763,561.4816,1060.9947
2024-01-06,28,419.7832,144.4996,275.2836
2024-01-06,29,2052.9807,568.9276,1484.0531
2024-01-06,30,715.2876,578.3958,136.8918
2024-01-07,1,3.4864,1.3554,2.1311
2024-01-07,2,2.0651,1.0474,1.0178
2024-01-07,3,1.3486,0.8205,0.5281
2024-01-07,4,0.619,0.5604,0.0586
2024-01-07,5,1.2992,0.3323,0.967
2024-01-07,6,0.8452,0.362,0.4831
2024-01-07,7,0.5854,0.0774,0.508
2024-01-07,8,23.8413,15.1153,8.7259
2024-01-07,9,10.7139,8.681,2.0329
2024-01-07,10,11.8866,8.3275,3.5591
2024-01-07,11,20.6174,14.139,6.4783
2024-01-07,12,3.0598,2.2855,0.7744
2024-01-07,13,2.5333,1.3264,1.2069
2024-01-07,14,26.7358,14.7366,11.9991
2024-01-07,15,7.7918,4.2706,3.5213
2024-01-07,16,8.8273,5.4166,3.4107
2024-01-07,17,7.2171,4.6518,2.5653
2024-01-07,18,6.1962,4.1815,2.0147
2024-01-07,19,7.5,2.7444,4.7556
2024-01-07,20,2.4938,1.6423,0.8515
2024-01-07,21,4.8537,4.8537,0.0
2024-01-07,22,5.4367,2.0493,3.3874
2024-01-07,23,3.9825,1.6259,2.3566
2024-01-07,24,5.4814,2.3429,3.1385
2024-01-07,25,1.3394,0.4223,0.917
2024-01-07,26,0.6746,0.2291,0.4455
2024-01-07,27,1060.9947,652.4296,408.5651
2024-01-07,28,275.2836,148.3915,126.892
2024-01-07,29,1309.4482,711.2602,598.188
2024-01-07,30,1237.2123,712.0345,525.1777999999999
2024-01-08,1,2.1311,1.2267,3.4043
2024-01-08,2,1.0178,1.0178,3.0
2024-01-08,3,0.5281,0.5281,2.0
2024-01-08,4,0.0586,0.0586,1.5
2024-01-08,5,0.967,0.2628,0.7041
2024-01-08,6,0.4831,0.4831,1.5
2024-01-08,7,0.508,0.0,0.508
2024-01-08,8,8.7259,8.7259,47.0
2024-01-08,9,2.0329,2.0329,19.0
2024-01-08,10,3.5591,3.5591,18.0
2024-01-08,11,6.4783,6.4783,33.0
2024-01-08,12,0.7744,0.7744,4.0
2024-01-08,13,1.2069,1.2069,3.5
2024-01-08,14,11.9991,11.9991,41.0
2024-01-08,15,3.5213,3.5213,13.0
2024-01-08,16,3.4107,3.4107,16.0
2024-01-08,17,2.5653,2.5653,11.0
2024-01-08,18,2.0147,0.0,11.0147
2024-01-08,19,4.7556,2.7066,7.549
2024-01-08,20,0.8515,0.8515,5.0
2024-01-08,21,0.0,0.0,12.0
2024-01-08,22,3.3874,2.0505,7.8369
2024-01-08,23,2.3566,2.3566,6.0
2024-01-08,24,3.1385,1.9921,5.1464
2024-01-08,25,0.917,0.2617,0.6554
2024-01-08,26,0.4455,0.3104,1.1351
2024-01-08,27,408.5651,408.5651,1650.0
2024-01-08,28,126.892,126.892,450.0
2024-01-08,29,497.1677,539.3785,0.0
2024-01-08,30,755.9093,534.3632,221.54610000000002
2024-01-09,1,3.4043,0.8711,2.5333
2024-01-09,2,3.0,0.6191,2.3809
2024-01-09,3,2.0,0.0,2.0
2024-01-09,4,1.5,0.4047,1.0953
2024-01-09,5,0.7041,0.2725,0.4317
2024-01-09,6,1.5,0.3129,1.1871
2024-01-09,7,0.508,0.0428,0.4652
2024-01-09,8,47.0,13.592,33.408
2024-01-09,9,19.0,3.9245,15.0755
2024-01-09,10,18.0,5.226,12.774
2024-01-09,11,33.0,8.0563,24.9437
2024-01-09,12,4.0,1.1505,2.8495
2024-01-09,13,3.5,0.9342,2.5658
2024-01-09,14,41.0,10.5297,30.4703
2024-01-09,15,13.0,3.2089,9.7911
2024-01-09,16,16.0,2.7636,13.2364
2024-01-09,17,11.0,2.2975,8.7025
2024-01-09,18,11.0147,3.0172,7.9975
2024-01-09,19,7.549,1.4881,6.0609
2024-01-09,20,5.0,1.2687,3.7313
2024-01-09,21,12.0,2.8799,9.1201
2024-01-09,22,7.8369,2.4028,5.4341
2024-01-09,23,6.0,1.2178,4.7822
2024-01-09,24,5.1464,0.8099,4.3365
2024-01-09,25,0.6554,0.2509,0.4045
2024-01-09,26,1.1351,0.2258,0.9092
2024-01-09,27,1650.0,436.1765,1213.8235
2024-01-09,28,450.0,121.331,328.669
2024-01-09,29,2100.0,446.908,1653.092
2024-01-09,30,1247.0466,450.1937,796.8528999999999
2024-01-10,1,2.5333,1.1013,1.432
2024-01-10,2,2.3809,0.6453,1.7356
2024-01-10,3,2.0,0.367,1.633
2024-01-10,4,1.0953,0.403,0.6922
2024-01-10,5,0.4317,0.279,0.6527
2024-01-10,6,1.1871,0.3583,0.8288
2024-01-10,7,0.4652,0.0883,0.3769
2024-01-10,8,33.408,11.719,21.689
2024-01-10,9,15.0755,5.8264,9.2492
2024-01-10,10,12.774,7.7603,5.0137
2024-01-10,11,24.9437,9.9629,14.9808
2024-01-10,12,2.8495,0.8565,1.993
2024-01-10,13,2.5658,0.8779,1.688
2024-01-10,14,30.4703,10.8967,19.5736
2024-01-10,15,9.7911,3.2451,6.546
2024-01-10,16,13.2364,3.7929,9.4435
2024-01-10,17,8.7025,3.1205,5.582
2024-01-10,18,7.9975,2.1301,5.8674
2024-01-10,19,6.0609,1.9021,4.1588
2024-01-10,20,3.7313,1.307,2.4243
2024-01-10,21,9.1201,2.2618,6.8583
2024-01-10,22,5.4341,2.5395,2.8945
2024-01-10,23,4.7822,1.5242,3.258
2024-01-10,24,4.3365,1.2197,3.1168
2024-01-10,25,0.4045,0.2967,1.1079
2024-01-10,26,0.9092,0.208,0.7013
2024-01-10,27,1213.8235,455.0042,758.8193
2024-01-10,28,328.669,84.9034,243.7656
2024-01-10,29,1556.4518,461.6335,1094.8183
2024-01-10,30,976.9649,463.081,513.8838999999999
2024-01-11,1,1.432,0.7127,2.2193
2024-01-11,2,1.7356,0.7283,1.0073
2024-01-11,3,1.633,0.4659,1.1671
2024-01-11,4,0.6922,0.4408,1.2514
2024-01-11,5,0.6527,0.0,0.6527
2024-01-11,6,0.8288,0.2385,0.5902
2024-01-11,7,0.3769,0.1059,0.271
2024-01-11,8,21.689,14.4275,29.2615
2024-01-11,9,9.2492,4.3211,4.9281
2024-01-11,10,5.0137,4.0162,11.9975
2024-01-11,11,14.9808,6.8971,21.0838
2024-01-11,12,1.993,0.9079,1.0851
2024-01-11,13,1.688,1.0128,2.6752
2024-01-11,14,19.5736,10.4306,26.143
2024-01-11,15,6.546,2.9376,3.6083
2024-01-11,16,9.4435,3.8051,5.6385
2024-01-11,17,5.582,2.4511,3.131
2024-01-11,18,5.8674,2.3228,3.5447
2024-01-11,19,4.1588,1.4595,2.6993
2024-01-11,20,2.4243,0.9155,1.5088
2024-01-11,21,6.8583,2.8789,3.9794
2024-01-11,22,2.8945,2.3838,5.0107
2024-01-11,23,3.258,1.4169,1.8411
2024-01-11,24,3.1168,0.6451,2.4717
2024-01-11,25,1.1079,0.2637,0.8442
2024-01-11,26,0.7013,0.1618,0.5395
2024-01-11,27,758.8193,379.1104,1079.7089
2024-01-11,28,243.7656,91.2137,152.552
2024-01-11,29,1119.8836,375.3218,744.5618
2024-01-11,30,631.4042,381.3585,250.04569999999995
2024-01-12,1,2.2193,0.6354,1.5839
2024-01-12,2,1.0073,0.7831,2.2242
2024-01-12,3,1.1671,0.4375,0.7295
2024-01-12,4,1.2514,0.3889,0.8625
2024-01-12,5,0.6527,0.1864,0.4663
2024-01-12,6,0.5902,0.2686,0.3216
2024-01-12,7,0.271,0.0569,0.214
2024-01-12,8,29.2615,10.9485,18.313
2024-01-12,9,4.9281,3.8473,12.0808
2024-01-12,10,11.9975,3.8636,8.1339
2024-01-12,11,21.0838,8.0566,13.0271
2024-01-12,12,1.0851,0.605,2.9801
2024-01-12,13,2.6752,0.0,2.6752
2024-01-12,14,26.143,8.5916,17.5514
2024-01-12,15,3.6083,2.9811,8.6272
2024-01-12,16,5.6385,0.0,5.6385
2024-01-12,17,3.131,2.2356,6.8954
2024-01-12,18,3.5447,0.0,3.5447
2024-01-12,19,2.6993,2.044,5.1552
2024-01-12,20,1.5088,1.3186,3.1902
2024-01-12,21,3.9794,1.4454,7.534
2024-01-12,22,5.0107,2.1815,2.8292
2024-01-12,23,1.8411,0.0,1.8411
2024-01-12,24,2.4717,0.8866,1.5851
2024-01-12,25,0.8442,0.3114,0.5328
2024-01-12,26,0.5395,0.176,0.3634
2024-01-12,27,1079.7089,444.254,635.4549
2024-01-12,28,152.552,116.5305,286.0214
2024-01-12,29,646.1084,456.7361,189.37229999999994
2024-01-12,30,346.3443,450.2927,0.0
2024-01-13,1,1.5839,1.0565,3.0274
2024-01-13,2,2.2242,0.9695,1.2546
2024-01-13,3,0.7295,0.7295,2.0
2024-01-13,4,0.8625,0.3897,1.4729
2024-01-13,5,0.4663,0.4663,1.0
2024-01-13,6,0.3216,0.3216,1.0
2024-01-13,7,0.214,0.1055,0.1085
2024-01-13,8,18.313,17.9535,39.3596
2024-01-13,9,12.0808,7.1842,15.8966
2024-01-13,10,8.1339,5.5887,15.5452
2024-01-13,11,13.0271,9.6826,27.3445
2024-01-13,12,2.9801,1.2514,1.7288
2024-01-13,13,2.6752,1.0533,1.6218
2024-01-13,14,17.5514,15.0575,34.494
2024-01-13,15,8.6272,0.0,8.6272
2024-01-13,16,5.6385,5.6385,13.0
2024-01-13,17,6.8954,3.3788,3.5165
2024-01-13,18,3.5447,3.5447,9.0
2024-01-13,19,5.1552,1.8361,3.3191
2024-01-13,20,3.1902,1.5314,1.6588
2024-01-13,21,7.534,3.9749,9.5591
2024-01-13,22,2.8292,1.6232,6.2059
2024-01-13,23,1.8411,1.6442,4.6969
2024-01-13,24,1.5851,1.5851,4.0
2024-01-13,25,0.5328,0.2778,1.2549
2024-01-13,26,0.3634,0.3352,1.0282
2024-01-13,27,635.4549,541.1632,1394.2917
2024-01-13,28,286.0214,162.553,373.4684
2024-01-13,29,1400.0,595.8925,804.1075
2024-01-13,30,847.5634,588.0603,259.5031
2024-01-14,1,3.0274,0.9396,2.0878
2024-01-14,2,1.2546,1.1899,2.5647
2024-01-14,3,2.0,0.6367,1.3633
2024-01-14,4,1.4729,0.5328,0.94
2024-01-14,5,1.0,0.3786,0.6214
2024-01-14,6,1.0,0.5214,0.4786
2024-01-14,7,0.1085,0.0504,0.5581
2024-01-14,8,39.3596,18.6482,20.7113
2024-01-14,9,15.8966,4.822,11.0746
2024-01-14,10,15.5452,4.7359,10.8093
2024-01-14,11,27.3445,11.3993,15.9452
2024-01-14,12,1.7288,1.2914,3.4373
2024-01-14,13,1.6218,0.902,3.2198
2024-01-14,14,34.494,14.2653,20.2287
2024-01-14,15,8.6272,3.9083,4.7189
2024-01-14,16,13.0,4.0873,8.9127
2024-01-14,17,3.5165,3.5165,9.0
2024-01-14,18,9.0,3.0174,5.9826
2024-01-14,19,3.3191,1.7886,6.0305
2024-01-14,20,1.6588,1.4715,4.1873
2024-01-14,21,9.5591,2.5301,7.029
2024-01-14,22,6.2059,2.5643,3.6416
2024-01-14,23,4.6969,1.5902,3.1068
2024-01-14,24,4.0,1.5336,2.4664
2024-01-14,25,1.2549,0.2564,0.9985
2024-01-14,26,1.0282,0.2595,0.7687
2024-01-14,27,1394.2917,499.0526,895.2391
2024-01-14,28,373.4684,131.962,241.5064
2024-01-14,29,729.8039,501.9074,227.8965
2024-01-14,30,436.9177,506.5143,0.0
2024-01-15,1,2.0878,1.0305,1.0573
2024-01-15,2,2.5647,0.7798,1.7849
2024-01-15,3,1.3633,0.4014,0.9619
2024-01-15,4,0.94,0.2894,0.6506
2024-01-15,5,0.6214,0.2175,0.4039
2024-01-15,6,0.4786,0.3511,1.1275
2024-01-15,7,0.5581,0.0505,0.5076
2024-01-15,8,20.7113,11.1429,28.5684
2024-01-15,9,11.0746,5.2493,5.8253
2024-01-15,10,10.8093,5.1827,5.6265
2024-01-15,11,15.9452,5.6421,10.3031
2024-01-15,12,3.4373,1.3046,2.1327
2024-01-15,13,3.2198,0.706,2.5138
2024-01-15,14,20.2287,9.1962,11.0325
2024-01-15,15,4.7189,3.4645,8.2544
2024-01-15,16,8.9127,4.4735,4.4392
2024-01-15,17,9.0,2.3198,6.6802
2024-01-15,18,5.9826,2.78,3.2026
2024-01-15,19,6.0305,1.619,4.4115
2024-01-15,20,4.1873,1.0902,3.097
2024-01-15,21,7.029,0.0,7.029
2024-01-15,22,3.6416,1.0214,2.6202
2024-01-15,23,3.1068,0.9693,2.1375
2024-01-15,24,2.4664,1.9085,3.558
2024-01-15,25,0.9985,0.2518,0.7467
2024-01-15,26,0.7687,0.1218,0.6468
2024-01-15,27,895.2391,365.0785,530.1606
2024-01-15,28,241.5064,100.3544,141.152
2024-01-15,29,1750.9314,369.9769,1380.9544999999998
2024-01-15,30,1094.8271,375.5439,719.2832
2024-01-16,1,1.0573,0.929,2.6283
2024-01-16,2,1.7849,0.682,1.1029
2024-01-16,3,0.9619,0.441,0.5208
2024-01-16,4,0.6506,0.423,1.2276
2024-01-16,5,0.4039,0.2452,0.6586
2024-01-16,6,1.1275,0.2479,0.8796
2024-01-16,7,0.5076,0.0792,0.4284
2024-01-16,8,28.5684,13.7329,14.8355
2024-01-16,9,5.8253,5.8112,12.0141
2024-01-16,10,5.6265,4.2722,12.3544
2024-01-16,11,10.3031,8.8379,21.4653
2024-01-16,12,2.1327,0.917,1.2157
2024-01-16,13,2.5138,1.4459,1.0679
2024-01-16,14,11.0325,10.7013,26.3312
2024-01-16,15,8.2544,3.247,5.0074
2024-01-16,16,4.4392,3.6866,9.7526
2024-01-16,17,6.6802,2.5303,4.1499
2024-01-16,18,3.2026,2.3405,6.8621
2024-01-16,19,4.4115,1.4523,2.9592
2024-01-16,20,3.097,1.1625,1.9346
2024-01-16,21,7.029,2.5667,4.4622
2024-01-16,22,2.6202,1.5899,5.0303
2024-01-16,23,2.1375,1.6445,3.993
2024-01-16,24,3.558,1.1398,2.4182
2024-01-16,25,0.7467,0.2569,0.4898
2024-01-16,26,0.6468,0.304,0.3428
2024-01-16,27,530.1606,479.5508,1100.6098
2024-01-16,28,141.152,110.754,280.3981
2024-01-16,29,1271.6446,473.9578,797.6868000000001
2024-01-16,30,782.4179,477.5195,304.89840000000004
2024-01-17,1,2.6283,0.9596,1.6687
2024-01-17,2,1.1029,0.6313,1.9716
2024-01-17,3,0.5208,0.3079,1.2129
2024-01-17,4,1.2276,0.3351,0.8925
2024-01-17,5,0.6586,0.2095,0.4492
2024-01-17,6,0.8796,0.224,0.6556
2024-01-17,7,0.4284,0.0449,0.3836
2024-01-17,8,14.8355,10.6036,29.2319
2024-01-17,9,12.0141,5.0542,6.96
2024-01-17,10,12.3544,4.5462,7.8082
2024-01-17,11,21.4653,8.5234,12.9419
2024-01-17,12,1.2157,1.018,2.6977
2024-01-17,13,1.0679,0.6249,2.443
2024-01-17,14,26.3312,9.6799,16.6513
2024-01-17,15,5.0074,3.0724,7.935
2024-01-17,16,9.7526,3.7901,5.9625
2024-01-17,17,4.1499,2.383,6.7669
2024-01-17,18,6.8621,2.6005,4.2615
2024-01-17,19,2.9592,2.3011,4.6581
2024-01-17,20,1.9346,1.2682,3.1664
2024-01-17,21,4.4622,3.3523,7.1099
2024-01-17,22,5.0303,2.4591,2.5711
2024-01-17,23,3.993,1.671,2.322
2024-01-17,24,2.4182,1.522,3.8962
2024-01-17,25,0.4898,0.1358,0.354
2024-01-17,26,0.3428,0.2024,0.6405
2024-01-17,27,1100.6098,381.9788,718.631
2024-01-17,28,280.3981,110.9118,169.4862
2024-01-17,29,693.0098,392.7687,300.2411
2024-01-17,30,517.8573,394.8772,122.9801
2024-01-18,1,1.6687,0.9934,2.6753
2024-01-18,2,1.9716,0.7588,1.2128
2024-01-18,3,1.2129,0.469,0.7439
2024-01-18,4,0.8925,0.3902,0.5023
2024-01-18,5,0.4492,0.2548,0.6943
2024-01-18,6,0.6556,0.2435,0.4121
2024-01-18,7,0.3836,0.0778,0.3057
2024-01-18,8,29.2319,15.1429,14.089
2024-01-18,9,6.96,4.609,12.351
2024-01-18,10,7.8082,4.8353,11.9728
2024-01-18,11,12.9419,9.0423,21.8995
2024-01-18,12,2.6977,0.8938,1.8039
2024-01-18,13,2.443,0.8908,1.5522
2024-01-18,14,16.6513,8.4411,26.2102
2024-01-18,15,7.935,3.2897,4.6452
2024-01-18,16,5.9625,4.3893,10.5732
2024-01-18,17,6.7669,2.5003,4.2665
2024-01-18,18,4.2615,2.4619,6.7996
2024-01-18,19,4.6581,2.2796,2.3785
2024-01-18,20,3.1664,0.8905,2.2759
2024-01-18,21,7.1099,2.8803,4.2296
2024-01-18,22,2.5711,1.5446,5.0266
2024-01-18,23,2.322,0.984,3.838
2024-01-18,24,3.8962,1.3803,2.516
2024-01-18,25,0.354,0.3124,1.0416
2024-01-18,26,0.6405,0.2881,0.3523
2024-01-18,27,718.631,380.8907,1087.7403
2024-01-18,28,169.4862,114.9723,304.5139
2024-01-18,29,1329.9965,421.1148,908.8816999999999
2024-01-18,30,830.7576,419.0543,411.7033
2024-01-19,1,2.6753,0.6837,1.9916
2024-01-19,2,1.2128,0.7149,0.4978
2024-01-19,3,0.7439,0.3773,0.3666
2024-01-19,4,0.5023,0.3151,0.1873
2024-01-19,5,0.6943,0.1471,0.5473
2024-01-19,6,0.4121,0.2798,0.1322
2024-01-19,7,0.3057,0.0,0.3057
2024-01-19,8,14.089,13.6569,0.4322
2024-01-19,9,12.351,4.7582,7.5927
2024-01-19,10,11.9728,7.4034,4.5694
2024-01-19,11,21.8995,7.4729,14.4266
2024-01-19,12,1.8039,1.348,0.456
2024-01-19,13,1.5522,0.8348,0.7175
2024-01-19,14,26.2102,8.75,17.4602
2024-01-19,15,4.6452,3.8121,0.8332
2024-01-19,16,10.5732,3.4473,7.1258
2024-01-19,17,4.2665,2.3872,1.8794
2024-01-19,18,6.7996,2.7895,4.0102
2024-01-19,19,2.3785,1.5675,0.811
2024-01-19,20,2.2759,0.9668,1.3091
2024-01-19,21,4.2296,3.2986,0.931
2024-01-19,22,5.0266,1.9959,3.0307
2024-01-19,23,3.838,1.9314,1.9066
2024-01-19,24,2.516,1.1252,1.3908
2024-01-19,25,1.0416,0.1211,0.9205
2024-01-19,26,0.3523,0.0956,0.2567
2024-01-19,27,1087.7403,388.3497,699.3906
2024-01-19,28,304.5139,129.5533,174.9606
2024-01-19,29,780.4065,413.7585,366.648
2024-01-19,30,544.6597,416.5555,128.10420000000005
2024-01-20,1,1.9916,1.2053,2.7863
2024-01-20,2,0.4978,0.4978,2.5
2024-01-20,3,0.3666,0.3666,2.0
2024-01-20,4,0.1873,0.1873,1.5
2024-01-20,5,0.5473,0.3166,1.2307
2024-01-20,6,0.1322,0.1322,1.0
2024-01-20,7,0.3057,0.0948,0.2109
2024-01-20,8,0.4322,0.4322,37.0
2024-01-20,9,7.5927,5.9138,15.679
2024-01-20,10,4.5694,4.4178,15.1516
2024-01-20,11,14.4266,6.1131,26.3135
2024-01-20,12,0.456,0.456,3.5
2024-01-20,13,0.7175,0.7175,3.0
2024-01-20,14,17.4602,12.2366,34.2236
2024-01-20,15,0.8332,0.8332,11.0
2024-01-20,16,7.1258,4.8733,13.2526
2024-01-20,17,1.8794,1.8794,9.0
2024-01-20,18,4.0102,2.8153,9.1949
2024-01-20,19,0.811,0.811,6.0
2024-01-20,20,1.3091,1.3091,4.0
2024-01-20,21,0.931,0.931,9.0
2024-01-20,22,3.0307,1.7196,6.311
2024-01-20,23,1.9066,1.5676,4.839
2024-01-20,24,1.3908,0.929,4.4618
2024-01-20,25,0.9205,0.3528,0.5678
2024-01-20,26,0.2567,0.2567,1.0
2024-01-20,27,699.3906,557.6342,1391.7564
2024-01-20,28,174.9606,134.3699,390.5907
2024-01-20,29,226.2883,551.2918,0.0
2024-01-20,30,200.1715,550.1382,0.0
2024-01-21,1,2.7863,1.5772,1.2091
2024-01-21,2,2.5,1.06,1.44
2024-01-21,3,2.0,0.6165,1.3835
2024-01-21,4,1.5,0.4044,1.0956
2024-01-21,5,1.2307,0.3846,0.8461
2024-01-21,6,1.0,0.2694,0.7306
2024-01-21,7,0.2109,0.0919,0.119
2024-01-21,8,37.0,18.2515,18.7485
2024-01-21,9,15.679,7.1795,8.4995
2024-01-21,10,15.1516,6.5417,8.6099
2024-01-21,11,26.3135,14.568,11.7455
2024-01-21,12,3.5,1.2236,2.2764
2024-01-21,13,3.0,1.1513,1.8487
2024-01-21,14,34.2236,11.9585,22.2651
2024-01-21,15,11.0,5.415,5.585
2024-01-21,16,13.2526,4.425,8.8275
2024-01-21,17,9.0,3.6606,5.3394
2024-01-21,18,9.1949,3.1984,5.9965
2024-01-21,19,6.0,2.5416,3.4584
2024-01-21,20,4.0,0.9542,3.0458
2024-01-21,21,9.0,4.5657,4.4343
2024-01-21,22,6.311,4.7015,1.6096
2024-01-21,23,4.839,2.2806,2.5584
2024-01-21,24,4.4618,0.7268,3.735
2024-01-21,25,0.5678,0.3673,0.2004
2024-01-21,26,1.0,0.0,1.0
2024-01-21,27,1391.7564,490.8462,900.9103
2024-01-21,28,390.5907,116.5584,274.0322
2024-01-21,29,1726.2883,530.5497,1195.7386
2024-01-21,30,1100.0,527.4987,572.5013
2024-01-22,1,1.2091,0.864,2.345
2024-01-22,2,1.44,0.8411,2.0989
2024-01-22,3,1.3835,0.3654,1.0181
2024-01-22,4,1.0956,0.4433,0.6523
2024-01-22,5,0.8461,0.1926,0.6535
2024-01-22,6,0.7306,0.3083,0.4223
2024-01-22,7,0.119,0.0865,0.5325
2024-01-22,8,18.7485,9.8748,29.8737
2024-01-22,9,8.4995,5.4278,13.0716
2024-01-22,10,8.6099,5.1952,12.4147
2024-01-22,11,11.7455,8.4585,21.287
2024-01-22,12,2.2764,0.6881,1.5883
2024-01-22,13,1.8487,0.9566,2.3922
2024-01-22,14,22.2651,10.5876,11.6775
2024-01-22,15,5.585,3.4556,8.1293
2024-01-22,16,8.8275,3.4087,5.4188
2024-01-22,17,5.3394,3.0272,7.3123
2024-01-22,18,5.9965,2.6266,3.3698
2024-01-22,19,3.4584,1.8346,5.1237
2024-01-22,20,3.0458,1.6007,1.4452
2024-01-22,21,4.4343,3.6281,7.8062
2024-01-22,22,1.6096,1.6096,5.0
2024-01-22,23,2.5584,1.0917,1.4667
2024-01-22,24,3.735,1.3531,2.382
2024-01-22,25,0.2004,0.1526,1.0479
2024-01-22,26,1.0,0.161,0.839
2024-01-22,27,900.9103,396.1429,504.7673
2024-01-22,28,274.0322,113.3997,160.6326
2024-01-22,29,899.9731,420.9016,479.07150000000007
2024-01-22,30,693.2838,423.3261,269.95770000000005
2024-01-23,1,2.345,0.6585,1.6865
2024-01-23,2,2.0989,0.6418,1.4571
2024-01-23,3,1.0181,0.453,0.565
2024-01-23,4,0.6523,0.429,1.2233
2024-01-23,5,0.6535,0.2533,0.4002
2024-01-23,6,0.4223,0.2602,1.1621
2024-01-23,7,0.5325,0.0458,0.4866
2024-01-23,8,29.8737,14.224,15.6498
2024-01-23,9,13.0716,3.8474,9.2242
2024-01-23,10,12.4147,2.6827,9.7321
2024-01-23,11,21.287,10.5174,10.7695
2024-01-23,12,1.5883,0.9681,2.6202
2024-01-23,13,2.3922,0.8131,1.5791
2024-01-23,14,11.6775,11.6775,27.0
2024-01-23,15,8.1293,2.9468,5.1825
2024-01-23,16,5.4188,4.5513,9.8676
2024-01-23,17,7.3123,2.7102,4.6021
2024-01-23,18,3.3698,3.1948,7.1751
2024-01-23,19,5.1237,1.7946,3.3291
2024-01-23,20,1.4452,0.9923,3.4529
2024-01-23,21,7.8062,3.9457,3.8606
2024-01-23,22,5.0,1.2771,3.7229
2024-01-23,23,1.4667,1.2852,3.6814
2024-01-23,24,2.382,1.3033,3.0787
2024-01-23,25,1.0479,0.2604,0.7875
2024-01-23,26,0.839,0.2708,0.5682
2024-01-23,27,504.7673,473.9255,1080.8418
2024-01-23,28,160.6326,105.7123,304.9203
2024-01-23,29,1409.7252,488.8575,920.8677
2024-01-23,30,377.3942,490.9729,0.0
2024-01-24,1,1.6865,0.6756,1.011
2024-01-24,2,1.4571,0.7464,2.2107
2024-01-24,3,0.565,0.48,1.585
2024-01-24,4,1.2233,0.2751,0.9482
2024-01-24,5,0.4002,0.2517,0.6484
2024-01-24,6,1.1621,0.3001,0.862
2024-01-24,7,0.4866,0.079,0.4076
2024-01-24,8,15.6498,10.6475,29.0022
2024-01-24,9,9.2242,5.2315,11.9927
2024-01-24,10,9.7321,5.0956,4.6364
2024-01-24,11,10.7695,8.9499,20.8196
2024-01-24,12,2.6202,0.8244,1.7958
2024-01-24,13,1.5791,0.8589,2.7201
2024-01-24,14,27.0,11.9106,15.0894
2024-01-24,15,5.1825,3.446,8.7365
2024-01-24,16,9.8676,3.2396,6.628
2024-01-24,17,4.6021,2.7885,6.8136
2024-01-24,18,7.1751,2.2868,4.8883
2024-01-24,19,3.3291,1.2615,2.0676
2024-01-24,20,3.4529,1.07,2.3829
2024-01-24,21,3.8606,2.9157,6.9449
2024-01-24,22,3.7229,1.965,4.7579
2024-01-24,23,3.6814,0.0,3.6814
2024-01-24,24,3.0787,0.5423,2.5363
2024-01-24,25,0.7875,0.2539,0.5336
2024-01-24,26,0.5682,0.1816,0.3866
2024-01-24,27,1080.8418,368.2143,712.6275
2024-01-24,28,304.9203,103.4505,201.4697
2024-01-24,29,917.2725,376.3233,540.9492
2024-01-24,30,887.0778,375.3879,511.6899
2024-01-25,1,1.011,0.8891,2.6219
2024-01-25,2,2.2107,0.6292,1.5815
2024-01-25,3,1.585,0.3603,1.2248
2024-01-25,4,0.9482,0.3588,0.5894
2024-01-25,5,0.6484,0.2291,0.4194
2024-01-25,6,0.862,0.3792,0.4828
2024-01-25,7,0.4076,0.0854,0.3222
2024-01-25,8,29.0022,15.7474,13.2548
2024-01-25,9,11.9927,5.201,6.7917
2024-01-25,10,4.6364,3.6235,12.0129
2024-01-25,11,20.8196,8.0984,12.7212
2024-01-25,12,1.7958,0.8307,2.9651
2024-01-25,13,2.7201,0.6621,2.0581
2024-01-25,14,15.0894,12.8264,26.263
2024-01-25,15,8.7365,0.0,8.7365
2024-01-25,16,6.628,4.2663,10.3617
2024-01-25,17,6.8136,2.5217,4.2919
2024-01-25,18,4.8883,2.4636,7.4246
2024-01-25,19,2.0676,1.8712,5.1964
2024-01-25,20,2.3829,1.6175,3.2655
2024-01-25,21,6.9449,3.7325,3.2124
2024-01-25,22,4.7579,1.8225,2.9354
2024-01-25,23,3.6814,2.2602,3.9212
2024-01-25,24,2.5363,1.2414,1.2949
2024-01-25,25,0.5336,0.2294,0.3042
2024-01-25,26,0.3866,0.1121,0.2745
2024-01-25,27,712.6275,382.3735,1080.254
2024-01-25,28,201.4697,103.2656,298.2042
2024-01-25,29,1336.6207,398.7204,937.9003
2024-01-25,30,549.9068,395.9969,153.9099
2024-01-26,1,2.6219,0.744,1.8779
2024-01-26,2,1.5815,0.5536,1.0278
2024-01-26,3,1.2248,0.6073,0.6175
2024-01-26,4,0.5894,0.4929,0.0965
2024-01-26,5,0.4194,0.2393,0.18
2024-01-26,6,0.4828,0.2528,0.2299
2024-01-26,7,0.3222,0.0,0.3222
2024-01-26,8,13.2548,11.1835,2.0713
2024-01-26,9,6.7917,4.7553,2.0364
2024-01-26,10,12.0129,5.9502,6.0627
2024-01-26,11,12.7212,6.869,5.8522
2024-01-26,12,2.9651,1.0224,1.9427
2024-01-26,13,2.0581,0.9548,1.1032
2024-01-26,14,26.263,9.9428,16.3201
2024-01-26,15,8.7365,2.6695,6.067
2024-01-26,16,10.3617,4.1369,6.2248
2024-01-26,17,4.2919,2.103,2.189
2024-01-26,18,7.4246,3.064,4.3606
2024-01-26,19,5.1964,2.0369,3.1595
2024-01-26,20,3.2655,1.4613,1.8041
2024-01-26,21,3.2124,2.7826,0.4298
2024-01-26,22,2.9354,2.4214,0.514
2024-01-26,23,3.9212,1.4477,2.4735
2024-01-26,24,1.2949,1.2783,0.0166
2024-01-26,25,0.3042,0.2376,0.0666
2024-01-26,26,0.2745,0.2745,0.0
2024-01-26,27,1080.254,435.0158,645.2382
2024-01-26,28,298.2042,96.8263,201.3778
2024-01-26,29,827.2105,456.6591,370.5514
2024-01-26,30,820.9859,455.0739,365.91200000000003
2024-01-27,1,1.8779,1.0587,2.8191
2024-01-27,2,1.0278,1.0278,2.5
2024-01-27,3,0.6175,0.6175,2.0
2024-01-27,4,0.0965,0.0965,1.5
2024-01-27,5,0.18,0.18,1.0
2024-01-27,6,0.2299,0.2299,1.0
2024-01-27,7,0.3222,0.071,0.2512
2024-01-27,8,2.0713,2.0713,38.0
2024-01-27,9,2.0364,2.0364,16.0
2024-01-27,10,6.0627,5.7724,15.2902
2024-01-27,11,5.8522,5.8522,27.0
2024-01-27,12,1.9427,1.3501,3.5927
2024-01-27,13,1.1032,1.0015,3.1017
2024-01-27,14,16.3201,13.7062,34.6139
2024-01-27,15,6.067,3.1287,10.9383
2024-01-27,16,6.2248,4.5162,12.7086
2024-01-27,17,2.189,2.189,9.0
2024-01-27,18,4.3606,3.2369,9.1237
2024-01-27,19,3.1595,2.2038,6.4557
2024-01-27,20,1.8041,1.8041,4.0
2024-01-27,21,0.4298,0.4298,9.0
2024-01-27,22,0.514,0.514,6.0
2024-01-27,23,2.4735,1.7092,4.7643
2024-01-27,24,0.0166,0.0166,4.0
2024-01-27,25,0.0666,0.0666,1.0
2024-01-27,26,0.0,0.0,1.0
2024-01-27,27,645.2382,496.2949,1398.9433
2024-01-27,28,201.3778,149.3067,352.0711
2024-01-27,29,226.4625,513.379,0.0
2024-01-27,30,442.4351,514.2979,0.0
2024-01-28,1,2.8191,1.0656,1.7536
2024-01-28,2,2.5,1.0478,1.4522
2024-01-28,3,2.0,0.5757,1.4243
2024-01-28,4,1.5,0.4939,1.0061
2024-01-28,5,1.0,0.4321,0.5679
2024-01-28,6,1.0,0.4825,0.5175
2024-01-28,7,0.2512,0.0936,0.1576
2024-01-28,8,38.0,0.0,38.0
2024-01-28,9,16.0,6.3033,9.6967
2024-01-28,10,15.2902,0.0,15.2902
2024-01-28,11,27.0,6.7816,20.2184
2024-01-28,12,3.5927,1.1307,2.462
2024-01-28,13,3.1017,0.8508,2.251
2024-01-28,14,34.6139,10.9862,23.6278
2024-01-28,15,10.9383,3.7044,7.2339
2024-01-28,16,12.7086,4.221,8.4876
2024-01-28,17,9.0,3.3405,5.6595
2024-01-28,18,9.1237,3.4817,5.6421
2024-01-28,19,6.4557,2.238,4.2177
2024-01-28,20,4.0,1.2245,2.7755
2024-01-28,21,9.0,3.6706,5.3294
2024-01-28,22,6.0,1.6248,4.3752
2024-01-28,23,4.7643,1.0209,3.7434
2024-01-28,24,4.0,1.0559,2.9441
2024-01-28,25,1.0,0.2522,0.7478
2024-01-28,26,1.0,0.1854,0.8146
2024-01-28,27,1398.9433,574.939,824.0043
2024-01-28,28,352.0711,128.553,223.5181
2024-01-28,29,1800.0,612.0566,1187.9434
2024-01-28,30,1045.8863,612.8766,433.00969999999984
2024-01-29,1,1.7536,1.3478,2.4058
2024-01-29,2,1.4522,0.7543,2.1979
2024-01-29,3,1.4243,0.3558,1.0685
2024-01-29,4,1.0061,0.5069,0.4992
2024-01-29,5,0.5679,0.2633,0.3046
2024-01-29,6,0.5175,0.1984,0.319
2024-01-29,7,0.1576,0.0548,0.1028
2024-01-29,8,38.0,10.8542,27.1458
2024-01-29,9,9.6967,4.9019,12.7947
2024-01-29,10,15.2902,4.179,11.1112
2024-01-29,11,20.2184,5.6716,14.5469
2024-01-29,12,2.462,0.7365,1.7254
2024-01-29,13,2.251,1.0583,1.1927
2024-01-29,14,23.6278,9.712,13.9158
2024-01-29,15,7.2339,3.0793,4.1546
2024-01-29,16,8.4876,4.2771,4.2104
2024-01-29,17,5.6595,2.4031,3.2564
2024-01-29,18,5.6421,2.0612,3.5808
2024-01-29,19,4.2177,1.8597,2.3581
2024-01-29,20,2.7755,1.2331,1.5425
2024-01-29,21,5.3294,2.1102,3.2192
2024-01-29,22,4.3752,1.2864,3.0887
2024-01-29,23,3.7434,1.7557,1.9877
2024-01-29,24,2.9441,1.2758,1.6683
2024-01-29,25,0.7478,0.2063,0.5415
2024-01-29,26,0.8146,0.1335,0.681
2024-01-29,27,824.0043,445.0428,1078.9615
2024-01-29,28,223.5181,102.061,121.4571
2024-01-29,29,1151.0971,453.5446,697.5525
2024-01-29,30,586.0849,449.5784,136.50649999999996
2024-01-30,1,2.4058,0.4998,1.9059
2024-01-30,2,2.1979,0.7102,1.4877
2024-01-30,3,1.0685,0.3901,0.6784
2024-01-30,4,0.4992,0.4992,1.0
2024-01-30,5,0.3046,0.3015,1.003
2024-01-30,6,0.319,0.2622,1.0569
2024-01-30,7,0.1028,0.0435,0.5592
2024-01-30,8,27.1458,0.0,27.1458
2024-01-30,9,12.7947,5.4131,7.3816
2024-01-30,10,11.1112,4.8865,6.2248
2024-01-30,11,14.5469,9.7793,21.7676
2024-01-30,12,1.7254,0.8563,2.8691
2024-01-30,13,1.1927,0.8557,2.337
2024-01-30,14,13.9158,10.2237,26.692
2024-01-30,15,4.1546,3.2126,7.942
2024-01-30,16,4.2104,4.0037,10.2067
2024-01-30,17,3.2564,2.8108,7.4457
2024-01-30,18,3.5808,2.543,7.0379
2024-01-30,19,2.3581,2.1367,5.2214
2024-01-30,20,1.5425,1.4007,3.1418
2024-01-30,21,3.2192,2.6198,7.5995
2024-01-30,22,3.0887,1.6043,4.9844
2024-01-30,23,1.9877,1.3897,4.098
2024-01-30,24,1.6683,1.2865,3.3818
2024-01-30,25,0.5415,0.5415,1.0
2024-01-30,26,0.681,0.1995,0.4815
2024-01-30,27,1078.9615,391.1228,687.8387
2024-01-30,28,121.4571,85.9876,285.4695
2024-01-30,29,674.3191,398.7798,275.5393
2024-01-30,30,855.4972,402.2784,453.21880000000004
2024-01-31,1,1.9059,0.6754,1.2305
2024-01-31,2,1.4877,0.8019,2.1858
2024-01-31,3,0.6784,0.6784,1.5
2024-01-31,4,1.0,0.4285,0.5715
2024-01-31,5,1.003,0.2905,0.7125
2024-01-31,6,1.0569,0.3204,0.7364
2024-01-31,7,0.5592,0.0595,0.4997
2024-01-31,8,27.1458,10.0464,17.0994
2024-01-31,9,7.3816,4.8494,12.5322
2024-01-31,10,6.2248,3.1791,12.0457
2024-01-31,11,21.7676,8.7876,12.98
2024-01-31,12,2.8691,0.7177,2.1514
2024-01-31,13,2.337,0.8141,1.5228
2024-01-31,14,26.692,11.2299,15.4622
2024-01-31,15,7.942,3.2294,4.7126
2024-01-31,16,10.2067,3.4059,6.8009
2024-01-31,17,7.4457,2.9534,4.4923
2024-01-31,18,7.0379,2.5976,4.4403
2024-01-31,19,5.2214,1.5603,3.6611
2024-01-31,20,3.1418,0.8269,2.3149
2024-01-31,21,7.5995,3.5399,4.0596
2024-01-31,22,4.9844,2.4443,2.5402
2024-01-31,23,4.098,1.6119,2.4862
2024-01-31,24,3.3818,1.1191,2.2627
2024-01-31,25,1.0,0.0,1.0
2024-01-31,26,0.4815,0.2102,0.2713
2024-01-31,27,687.8387,449.5625,1088.2762
2024-01-31,28,285.4695,112.7767,172.6928
2024-01-31,29,1408.8731,468.249,940.6241
2024-01-31,30,855.4972,467.5485,387.94870000000003
2024-02-01,1,1.2305,0.801,2.4296
2024-02-01,2,2.1858,0.8673,1.3185
2024-02-01,3,1.5,0.4453,1.0547
2024-02-01,4,0.5715,0.2743,1.2972
2024-02-01,5,0.7125,0.3033,0.4093
2024-02-01,6,0.7364,0.2181,0.5183
2024-02-01,7,0.4997,0.0589,0.4408
2024-02-01,8,17.0994,10.4094,32.6901
2024-02-01,9,12.5322,5.5524,6.9798
2024-02-01,10,12.0457,4.7199,7.3258
2024-02-01,11,12.98,6.7147,23.2653
2024-02-01,12,2.1514,0.9227,1.2287
2024-02-01,13,1.5228,1.1061,2.4167
2024-02-01,14,15.4622,9.3042,27.158
2024-02-01,15,4.7126,3.1524,8.5602
2024-02-01,16,6.8009,4.2805,10.5204
2024-02-01,17,4.4923,2.7773,6.715
2024-02-01,18,4.4403,2.4263,7.014
2024-02-01,19,3.6611,1.8057,5.3554
2024-02-01,20,2.3149,1.0787,3.2363
2024-02-01,21,4.0596,2.4441,8.6155
2024-02-01,22,2.5402,0.0,2.5402
2024-02-01,23,2.4862,1.3826,4.1035
2024-02-01,24,2.2627,0.8762,1.3865
2024-02-01,25,1.0,0.1441,0.8559
2024-02-01,26,0.2713,0.1543,0.617
2024-02-01,27,1088.2762,0.0,1088.2762
2024-02-01,28,172.6928,94.6491,278.0437
2024-02-01,29,883.8097,88.8786,794.9311
2024-02-01,30,855.4972,88.6662,766.831
2024-02-02,1,2.4296,0.7634,1.6662
2024-02-02,2,1.3185,0.5691,2.2494
2024-02-02,3,1.0547,0.4871,0.5675
2024-02-02,4,1.2972,0.3658,0.9314
2024-02-02,5,0.4093,0.2113,0.698
2024-02-02,6,0.5183,0.3303,1.188
2024-02-02,7,0.4408,0.0444,0.3964
2024-02-02,8,32.6901,11.1626,21.5275
2024-02-02,9,6.9798,4.2055,12.7743
2024-02-02,10,7.3258,3.6153,11.7104
2024-02-02,11,23.2653,10.3452,12.9201
2024-02-02,12,1.2287,1.1819,3.0468
2024-02-02,13,2.4167,0.9163,1.5004
2024-02-02,14,27.158,0.0,27.158
2024-02-02,15,8.5602,3.0609,5.4993
2024-02-02,16,10.5204,3.5617,6.9587
2024-02-02,17,6.715,2.6286,4.0864
2024-02-02,18,7.014,2.5514,4.4626
2024-02-02,19,5.3554,1.7067,3.6487
2024-02-02,20,3.2363,1.1598,2.0765
2024-02-02,21,8.6155,3.3467,5.2688
2024-02-02,22,2.5402,1.5414,4.9988
2024-02-02,23,4.1035,1.3328,2.7707
2024-02-02,24,1.3865,0.9358,3.4507
2024-02-02,25,0.8559,0.2905,0.5654
2024-02-02,26,0.617,0.215,0.4021
2024-02-02,27,1088.2762,477.8751,610.4011
2024-02-02,28,278.0437,114.9457,163.098
2024-02-02,29,1418.0386,489.6844,928.3542000000001
2024-02-02,30,566.9282,492.3673,74.56089999999995
2024-02-03,1,1.6662,1.4074,3.2588
2024-02-03,2,2.2494,0.8396,1.4099
2024-02-03,3,0.5675,0.4619,1.6056
2024-02-03,4,0.9314,0.5411,1.3903
2024-02-03,5,0.698,0.2965,0.4015
2024-02-03,6,1.188,0.442,0.746
2024-02-03,7,0.3964,0.0923,0.3041
2024-02-03,8,21.5275,17.0505,38.4769
2024-02-03,9,12.7743,6.5591,16.2152
2024-02-03,10,11.7104,4.7835,6.927
2024-02-03,11,12.9201,9.7773,27.1428
2024-02-03,12,3.0468,0.9122,2.1346
2024-02-03,13,1.5004,1.3694,3.131
2024-02-03,14,27.158,13.9271,34.2308
2024-02-03,15,5.4993,4.5192,10.9802
2024-02-03,16,6.9587,5.8583,13.1004
2024-02-03,17,4.0864,0.0,4.0864
2024-02-03,18,4.4626,3.4271,9.0355
2024-02-03,19,3.6487,2.6969,6.4518
2024-02-03,20,2.0765,1.7578,4.3187
2024-02-03,21,5.2688,2.825,9.4438
2024-02-03,22,4.9988,2.1054,2.8934
2024-02-03,23,2.7707,2.0995,4.6712
2024-02-03,24,3.4507,1.2913,2.1594
2024-02-03,25,0.5654,0.2318,1.3336
2024-02-03,26,0.4021,0.4021,1.0
2024-02-03,27,610.4011,610.4011,1400.0
2024-02-03,28,163.098,128.2542,384.8438
2024-02-03,29,900.3303,721.4794,178.8508999999999
2024-02-03,30,806.595,709.8315,96.76350000000002
2024-02-04,1,3.2588,1.2654,1.9934
2024-02-04,2,1.4099,1.1201,2.7898
2024-02-04,3,1.6056,0.6073,0.9983
2024-02-04,4,1.3903,0.0,1.3903
2024-02-04,5,0.4015,0.3793,1.0222
2024-02-04,6,0.746,0.5192,1.2267
2024-02-04,7,0.3041,0.0969,0.2072
2024-02-04,8,38.4769,14.8311,23.6458
2024-02-04,9,16.2152,6.691,9.5242
2024-02-04,10,6.927,6.7177,16.2093
2024-02-04,11,27.1428,8.6077,18.5351
2024-02-04,12,2.1346,1.2754,3.8592
2024-02-04,13,3.131,1.4695,1.6615
2024-02-04,14,34.2308,13.3959,20.8349
2024-02-04,15,10.9802,3.9282,7.052
2024-02-04,16,13.1004,4.5462,8.5542
2024-02-04,17,4.0864,3.9775,9.1088
2024-02-04,18,9.0355,2.8562,6.1793
2024-02-04,19,6.4518,2.8281,3.6237
2024-02-04,20,4.3187,0.0,4.3187
2024-02-04,21,9.4438,3.7203,5.7235
2024-02-04,22,2.8934,2.1996,6.6938
2024-02-04,23,4.6712,1.8895,2.7817
2024-02-04,24,2.1594,1.6391,4.5203
2024-02-04,25,1.3336,0.3252,1.0084
2024-02-04,26,1.0,0.2295,0.7705
2024-02-04,27,1400.0,554.3791,845.6209
2024-02-04,28,384.8438,126.4116,258.4322
2024-02-04,29,1811.6291,621.2275,1190.4016000000001
2024-02-04,30,1085.0834,610.1208,474.96259999999995
2024-02-05,1,1.9934,1.037,0.9564
2024-02-05,2,2.7898,0.8459,1.9439
2024-02-05,3,0.9983,0.5047,0.4935
2024-02-05,4,1.3903,0.3712,1.0191
2024-02-05,5,1.0222,0.1993,0.8228
2024-02-05,6,1.2267,0.3605,0.8663
2024-02-05,7,0.2072,0.0806,0.1265
2024-02-05,8,23.6458,10.5871,13.0587
2024-02-05,9,9.5242,5.2138,12.3104
2024-02-05,10,16.2093,4.7837,11.4256
2024-02-05,11,18.5351,6.2734,12.2617
2024-02-05,12,3.8592,0.8648,2.9944
2024-02-05,13,1.6615,0.6481,1.0133
2024-02-05,14,20.8349,8.44,12.3949
2024-02-05,15,7.052,3.1128,3.9391
2024-02-05,16,8.5542,0.0,8.5542
2024-02-05,17,9.1088,2.1156,6.9932
2024-02-05,18,6.1793,2.9374,3.2418
2024-02-05,19,3.6237,2.2302,4.8935
2024-02-05,20,4.3187,1.3326,2.9861
2024-02-05,21,5.7235,2.1914,3.5321
2024-02-05,22,6.6938,2.1537,4.5402
2024-02-05,23,2.7817,1.8738,3.9079
2024-02-05,24,4.5203,1.1746,3.3457
2024-02-05,25,1.0084,0.2631,0.7453
2024-02-05,26,0.7705,0.1603,0.6102
2024-02-05,27,845.6209,433.8172,1061.8037
2024-02-05,28,258.4322,96.283,162.1493
2024-02-05,29,1145.1842,433.4134,711.7707999999999
2024-02-05,30,685.347,434.9776,250.36939999999998
2024-02-06,1,0.9564,0.7489,2.7075
2024-02-06,2,1.9439,0.0,1.9439
2024-02-06,3,0.4935,0.412,1.5816
2024-02-06,4,1.0191,0.3677,0.6514
2024-02-06,5,0.8228,0.2545,0.5683
2024-02-06,6,0.8663,0.2959,0.5704
2024-02-06,7,0.1265,0.0604,0.0661
2024-02-06,8,13.0587,11.0906,30.968
2024-02-06,9,12.3104,5.1631,7.1473
2024-02-06,10,11.4256,5.2838,6.1418
2024-02-06,11,12.2617,9.6103,22.6514
2024-02-06,12,2.9944,0.8248,2.1696
2024-02-06,13,1.0133,0.8689,2.6444
2024-02-06,14,12.3949,9.4986,26.8963
2024-02-06,15,3.9391,3.1814,8.7577
2024-02-06,16,8.5542,3.3123,5.2419
2024-02-06,17,6.9932,2.2153,4.7779
2024-02-06,18,3.2418,2.4252,6.8166
2024-02-06,19,4.8935,2.467,2.4265
2024-02-06,20,2.9861,1.242,1.7441
2024-02-06,21,3.5321,2.3518,8.1803
2024-02-06,22,4.5402,2.108,2.4322
2024-02-06,23,3.9079,1.5172,2.3907
2024-02-06,24,3.3457,2.4538,3.8919
2024-02-06,25,0.7453,0.3613,0.384
2024-02-06,26,0.6102,0.2123,0.3979
2024-02-06,27,1061.8037,408.6296,653.1742
2024-02-06,28,162.1493,112.6212,299.5281
2024-02-06,29,584.3298,415.3711,168.95869999999996
2024-02-06,30,356.3107,415.5191,0.0
2024-02-07,1,2.7075,0.7753,1.9322
2024-02-07,2,1.9439,0.7248,1.2191
2024-02-07,3,1.5816,0.372,1.2096
2024-02-07,4,0.6514,0.378,1.2733
2024-02-07,5,0.5683,0.2181,0.3503
2024-02-07,6,0.5704,0.34,0.7304
2024-02-07,7,0.0661,0.0478,0.5183
2024-02-07,8,30.968,9.5723,21.3957
2024-02-07,9,7.1473,6.6855,12.4618
2024-02-07,10,6.1418,4.9396,12.2021
2024-02-07,11,22.6514,7.2673,15.3841
2024-02-07,12,2.1696,0.8083,1.3612
2024-02-07,13,2.6444,0.7293,1.9152
2024-02-07,14,26.8963,12.4769,14.4195
2024-02-07,15,8.7577,3.3137,5.444
2024-02-07,16,5.2419,2.6872,10.5547
2024-02-07,17,4.7779,2.4545,7.3234
2024-02-07,18,6.8166,2.1762,4.6404
2024-02-07,19,2.4265,1.8652,5.0613
2024-02-07,20,1.7441,1.1835,3.0606
2024-02-07,21,8.1803,2.6984,5.4819
2024-02-07,22,2.4322,1.8571,4.5751
2024-02-07,23,2.3907,1.0261,3.8646
2024-02-07,24,3.8919,1.0542,2.8378
2024-02-07,25,0.384,0.2631,1.1208
2024-02-07,26,0.3979,0.297,0.6009
2024-02-07,27,653.1742,464.5209,1088.6533
2024-02-07,28,299.5281,85.8267,213.7014
2024-02-07,29,1408.2806,436.7354,971.5452
2024-02-07,30,847.5844,443.0067,404.57769999999994
2024-02-08,1,1.9322,0.7865,1.1456
2024-02-08,2,1.2191,0.6168,2.1023
2024-02-08,3,1.2096,0.5288,0.6808
2024-02-08,4,1.2733,0.3051,0.9682
2024-02-08,5,0.3503,0.2741,1.0761
2024-02-08,6,0.7304,0.2788,0.4516
2024-02-08,7,0.5183,0.1036,0.4147
2024-02-08,8,21.3957,0.0,21.3957
2024-02-08,9,12.4618,3.856,8.6058
2024-02-08,10,12.2021,4.3214,7.8807
2024-02-08,11,15.3841,7.5368,20.8473
2024-02-08,12,1.3612,0.6824,2.6789
2024-02-08,13,1.9152,0.6094,1.3058
2024-02-08,14,14.4195,11.3851,27.0344
2024-02-08,15,5.444,2.7575,8.6865
2024-02-08,16,10.5547,3.8842,6.6705
2024-02-08,17,7.3234,2.5221,4.8014
2024-02-08,18,4.6404,2.4763,7.1641
2024-02-08,19,5.0613,1.8725,3.1889
2024-02-08,20,3.0606,1.4563,1.6043
2024-02-08,21,5.4819,2.6658,2.8161
2024-02-08,22,4.5751,2.2387,2.3364
2024-02-08,23,3.8646,1.6671,2.1975
2024-02-08,24,2.8378,1.2501,1.5877
2024-02-08,25,1.1208,0.257,0.8638
2024-02-08,26,0.6009,0.1165,0.4843
2024-02-08,27,1088.6533,0.0,1088.6533
2024-02-08,28,213.7014,93.754,119.9474
2024-02-08,29,741.46,75.2796,666.1804000000001
2024-02-08,30,521.0538,74.6351,446.41870000000006
2024-02-09,1,1.1456,0.0,1.1456
2024-02-09,2,2.1023,0.5057,1.5966
2024-02-09,3,0.6808,0.4154,1.7654
2024-02-09,4,0.9682,0.2712,0.6971
2024-02-09,5,1.0761,0.2231,0.8531
2024-02-09,6,0.4516,0.2577,1.1939
2024-02-09,7,0.4147,0.0464,0.3684
2024-02-09,8,21.3957,11.6341,31.7616
2024-02-09,9,8.6058,0.0,8.6058
2024-02-09,10,7.8807,5.5601,12.3206
2024-02-09,11,20.8473,8.7725,12.0748
2024-02-09,12,2.6789,0.9597,1.7191
2024-02-09,13,1.3058,0.7449,2.5608
2024-02-09,14,27.0344,10.3389,16.6955
2024-02-09,15,8.6865,3.5387,5.1477
2024-02-09,16,6.6705,4.3648,10.3056
2024-02-09,17,4.8014,2.5805,7.2209
2024-02-09,18,7.1641,2.8431,4.321
2024-02-09,19,3.1889,1.8232,5.3657
2024-02-09,20,1.6043,1.0803,3.524
2024-02-09,21,2.8161,2.8161,8.0
2024-02-09,22,2.3364,2.2281,5.1083
2024-02-09,23,2.1975,2.0667,4.1308
2024-02-09,24,1.5877,1.5877,4.0
2024-02-09,25,0.8638,0.2633,0.6005
2024-02-09,26,0.4843,0.1472,0.3371
2024-02-09,27,1088.6533,341.8236,746.8297
2024-02-09,28,119.9474,96.8261,273.1213
2024-02-09,29,1398.2942,388.5877,1009.7065
2024-02-09,30,803.2422,390.4656,412.77660000000003
2024-02-10,1,1.1456,0.9297,3.216
2024-02-10,2,1.5966,0.0,1.5966
2024-02-10,3,1.7654,0.6619,1.1035
2024-02-10,4,0.6971,0.4802,1.7169
2024-02-10,5,0.8531,0.3112,0.5419
2024-02-10,6,1.1939,0.3899,0.804
2024-02-10,7,0.3684,0.1272,0.2412
2024-02-10,8,31.7616,15.8629,40.8987
2024-02-10,9,8.6058,6.8258,16.78
2024-02-10,10,12.3206,4.583,7.7376
2024-02-10,11,12.0748,12.0748,29.0
2024-02-10,12,1.7191,1.6241,3.5951
2024-02-10,13,2.5608,0.848,1.7128
2024-02-10,14,16.6955,10.6425,35.0529
2024-02-10,15,5.1477,4.4781,10.6697
2024-02-10,16,10.3056,5.3374,12.9683
2024-02-10,17,7.2209,2.8529,4.368
2024-02-10,18,4.321,3.1201,9.2009
2024-02-10,19,5.3657,2.4436,2.9221
2024-02-10,20,3.524,1.297,2.227
2024-02-10,21,8.0,3.0757,4.9243
2024-02-10,22,5.1083,2.7383,6.87
2024-02-10,23,4.1308,2.1783,4.9525
2024-02-10,24,4.0,1.8004,2.1996
2024-02-10,25,0.6005,0.2358,0.3647
2024-02-10,26,0.3371,0.3371,1.0
2024-02-10,27,746.8297,532.8647,1413.965
2024-02-10,28,273.1213,159.1468,363.9745
2024-02-10,29,867.2225,627.1945,240.02800000000002
2024-02-10,30,453.289,635.2608,0.0
2024-02-11,1,3.216,1.6952,1.5207
2024-02-11,2,1.5966,1.1143,2.9823
2024-02-11,3,1.1035,0.6566,1.9469
2024-02-11,4,1.7169,0.7442,0.9727
2024-02-11,5,0.5419,0.2632,1.2786
2024-02-11,6,0.804,0.4215,1.3825
2024-02-11,7,0.2412,0.1277,0.1135
2024-02-11,8,40.8987,16.3995,24.4993
2024-02-11,9,16.78,7.0074,9.7725
2024-02-11,10,7.7376,4.9767,15.7608
2024-02-11,11,29.0,11.262,17.738
2024-02-11,12,3.5951,1.8671,1.728
2024-02-11,13,1.7128,1.102,3.1108
2024-02-11,14,35.0529,15.6835,19.3694
2024-02-11,15,10.6697,3.6251,7.0446
2024-02-11,16,12.9683,5.3118,7.6565
2024-02-11,17,4.368,3.3163,9.0517
2024-02-11,18,9.2009,3.8995,5.3014
2024-02-11,19,2.9221,2.9221,6.5
2024-02-11,20,2.227,1.68,4.5471
2024-02-11,21,4.9243,4.0295,9.8948
2024-02-11,22,6.87,0.0,6.87
2024-02-11,23,4.9525,3.3698,5.0827
2024-02-11,24,2.1996,1.2505,4.9492
2024-02-11,25,0.3647,0.3647,1.0
2024-02-11,26,1.0,0.2313,0.7687
2024-02-11,27,1413.965,508.9562,905.0088
2024-02-11,28,363.9745,148.9237,215.0508
2024-02-11,29,1797.7281,585.6968,1212.0313
2024-02-11,30,1119.7823,586.8737,532.9086000000001
2024-02-12,1,1.5207,0.7511,2.2696
2024-02-12,2,2.9823,0.9522,2.0301
2024-02-12,3,1.9469,0.453,1.4938
2024-02-12,4,0.9727,0.3204,0.6523
2024-02-12,5,1.2786,0.2925,0.9861
2024-02-12,6,1.3825,0.4009,0.9816
2024-02-12,7,0.1135,0.0822,0.5314
2024-02-12,8,24.4993,12.8388,30.6604
2024-02-12,9,9.7725,5.4859,13.2866
2024-02-12,10,15.7608,3.6818,12.0791
2024-02-12,11,17.738,9.5277,22.2103
2024-02-12,12,1.728,0.8095,2.9185
2024-02-12,13,3.1108,1.3214,1.7895
2024-02-12,14,19.3694,10.4275,26.942
2024-02-12,15,7.0446,2.9388,4.1057
2024-02-12,16,7.6565,3.4986,4.1579
2024-02-12,17,9.0517,2.8566,6.1951
2024-02-12,18,5.3014,2.8372,7.4642
2024-02-12,19,6.5,2.0895,4.4105
2024-02-12,20,4.5471,1.4531,3.094
2024-02-12,21,9.8948,3.2135,6.6813
2024-02-12,22,6.87,1.7497,5.1203
2024-02-12,23,5.0827,0.9453,4.1375
2024-02-12,24,4.9492,1.6906,3.2586
2024-02-12,25,1.0,0.3104,0.6896
2024-02-12,26,0.7687,0.2562,0.5125
2024-02-12,27,905.0088,462.9523,442.0565
2024-02-12,28,215.0508,109.7951,305.2557
2024-02-12,29,1065.8273,498.716,567.1112999999999
2024-02-12,30,724.2494,503.1177,221.13170000000002
2024-02-13,1,2.2696,0.8724,1.3972
2024-02-13,2,2.0301,0.6276,1.4025
2024-02-13,3,1.4938,0.5715,0.9224
2024-02-13,4,0.6523,0.362,1.2903
2024-02-13,5,0.9861,0.2954,0.6907
2024-02-13,6,0.9816,0.2994,0.6823
2024-02-13,7,0.5314,0.0696,0.4618
2024-02-13,8,30.6604,12.2333,18.4271
2024-02-13,9,13.2866,4.7396,8.547
2024-02-13,10,12.0791,3.8345,8.2446
2024-02-13,11,22.2103,6.5199,15.6904
2024-02-13,12,2.9185,1.3208,1.5976
2024-02-13,13,1.7895,1.028,2.7614
2024-02-13,14,26.942,11.3988,15.5432
2024-02-13,15,4.1057,3.6937,8.4121
2024-02-13,16,4.1579,4.1579,10.0
2024-02-13,17,6.1951,2.693,3.502
2024-02-13,18,7.4642,2.538,4.9262
2024-02-13,19,4.4105,1.6661,2.7445
2024-02-13,20,3.094,1.1294,1.9645
2024-02-13,21,6.6813,2.2828,4.3985
2024-02-13,22,5.1203,1.8773,3.243
2024-02-13,23,4.1375,1.941,2.1965
2024-02-13,24,3.2586,1.2976,1.961
2024-02-13,25,0.6896,0.2548,0.4348
2024-02-13,26,0.5125,0.2246,0.2879
2024-02-13,27,442.0565,422.7902,1069.2663
2024-02-13,28,305.2557,114.3017,190.954
2024-02-13,29,542.4903,472.8333,69.65700000000004
2024-02-13,30,365.345,468.167,0.0
2024-02-14,1,1.3972,0.8378,2.5594
2024-02-14,2,1.4025,0.8261,2.0765
2024-02-14,3,0.9224,0.4541,1.4683
2024-02-14,4,1.2903,0.4985,0.7918
2024-02-14,5,0.6907,0.2085,0.4822
2024-02-14,6,0.6823,0.3043,0.378
2024-02-14,7,0.4618,0.0503,0.4115
2024-02-14,8,18.4271,8.6613,29.7659
2024-02-14,9,8.547,6.4999,13.0471
2024-02-14,10,8.2446,4.3989,11.8456
2024-02-14,11,15.6904,7.2886,8.4018
2024-02-14,12,1.5976,1.1319,2.9657
2024-02-14,13,2.7614,0.9296,1.8319
2024-02-14,14,15.5432,8.2384,26.3048
2024-02-14,15,8.4121,2.8463,5.5658
2024-02-14,16,10.0,3.5621,6.4379
2024-02-14,17,3.502,2.2239,7.2782
2024-02-14,18,4.9262,2.488,7.4382
2024-02-14,19,2.7445,2.7445,5.0
2024-02-14,20,1.9645,1.1512,3.3133
2024-02-14,21,4.3985,3.4903,7.9083
2024-02-14,22,3.243,1.8578,4.8852
2024-02-14,23,2.1965,0.909,3.7875
2024-02-14,24,1.961,0.9601,3.0009
2024-02-14,25,0.4348,0.2935,1.1412
2024-02-14,26,0.2879,0.2069,0.581
2024-02-14,27,1069.2663,404.8974,664.3689
2024-02-14,28,190.954,90.2968,300.6572
2024-02-14,29,1357.8668,404.9597,952.9071
2024-02-14,30,802.9491,405.6929,397.25620000000004
2024-02-15,1,2.5594,0.9287,1.6307
2024-02-15,2,2.0765,0.7001,1.3764
2024-02-15,3,1.4683,0.4768,0.9915
2024-02-15,4,0.7918,0.4721,1.3197
2024-02-15,5,0.4822,0.2383,0.7439
2024-02-15,6,0.378,0.378,1.0
2024-02-15,7,0.4115,0.0498,0.3618
2024-02-15,8,29.7659,10.1308,19.635
2024-02-15,9,13.0471,5.4467,7.6004
2024-02-15,10,11.8456,4.5704,7.2752
2024-02-15,11,8.4018,7.0156,22.3862
2024-02-15,12,2.9657,0.7675,2.1982
2024-02-15,13,1.8319,0.8364,0.9955
2024-02-15,14,26.3048,13.0615,13.2433
2024-02-15,15,5.5658,2.5892,7.9766
2024-02-15,16,6.4379,3.9645,10.4734
2024-02-15,17,7.2782,2.5317,4.7464
2024-02-15,18,7.4382,2.4692,4.969
2024-02-15,19,5.0,2.4974,2.5026
2024-02-15,20,3.3133,1.6063,1.707
2024-02-15,21,7.9083,2.4456,5.4627
2024-02-15,22,4.8852,2.0005,2.8847
2024-02-15,23,3.7875,1.9863,1.8012
2024-02-15,24,3.0009,1.3807,1.6202
2024-02-15,25,1.1412,0.2222,0.919
2024-02-15,26,0.581,0.0,0.581
2024-02-15,27,664.3689,331.9831,1082.3858
2024-02-15,28,300.6572,113.4245,187.2327
2024-02-15,29,724.7518,383.5547,341.1971
2024-02-15,30,410.6033,385.5963,25.007000000000005
2024-02-16,1,1.6307,0.8541,2.2766
2024-02-16,2,1.3764,0.5418,0.8346
2024-02-16,3,0.9915,0.3751,0.6163
2024-02-16,4,1.3197,0.4886,0.8311
2024-02-16,5,0.7439,0.0,0.7439
2024-02-16,6,1.0,0.0,1.0
2024-02-16,7,0.3618,0.0819,0.2798
2024-02-16,8,19.635,11.561,31.074
2024-02-16,9,7.6004,4.3846,13.2158
2024-02-16,10,7.2752,3.9584,12.3168
2024-02-16,11,22.3862,6.3378,16.0483
2024-02-16,12,2.1982,0.9475,1.2507
2024-02-16,13,0.9955,0.0,0.9955
2024-02-16,14,13.2433,9.2386,27.0047
2024-02-16,15,7.9766,3.4491,4.5275
2024-02-16,16,10.4734,4.6272,5.8462
2024-02-16,17,4.7464,0.0,4.7464
2024-02-16,18,4.969,2.7251,7.2438
2024-02-16,19,2.5026,1.8589,5.1437
2024-02-16,20,1.707,0.0,1.707
2024-02-16,21,5.4627,2.8116,7.6511
2024-02-16,22,2.8847,2.6656,5.219
2024-02-16,23,1.8012,1.8012,4.0
2024-02-16,24,1.6202,0.8668,3.7534
2024-02-16,25,0.919,0.2353,0.6837
2024-02-16,26,0.581,0.2665,0.3146
2024-02-16,27,1082.3858,438.9046,643.4812
2024-02-16,28,187.2327,123.6596,313.5732
2024-02-16,29,1363.9791,489.3867,874.5924
2024-02-16,30,812.0881,494.4848,317.60330000000005
2024-02-17,1,2.2766,0.9752,1.3013
2024-02-17,2,0.8346,0.8346,3.0
2024-02-17,3,0.6163,0.6163,2.0
2024-02-17,4,0.8311,0.5151,1.316
2024-02-17,5,0.7439,0.2976,0.4463
2024-02-17,6,1.0,0.4003,0.5997
2024-02-17,7,0.2798,0.0926,0.1872
2024-02-17,8,31.074,13.2993,17.7747
2024-02-17,9,13.2158,7.3979,17.818
2024-02-17,10,12.3168,7.7575,15.5593
2024-02-17,11,16.0483,12.5479,29.5004
2024-02-17,12,1.2507,0.0,3.7507
2024-02-17,13,0.9955,0.9513,3.0441
2024-02-17,14,27.0047,14.0773,34.9274
2024-02-17,15,4.5275,3.4034,11.1241
2024-02-17,16,5.8462,5.5509,13.2954
2024-02-17,17,4.7464,2.6848,9.0616
2024-02-17,18,7.2438,4.0521,9.1917
2024-02-17,19,5.1437,2.8162,6.8275
2024-02-17,20,1.707,1.4223,4.2847
2024-02-17,21,7.6511,6.5024,10.1486
2024-02-17,22,5.219,3.5651,7.154
2024-02-17,23,4.0,2.2806,5.2194
2024-02-17,24,3.7534,1.872,1.8815
2024-02-17,25,0.6837,0.2231,0.4606
2024-02-17,26,0.3146,0.283,1.0315
2024-02-17,27,643.4812,610.0648,1383.4164
2024-02-17,28,313.5732,145.3374,168.2357
2024-02-17,29,857.8377,714.3395,143.4982
2024-02-17,30,493.7894,720.694,0.0
2024-02-18,1,1.3013,0.9983,3.3031
2024-02-18,2,3.0,1.1406,1.8594
2024-02-18,3,2.0,0.7544,1.2456
2024-02-18,4,1.316,0.4575,0.8584
2024-02-18,5,0.4463,0.3203,1.126
2024-02-18,6,0.5997,0.4385,1.1612
2024-02-18,7,0.1872,0.0605,0.1267
2024-02-18,8,17.7747,17.7747,41.0
2024-02-18,9,17.818,7.59,10.228
2024-02-18,10,15.5593,7.143,8.4162
2024-02-18,11,29.5004,10.2493,19.2512
2024-02-18,12,3.7507,1.583,2.1678
2024-02-18,13,3.0441,1.1198,1.9243
2024-02-18,14,34.9274,15.5719,19.3554
2024-02-18,15,11.1241,3.6739,7.4502
2024-02-18,16,13.2954,5.2493,8.0461
2024-02-18,17,9.0616,2.9197,6.1419
2024-02-18,18,9.1917,3.1653,6.0264
2024-02-18,19,6.8275,2.2065,4.621
2024-02-18,20,4.2847,1.4122,2.8725
2024-02-18,21,10.1486,2.9936,7.155
2024-02-18,22,7.154,2.2136,4.9404
2024-02-18,23,5.2194,1.4946,3.7248
2024-02-18,24,1.8815,1.8815,5.0
2024-02-18,25,0.4606,0.2184,1.2422
2024-02-18,26,1.0315,0.2536,0.7779
2024-02-18,27,1383.4164,552.9625,830.4538
2024-02-18,28,168.2357,126.8208,391.4149
2024-02-18,29,1819.3569,622.1626,1197.1943
2024-02-18,30,1079.4526,616.9113,462.5413000000001
2024-02-19,1,3.3031,0.8266,2.4764
2024-02-19,2,1.8594,0.7243,1.1351
2024-02-19,3,1.2456,0.65,0.5956
2024-02-19,4,0.8584,0.3784,0.4801
2024-02-19,5,1.126,0.3171,0.8089
2024-02-19,6,1.1612,0.3059,0.8553
2024-02-19,7,0.1267,0.0786,0.5481
2024-02-19,8,41.0,9.5021,31.4979
2024-02-19,9,10.228,4.2214,6.0066
2024-02-19,10,8.4162,3.5525,4.8638
2024-02-19,11,19.2512,11.1003,21.1508
2024-02-19,12,2.1678,0.8267,1.341
2024-02-19,13,1.9243,0.8972,1.0271
2024-02-19,14,19.3554,10.7648,26.5906
2024-02-19,15,7.4502,3.0151,4.4351
2024-02-19,16,8.0461,3.3872,4.659
2024-02-19,17,6.1419,3.1273,3.0147
2024-02-19,18,6.0264,2.7198,3.3065
2024-02-19,19,4.621,2.2718,2.3492
2024-02-19,20,2.8725,1.1629,1.7096
2024-02-19,21,7.155,2.2608,4.8942
2024-02-19,22,4.9404,2.6533,2.2871
2024-02-19,23,3.7248,1.155,2.5698
2024-02-19,24,5.0,1.0963,3.9037
2024-02-19,25,1.2422,0.2473,0.9949
2024-02-19,26,0.7779,0.1614,0.6166
2024-02-19,27,830.4538,455.7306,1074.7232
2024-02-19,28,391.4149,116.7575,274.6574
2024-02-19,29,1819.3569,466.8229,1352.534
2024-02-19,30,570.1541,471.9531,98.20099999999996
2024-02-20,1,2.4764,0.6866,1.7899
2024-02-20,2,1.1351,1.0468,2.0883
2024-02-20,3,0.5956,0.4462,1.6494
2024-02-20,4,0.4801,0.3232,1.1569
2024-02-20,5,0.8089,0.2457,0.5631
2024-02-20,6,0.8553,0.3665,0.4887
2024-02-20,7,0.5481,0.0698,0.4782
2024-02-20,8,31.4979,9.9634,21.5344
2024-02-20,9,6.0066,4.1972,12.8094
2024-02-20,10,4.8638,4.8638,12.0
2024-02-20,11,21.1508,8.8583,12.2925
2024-02-20,12,1.341,1.2623,3.0787
2024-02-20,13,1.0271,0.8865,2.6406
2024-02-20,14,26.5906,11.8071,14.7835
2024-02-20,15,4.4351,3.0093,8.4258
2024-02-20,16,4.659,3.5459,10.113
2024-02-20,17,3.0147,2.7789,7.2358
2024-02-20,18,3.3065,3.2595,7.047
2024-02-20,19,2.3492,1.8235,5.5257
2024-02-20,20,1.7096,0.9852,3.2243
2024-02-20,21,4.8942,4.5905,8.3038
2024-02-20,22,2.2871,1.2494,5.5377
2024-02-20,23,2.5698,1.0612,4.0086
2024-02-20,24,3.9037,0.8881,3.0156
2024-02-20,25,0.9949,0.0,0.9949
2024-02-20,26,0.6166,0.2552,0.3613
2024-02-20,27,1074.7232,455.6254,619.0978
2024-02-20,28,274.6574,97.065,177.5924
2024-02-20,29,1295.4178,512.6688,782.7489999999999
2024-02-20,30,879.8915,512.3515,367.53999999999996
2024-02-21,1,1.7899,0.7919,0.998
2024-02-21,2,2.0883,0.8715,1.2168
2024-02-21,3,1.6494,0.4644,1.185
2024-02-21,4,1.1569,0.4251,0.7318
2024-02-21,5,0.5631,0.2631,0.3
2024-02-21,6,0.4887,0.2674,1.2213
2024-02-21,7,0.4782,0.0603,0.418
2024-02-21,8,21.5344,10.3841,31.1503
2024-02-21,9,12.8094,3.8349,8.9745
2024-02-21,10,12.0,4.3829,7.6171
2024-02-21,11,12.2925,12.2925,22.0
2024-02-21,12,3.0787,0.7158,2.3629
2024-02-21,13,2.6406,1.3344,1.3063
2024-02-21,14,14.7835,9.3356,26.4479
2024-02-21,15,8.4258,2.6542,5.7716
2024-02-21,16,10.113,3.6467,6.4663
2024-02-21,17,7.2358,2.5599,4.6758
2024-02-21,18,7.047,2.6221,4.4249
2024-02-21,19,5.5257,1.2993,4.2264
2024-02-21,20,3.2243,1.1352,2.0891
2024-02-21,21,8.3038,1.7208,6.5829
2024-02-21,22,5.5377,2.0145,3.5233
2024-02-21,23,4.0086,2.274,1.7346
2024-02-21,24,3.0156,1.1629,1.8527
2024-02-21,25,0.9949,0.1792,0.8157
2024-02-21,26,0.3613,0.1406,0.2207
2024-02-21,27,619.0978,416.6031,1102.4946
2024-02-21,28,177.5924,86.7624,290.83
2024-02-21,29,807.1902,450.0664,357.1238
2024-02-21,30,507.3816,444.7497,62.63189999999997
2024-02-22,1,0.998,0.7215,2.2765
2024-02-22,2,1.2168,0.0,1.2168
2024-02-22,3,1.185,0.4009,0.7842
2024-02-22,4,0.7318,0.3741,1.3577
2024-02-22,5,0.3,0.3,1.0
2024-02-22,6,1.2213,0.3012,0.9201
2024-02-22,7,0.418,0.0599,0.358
2024-02-22,8,31.1503,13.1492,18.0012
2024-02-22,9,8.9745,4.4681,13.5064
2024-02-22,10,7.6171,6.3112,12.3059
2024-02-22,11,22.0,0.0,22.0
2024-02-22,12,2.3629,1.0455,1.3174
2024-02-22,13,1.3063,1.0225,2.2837
2024-02-22,14,26.4479,12.0365,14.4114
2024-02-22,15,5.7716,3.1842,8.5875
2024-02-22,16,6.4663,3.6999,10.7664
2024-02-22,17,4.6758,2.3678,7.308
2024-02-22,18,4.4249,2.6156,6.8093
2024-02-22,19,4.2264,1.6255,2.6009
2024-02-22,20,2.0891,0.9929,3.5962
2024-02-22,21,6.5829,1.6142,4.9688
2024-02-22,22,3.5233,1.9397,5.0836
2024-02-22,23,1.7346,1.3394,3.8952
2024-02-22,24,1.8527,1.2372,3.6155
2024-02-22,25,0.8157,0.4606,0.355
2024-02-22,26,0.2207,0.1418,0.5789
2024-02-22,27,1102.4946,389.7095,712.7851
2024-02-22,28,290.83,116.0598,174.7702
2024-02-22,29,1391.4528,448.4424,943.0104
2024-02-22,30,895.8885,440.6808,455.20770000000005
2024-02-23,1,2.2765,1.246,3.5305
2024-02-23,2,1.2168,1.2168,3.5
2024-02-23,3,0.7842,0.7671,2.0171
2024-02-23,4,1.3577,0.4157,0.942
2024-02-23,5,1.0,0.3758,0.6242
2024-02-23,6,0.9201,0.4452,1.4749
2024-02-23,7,0.358,0.1055,0.2525
2024-02-23,8,18.0012,18.0012,50.0
2024-02-23,9,13.5064,7.517,19.9894
2024-02-23,10,12.3059,7.9655,18.3404
2024-02-23,11,22.0,16.3428,35.6572
2024-02-23,12,1.3174,1.3174,4.5
2024-02-23,13,2.2837,1.3689,3.9148
2024-02-23,14,14.4114,12.9184,41.493
2024-02-23,15,8.5875,5.2387,12.3488
2024-02-23,16,10.7664,5.9858,15.7806
2024-02-23,17,7.308,3.9158,10.3922
2024-02-23,18,6.8093,4.1402,10.6691
2024-02-23,19,2.6009,2.6009,8.0
2024-02-23,20,3.5962,1.8371,5.2591
2024-02-23,21,4.9688,4.9688,12.0
2024-02-23,22,5.0836,3.0825,8.0011
2024-02-23,23,3.8952,3.8952,6.0
2024-02-23,24,3.6155,2.8972,5.7184
2024-02-23,25,0.355,0.355,1.5
2024-02-23,26,0.5789,0.2806,1.2984
2024-02-23,27,712.7851,597.192,1665.5931
2024-02-23,28,174.7702,171.2986,453.4716
2024-02-23,29,801.7627,728.6177,73.14499999999998
2024-02-23,30,595.6125,726.3954,0.0
2024-02-24,1,3.5305,0.9386,2.5919
2024-02-24,2,3.5,1.0359,2.4641
2024-02-24,3,2.0171,0.5293,1.4878
2024-02-24,4,0.942,0.6773,0.2647
2024-02-24,5,0.6242,0.2992,0.325
2024-02-24,6,1.4749,0.498,0.9769
2024-02-24,7,0.2525,0.1113,0.1411
2024-02-24,8,50.0,14.8313,35.1687
2024-02-24,9,19.9894,5.005,14.9844
2024-02-24,10,18.3404,4.1474,14.1931
2024-02-24,11,35.6572,9.9305,25.7267
2024-02-24,12,4.5,1.9637,2.5363
2024-02-24,13,3.9148,1.087,2.8278
2024-02-24,14,41.493,13.9296,27.5634
2024-02-24,15,12.3488,4.8019,7.5469
2024-02-24,16,15.7806,5.2018,10.5789
2024-02-24,17,10.3922,3.4535,6.9387
2024-02-24,18,10.6691,3.6877,6.9814
2024-02-24,19,8.0,2.2671,5.7329
2024-02-24,20,5.2591,1.6933,3.5658
2024-02-24,21,12.0,4.2519,7.7481
2024-02-24,22,8.0011,3.2269,4.7742
2024-02-24,23,6.0,2.2672,3.7328
2024-02-24,24,5.7184,2.2824,3.4359
2024-02-24,25,1.5,0.2802,1.2198
2024-02-24,26,1.2984,0.2803,1.0181
2024-02-24,27,1665.5931,428.7801,1236.8129
2024-02-24,28,453.4716,130.6553,322.8163
2024-02-24,29,2100.0,526.0117,1573.9883
2024-02-24,30,1265.0472,525.7657,739.2814999999999
2024-02-25,1,2.5919,1.3781,1.2139
2024-02-25,2,2.4641,0.9478,1.5163
2024-02-25,3,1.4878,0.5868,0.901
2024-02-25,4,0.2647,0.2647,1.5
2024-02-25,5,0.325,0.325,1.0
2024-02-25,6,0.9769,0.4716,0.5053
2024-02-25,7,0.1411,0.1129,0.5283
2024-02-25,8,35.1687,20.9783,43.1904
2024-02-25,9,14.9844,9.2599,17.7245
2024-02-25,10,14.1931,6.1037,8.0894
2024-02-25,11,25.7267,9.251,16.4757
2024-02-25,12,2.5363,1.0948,1.4415
2024-02-25,13,2.8278,1.1317,1.6961
2024-02-25,14,27.5634,15.6144,34.949
2024-02-25,15,7.5469,4.4635,11.0834
2024-02-25,16,10.5789,4.5744,6.0045
2024-02-25,17,6.9387,3.6472,9.2914
2024-02-25,18,6.9814,3.1177,3.8637
2024-02-25,19,5.7329,2.1795,3.5534
2024-02-25,20,3.5658,1.9072,4.6586
2024-02-25,21,7.7481,3.1095,4.6386
2024-02-25,22,4.7742,1.987,2.7872
2024-02-25,23,3.7328,1.9812,5.2516
2024-02-25,24,3.4359,1.3603,2.0757
2024-02-25,25,1.2198,0.1969,1.0229
2024-02-25,26,1.0181,0.2314,0.7867
2024-02-25,27,1236.8129,495.392,741.4209
2024-02-25,28,322.8163,137.7868,185.0295
2024-02-25,29,1462.6389,613.0633,849.5755999999999
2024-02-25,30,1265.0472,612.09,652.9572
2024-02-26,1,1.2139,1.1036,2.6103
2024-02-26,2,1.5163,0.0,1.5163
2024-02-26,3,0.901,0.4644,1.4366
2024-02-26,4,1.5,0.3927,1.1073
2024-02-26,5,1.0,0.338,0.662
2024-02-26,6,0.5053,0.3208,1.1845
2024-02-26,7,0.5283,0.079,0.4492
2024-02-26,8,43.1904,9.7757,33.4147
2024-02-26,9,17.7245,7.4016,10.3229
2024-02-26,10,8.0894,4.7333,12.356
2024-02-26,11,16.4757,7.6682,8.8075
2024-02-26,12,1.4415,0.9721,2.9693
2024-02-26,13,1.6961,0.9407,2.7554
2024-02-26,14,34.949,8.0227,26.9263
2024-02-26,15,11.0834,2.9855,8.098
2024-02-26,16,6.0045,4.2927,10.7117
2024-02-26,17,9.2914,2.316,6.9754
2024-02-26,18,3.8637,3.3627,7.5009
2024-02-26,19,3.5534,2.0206,5.0328
2024-02-26,20,4.6586,0.9514,3.7073
2024-02-26,21,4.6386,2.1634,7.4752
2024-02-26,22,2.7872,2.3041,4.9831
2024-02-26,23,5.2516,1.5971,3.6545
2024-02-26,24,2.0757,1.3205,3.7552
2024-02-26,25,1.0229,0.2576,0.7653
2024-02-26,26,0.7867,0.2094,0.5772
2024-02-26,27,741.4209,443.5359,1097.885
2024-02-26,28,185.0295,112.5293,272.5002
2024-02-26,29,1822.8399,486.6112,1336.2287
2024-02-26,30,768.3158,487.1144,281.2014
2024-02-27,1,2.6103,0.8477,1.7626
2024-02-27,2,1.5163,0.6935,0.8228
2024-02-27,3,1.4366,0.538,0.8986
2024-02-27,4,1.1073,0.4635,0.6438
2024-02-27,5,0.662,0.3086,0.3534
2024-02-27,6,1.1845,0.3102,0.8743
2024-02-27,7,0.4492,0.0482,0.401
2024-02-27,8,33.4147,14.4959,18.9188
2024-02-27,9,10.3229,5.0858,5.237
2024-02-27,10,12.356,4.3406,8.0154
2024-02-27,11,8.8075,8.8075,23.0
2024-02-27,12,2.9693,0.0,2.9693
2024-02-27,13,2.7554,0.7184,2.037
2024-02-27,14,26.9263,10.0045,16.9218
2024-02-27,15,8.098,3.2269,4.8711
2024-02-27,16,10.7117,4.0163,6.6954
2024-02-27,17,6.9754,2.6892,4.2862
2024-02-27,18,7.5009,2.3551,5.1458
2024-02-27,19,5.0328,2.2193,2.8135
2024-02-27,20,3.7073,1.269,2.4383
2024-02-27,21,7.4752,5.8547,7.6205
2024-02-27,22,4.9831,2.0294,2.9538
2024-02-27,23,3.6545,0.7117,2.9427
2024-02-27,24,3.7552,1.0171,2.7381
2024-02-27,25,0.7653,0.3078,0.4575
2024-02-27,26,0.5772,0.2104,0.3669
2024-02-27,27,1097.885,467.3899,630.4951
2024-02-27,28,272.5002,111.9705,160.5298
2024-02-27,29,1287.4275,523.243,764.1845
2024-02-27,30,453.8783,529.5528,0.0
2024-02-28,1,1.7626,0.6299,1.1327
2024-02-28,2,0.8228,0.8228,2.0
2024-02-28,3,0.8986,0.6448,1.7538
2024-02-28,4,0.6438,0.4368,1.207
2024-02-28,5,0.3534,0.302,1.0514
2024-02-28,6,0.8743,0.2201,0.6543
2024-02-28,7,0.401,0.0559,0.3451
2024-02-28,8,18.9188,12.4543,32.4645
2024-02-28,9,5.237,4.3099,13.9271
2024-02-28,10,8.0154,5.1364,11.879
2024-02-28,11,23.0,8.0916,14.9084
2024-02-28,12,2.9693,1.0994,1.8699
2024-02-28,13,2.037,0.99,1.047
2024-02-28,14,16.9218,10.4571,27.4647
2024-02-28,15,4.8711,3.3714,8.4997
2024-02-28,16,6.6954,3.5529,10.1425
2024-02-28,17,4.2862,2.703,7.5833
2024-02-28,18,5.1458,2.6614,7.4844
2024-02-28,19,2.8135,2.6038,5.2097
2024-02-28,20,2.4383,0.901,1.5372
2024-02-28,21,7.6205,3.1835,4.437
2024-02-28,22,2.9538,2.0247,5.429
2024-02-28,23,2.9427,1.3774,1.5653
2024-02-28,24,2.7381,0.7892,1.9489
2024-02-28,25,0.4575,0.1811,0.2763
2024-02-28,26,0.3669,0.1765,0.6903
2024-02-28,27,630.4951,434.3243,1096.1708
2024-02-28,28,160.5298,95.4357,315.094
2024-02-28,29,758.7272,493.8058,264.92140000000006
2024-02-28,30,816.649,495.3646,321.2844
2024-02-29,1,1.1327,1.0454,2.5873
2024-02-29,2,2.0,0.9265,1.0735
2024-02-29,3,1.7538,0.6438,1.11
2024-02-29,4,1.207,0.3086,0.8984
2024-02-29,5,1.0514,0.2359,0.8155
2024-02-29,6,0.6543,0.3546,0.7997
2024-02-29,7,0.3451,0.0629,0.2822
2024-02-29,8,32.4645,12.1319,20.3326
2024-02-29,9,13.9271,6.2288,7.6983
2024-02-29,10,11.879,3.9074,7.9716
2024-02-29,11,14.9084,8.1154,23.793
2024-02-29,12,1.8699,1.1339,2.736
2024-02-29,13,1.047,1.0178,2.5292
2024-02-29,14,27.4647,8.7265,18.7381
2024-02-29,15,8.4997,3.4817,5.018
2024-02-29,16,10.1425,3.6978,6.4447
2024-02-29,17,7.5833,2.6272,4.9561
2024-02-29,18,7.4844,2.8254,4.659
2024-02-29,19,5.2097,1.65,3.5596
2024-02-29,20,1.5372,1.5372,3.5
2024-02-29,21,4.437,2.2254,8.2116
2024-02-29,22,5.429,1.5642,3.8648
2024-02-29,23,1.5653,1.4294,4.1359
2024-02-29,24,1.9489,1.682,4.2669
2024-02-29,25,0.2763,0.2592,1.0171
2024-02-29,26,0.6903,0.2131,0.4773
2024-02-29,27,1096.1708,380.9599,715.2109
2024-02-29,28,315.094,104.4518,210.6422
2024-02-29,29,1370.395,470.5155,899.8795
2024-02-29,30,499.7902,468.9888,30.8014
2024-03-01,1,2.5873,0.9439,1.6434
2024-03-01,2,1.0735,0.9667,2.1068
2024-03-01,3,1.11,0.533,0.577
2024-03-01,4,0.8984,0.4052,0.4932
2024-03-01,5,0.8155,0.2297,0.5859
2024-03-01,6,0.7997,0.3484,0.4513
2024-03-01,7,0.2822,0.0714,0.2108
2024-03-01,8,20.3326,12.2776,32.055
2024-03-01,9,7.6983,5.0734,13.6249
2024-03-01,10,7.9716,6.1991,12.7725
2024-03-01,11,23.793,7.9207,15.8723
2024-03-01,12,2.736,1.1872,1.5488
2024-03-01,13,2.5292,0.9043,1.6249
2024-03-01,14,18.7381,10.8341,26.904
2024-03-01,15,5.018,3.0941,8.9239
2024-03-01,16,6.4447,4.7917,10.653
2024-03-01,17,4.9561,2.7459,7.2101
2024-03-01,18,4.659,2.7547,6.9043
2024-03-01,19,3.5596,1.5495,5.5101
2024-03-01,20,3.5,1.0812,2.4188
2024-03-01,21,8.2116,3.2744,4.9372
2024-03-01,22,3.8648,1.8781,5.4867
2024-03-01,23,4.1359,1.0849,3.0511
2024-03-01,24,4.2669,1.5698,2.6971
2024-03-01,25,1.0171,0.1855,0.8317
2024-03-01,26,0.4773,0.3454,0.6319
2024-03-01,27,715.2109,447.9587,1067.2522
2024-03-01,28,210.6422,105.7852,304.857
2024-03-01,29,862.9468,502.6788,360.26800000000003
2024-03-01,30,808.3955,500.4176,307.9779
2024-03-02,1,1.6434,1.2999,3.3435
2024-03-02,2,2.1068,0.7455,1.3613
2024-03-02,3,0.577,0.5744,2.0025
2024-03-02,4,0.4932,0.4932,1.5
2024-03-02,5,0.5859,0.2677,1.3181
2024-03-02,6,0.4513,0.3674,1.0839
2024-03-02,7,0.2108,0.1257,0.5851
2024-03-02,8,32.055,14.8816,17.1734
2024-03-02,9,13.6249,5.2342,8.3907
2024-03-02,10,12.7725,4.8102,7.9623
2024-03-02,11,15.8723,15.8723,30.0
2024-03-02,12,1.5488,1.3693,3.6795
2024-03-02,13,1.6249,0.9955,3.1294
2024-03-02,14,26.904,14.3226,34.5814
2024-03-02,15,8.9239,3.6613,5.2626
2024-03-02,16,10.653,3.9876,6.6654
2024-03-02,17,7.2101,0.0,7.2101
2024-03-02,18,6.9043,3.3532,3.5511
2024-03-02,19,5.5101,2.0597,3.4504
2024-03-02,20,2.4188,2.4188,4.5
2024-03-02,21,4.9372,4.7917,10.1455
2024-03-02,22,5.4867,3.5675,6.9192
2024-03-02,23,3.0511,0.0,3.0511
2024-03-02,24,2.6971,2.6971,5.0
2024-03-02,25,0.8317,0.3293,0.5024
2024-03-02,26,0.6319,0.2922,0.3397
2024-03-02,27,1067.2522,481.6817,585.5705
2024-03-02,28,304.857,155.6823,149.1746
2024-03-02,29,862.9468,587.3854,275.56140000000005
2024-03-02,30,497.7036,593.7964,0.0
2024-03-03,1,3.3435,1.0705,2.273
2024-03-03,2,1.3613,1.3099,2.5514
2024-03-03,3,2.0025,0.766,1.2365
2024-03-03,4,1.5,0.3843,1.1157
2024-03-03,5,1.3181,0.3984,0.9197
2024-03-03,6,1.0839,0.3627,0.7212
2024-03-03,7,0.5851,0.0565,0.5286
2024-03-03,8,17.1734,14.3815,40.7919
2024-03-03,9,8.3907,5.5926,16.7981
2024-03-03,10,7.9623,6.7196,16.2427
2024-03-03,11,30.0,16.5201,13.4799
2024-03-03,12,3.6795,1.1874,2.4921
2024-03-03,13,3.1294,1.4886,1.6408
2024-03-03,14,34.5814,13.6571,20.9243
2024-03-03,15,5.2626,3.8994,10.3631
2024-03-03,16,6.6654,6.6654,13.0
2024-03-03,17,7.2101,4.2222,8.988
2024-03-03,18,3.5511,3.5511,9.0
2024-03-03,19,3.4504,2.808,6.6423
2024-03-03,20,4.5,1.6477,2.8523
2024-03-03,21,10.1455,5.1023,5.0432
2024-03-03,22,6.9192,2.6042,4.315
2024-03-03,23,3.0511,1.0607,1.9904
2024-03-03,24,5.0,1.1182,3.8818
2024-03-03,25,0.5024,0.5024,1.0
2024-03-03,26,0.3397,0.2898,1.0499
2024-03-03,27,585.5705,545.0103,1390.5602
2024-03-03,28,149.1746,149.1746,350.0
2024-03-03,29,1742.4936,608.116,1134.3776
2024-03-03,30,1093.5284,606.14,487.38839999999993
2024-03-04,1,2.273,0.7025,1.5705
2024-03-04,2,2.5514,0.8667,1.6847
2024-03-04,3,1.2365,0.5197,0.7168
2024-03-04,4,1.1157,0.3126,0.8032
2024-03-04,5,0.9197,0.2425,0.6772
2024-03-04,6,0.7212,0.359,0.3621
2024-03-04,7,0.5286,0.0,0.5286
2024-03-04,8,40.7919,9.4915,31.3005
2024-03-04,9,16.7981,4.0911,12.707
2024-03-04,10,16.2427,6.0692,10.1736
2024-03-04,11,13.4799,9.4561,22.0238
2024-03-04,12,2.4921,1.2329,1.2592
2024-03-04,13,1.6408,0.0,1.6408
2024-03-04,14,20.9243,10.8472,27.0771
2024-03-04,15,10.3631,2.6697,7.6935
2024-03-04,16,13.0,3.1643,9.8357
2024-03-04,17,8.988,3.665,5.323
2024-03-04,18,9.0,2.7977,6.2023
2024-03-04,19,6.6423,2.205,4.4373
2024-03-04,20,2.8523,1.1911,1.6612
2024-03-04,21,5.0432,2.4464,7.5968
2024-03-04,22,4.315,2.3778,5.4372
2024-03-04,23,1.9904,1.8849,4.1055
2024-03-04,24,3.8818,1.1866,2.6951
2024-03-04,25,1.0,0.1486,0.8514
2024-03-04,26,1.0499,0.124,0.9259
2024-03-04,27,1390.5602,418.1841,972.3761
2024-03-04,28,350.0,124.4827,225.5173
2024-03-04,29,1096.497,478.693,617.8040000000001
2024-03-04,30,663.6486,480.2898,183.35879999999997
2024-03-05,1,1.5705,0.8395,2.731
2024-03-05,2,1.6847,1.0524,2.1323
2024-03-05,3,0.7168,0.4949,1.7219
2024-03-05,4,0.8032,0.5155,1.2877
2024-03-05,5,0.6772,0.2542,0.423
2024-03-05,6,0.3621,0.2582,1.1039
2024-03-05,7,0.5286,0.0484,0.4802
2024-03-05,8,31.3005,11.0551,20.2454
2024-03-05,9,12.707,4.6752,8.0318
2024-03-05,10,10.1736,4.9268,5.2467
2024-03-05,11,22.0238,8.9837,13.0402
2024-03-05,12,1.2592,0.9377,2.8216
2024-03-05,13,1.6408,0.9278,2.713
2024-03-05,14,27.0771,9.8325,17.2446
2024-03-05,15,7.6935,3.418,4.2754
2024-03-05,16,9.8357,4.5282,5.3075
2024-03-05,17,5.323,2.7159,7.6071
2024-03-05,18,6.2023,2.4873,3.715
2024-03-05,19,4.4373,2.3008,2.1365
2024-03-05,20,1.6612,1.6612,3.5
2024-03-05,21,7.5968,3.6622,3.9347
2024-03-05,22,5.4372,2.1283,3.3089
2024-03-05,23,4.1055,1.1356,2.9699
2024-03-05,24,2.6951,0.0,2.6951
2024-03-05,25,0.8514,0.1497,0.7017
2024-03-05,26,0.9259,0.3087,0.6171
2024-03-05,27,972.3761,451.5668,520.8093
2024-03-05,28,225.5173,86.5468,138.9705
2024-03-05,29,1417.1115,444.4484,972.6631
2024-03-05,30,364.2702,445.1438,0.0
2024-03-06,1,2.731,0.9906,1.7404
2024-03-06,2,2.1323,0.8718,1.2605
2024-03-06,3,1.7219,0.5355,1.1864
2024-03-06,4,1.2877,0.4767,0.811
2024-03-06,5,0.423,0.2188,0.7042
2024-03-06,6,1.1039,0.3038,0.8002
2024-03-06,7,0.4802,0.0522,0.428
2024-03-06,8,20.2454,13.9177,34.3277
2024-03-06,9,8.0318,4.8383,14.1935
2024-03-06,10,5.2467,4.4168,12.83
2024-03-06,11,13.0402,11.5549,24.4852
2024-03-06,12,2.8216,1.2684,1.5532
2024-03-06,13,2.713,0.8097,1.9033
2024-03-06,14,17.2446,9.7882,27.4564
2024-03-06,15,4.2754,2.8962,8.3793
2024-03-06,16,5.3075,4.8373,10.4702
2024-03-06,17,7.6071,2.5536,5.0536
2024-03-06,18,3.715,0.0,3.715
2024-03-06,19,2.1365,1.495,5.6415
2024-03-06,20,3.5,1.7955,1.7045
2024-03-06,21,3.9347,3.5011,8.4336
2024-03-06,22,3.3089,2.4072,5.9017
2024-03-06,23,2.9699,1.2945,1.6754
2024-03-06,24,2.6951,1.3148,1.3803
2024-03-06,25,0.7017,0.3223,0.3794
2024-03-06,26,0.6171,0.246,0.3711
2024-03-06,27,520.8093,403.13,1067.6793
2024-03-06,28,138.9705,126.1658,312.8047
2024-03-06,29,897.5994,533.4671,364.1323
2024-03-06,30,873.1808,537.033,336.14779999999996
2024-03-07,1,1.7404,0.705,1.0353
2024-03-07,2,1.2605,0.9521,2.3084
2024-03-07,3,1.1864,0.3596,0.8268
2024-03-07,4,0.811,0.3075,0.5035
2024-03-07,5,0.7042,0.2355,0.4687
2024-03-07,6,0.8002,0.3431,0.4571
2024-03-07,7,0.428,0.0586,0.3694
2024-03-07,8,34.3277,13.1232,21.2045
2024-03-07,9,14.1935,6.6308,7.5626
2024-03-07,10,12.83,5.0563,7.7736
2024-03-07,11,24.4852,8.6599,15.8254
2024-03-07,12,1.5532,1.1319,2.9213
2024-03-07,13,1.9033,0.8845,1.0188
2024-03-07,14,27.4564,11.8195,15.6369
2024-03-07,15,8.3793,3.0039,5.3754
2024-03-07,16,10.4702,4.2236,6.2466
2024-03-07,17,5.0536,2.7444,7.3091
2024-03-07,18,3.715,2.2004,7.5146
2024-03-07,19,5.6415,1.9506,3.6909
2024-03-07,20,1.7045,1.5155,3.6891
2024-03-07,21,8.4336,3.6708,4.7628
2024-03-07,22,5.9017,1.6785,4.2232
2024-03-07,23,1.6754,1.4648,4.2106
2024-03-07,24,1.3803,1.3803,4.0
2024-03-07,25,0.3794,0.2012,0.6782
2024-03-07,26,0.3711,0.2263,0.6448
2024-03-07,27,1067.6793,0.0,1067.6793
2024-03-07,28,312.8047,119.4407,193.364
2024-03-07,29,1354.2131,112.0919,1242.1212
2024-03-07,30,532.9602,112.6599,420.3003
2024-03-08,1,1.0353,1.0353,4.0
2024-03-08,2,2.3084,1.207,3.1014
2024-03-08,3,0.8268,0.7947,2.5321
2024-03-08,4,0.5035,0.5035,2.0
2024-03-08,5,0.4687,0.4685,1.5001
2024-03-08,6,0.4571,0.4475,1.5096
2024-03-08,7,0.3694,0.108,0.2614
2024-03-08,8,21.2045,18.0506,52.154
2024-03-08,9,7.5626,7.5626,21.0
2024-03-08,10,7.7736,6.6232,19.1504
2024-03-08,11,15.8254,13.9003,36.9251
2024-03-08,12,2.9213,1.5056,4.4158
2024-03-08,13,1.0188,1.0188,4.0
2024-03-08,14,15.6369,15.6369,42.0
2024-03-08,15,5.3754,4.2624,13.113
2024-03-08,16,6.2466,6.2466,16.0
2024-03-08,17,7.3091,3.7921,10.517
2024-03-08,18,7.5146,4.2638,11.2508
2024-03-08,19,3.6909,2.7133,8.4775
2024-03-08,20,3.6891,2.9919,5.1972
2024-03-08,21,4.7628,4.6772,13.0856
2024-03-08,22,4.2232,4.2232,8.5
2024-03-08,23,4.2106,3.3458,6.3648
2024-03-08,24,4.0,2.3942,5.6058
2024-03-08,25,0.6782,0.4248,1.2534
2024-03-08,26,0.6448,0.2786,0.3661
2024-03-08,27,1067.6793,0.0,1067.6793
2024-03-08,28,193.364,175.4962,417.8678
2024-03-08,29,866.8273,175.9791,690.8482
2024-03-08,30,870.0267,176.0295,693.9972
2024-03-09,1,4.0,1.0446,2.9554
2024-03-09,2,3.1014,1.0856,2.0158
2024-03-09,3,2.5321,0.7377,1.7945
2024-03-09,4,2.0,0.6651,1.3349
2024-03-09,5,1.5001,0.4368,1.0633
2024-03-09,6,1.5096,0.3665,1.143
2024-03-09,7,0.2614,0.109,0.1524
2024-03-09,8,52.154,16.7054,35.4485
2024-03-09,9,21.0,6.0357,14.9643
2024-03-09,10,19.1504,8.0213,11.1291
2024-03-09,11,36.9251,10.6518,26.2733
2024-03-09,12,4.4158,1.1829,3.2329
2024-03-09,13,4.0,1.2769,2.7231
2024-03-09,14,42.0,13.8433,28.1567
2024-03-09,15,13.113,3.2377,9.8753
2024-03-09,16,16.0,5.3442,10.6558
2024-03-09,17,10.517,3.5878,6.9292
2024-03-09,18,11.2508,3.3449,7.9059
2024-03-09,19,8.4775,3.5244,4.9531
2024-03-09,20,5.1972,2.0294,3.1678
2024-03-09,21,13.0856,5.8443,7.2412
2024-03-09,22,8.5,1.9013,6.5987
2024-03-09,23,6.3648,2.3429,4.022
2024-03-09,24,5.6058,1.9392,3.6666
2024-03-09,25,1.2534,0.2946,0.9588
2024-03-09,26,0.3661,0.2068,1.1594
2024-03-09,27,1067.6793,605.2846,1412.3947
2024-03-09,28,417.8678,137.1002,280.7676
2024-03-09,29,2149.3828,661.3003,1488.0825
2024-03-09,30,1267.2292,666.1636,601.0656
2024-03-10,1,2.9554,1.1638,1.7916
2024-03-10,2,2.0158,1.2787,2.7372
2024-03-10,3,1.7945,0.5536,1.2408
2024-03-10,4,1.3349,0.5429,0.7919
2024-03-10,5,1.0633,0.2699,0.7935
2024-03-10,6,1.143,0.4279,0.7151
2024-03-10,7,0.1524,0.102,0.5504
2024-03-10,8,35.4485,17.9835,17.465
2024-03-10,9,14.9643,6.9294,8.0349
2024-03-10,10,11.1291,6.9118,16.2173
2024-03-10,11,26.2733,15.265,30.0084
2024-03-10,12,3.2329,1.255,1.9778
2024-03-10,13,2.7231,1.2592,1.4639
2024-03-10,14,28.1567,14.2694,13.8873
2024-03-10,15,9.8753,5.1715,4.7038
2024-03-10,16,10.6558,3.6302,7.0256
2024-03-10,17,6.9292,4.0758,8.8534
2024-03-10,18,7.9059,3.6229,4.283
2024-03-10,19,4.9531,2.9109,7.0422
2024-03-10,20,3.1678,2.162,4.5058
2024-03-10,21,7.2412,3.6446,10.5966
2024-03-10,22,6.5987,3.0674,3.5313
2024-03-10,23,4.022,1.6607,2.3613
2024-03-10,24,3.6666,1.1955,2.4711
2024-03-10,25,0.9588,0.3977,0.5611
2024-03-10,26,1.1594,0.1897,0.9697
2024-03-10,27,1412.3947,536.4753,875.9194
2024-03-10,28,280.7676,121.6188,159.1489
2024-03-10,29,1336.6546,605.7648,730.8898
2024-03-10,30,785.7929,598.4465,187.34640000000002
2024-03-11,1,1.7916,0.7385,1.0531
2024-03-11,2,2.7372,0.8228,1.9143
2024-03-11,3,1.2408,0.5736,0.6673
2024-03-11,4,0.7919,0.387,0.4049
2024-03-11,5,0.7935,0.2931,0.5004
2024-03-11,6,0.7151,0.3448,0.3703
2024-03-11,7,0.5504,0.1109,0.4395
2024-03-11,8,17.465,9.2582,33.2069
2024-03-11,9,8.0349,6.5259,13.509
2024-03-11,10,16.2173,5.6232,10.5942
2024-03-11,11,30.0084,8.8108,21.1976
2024-03-11,12,1.9778,1.2998,2.678
2024-03-11,13,1.4639,1.0934,2.3706
2024-03-11,14,13.8873,12.792,27.0953
2024-03-11,15,4.7038,2.8018,8.902
2024-03-11,16,7.0256,3.5345,10.491
2024-03-11,17,8.8534,2.2678,6.5856
2024-03-11,18,4.283,2.301,6.982
2024-03-11,19,7.0422,2.1785,4.8636
2024-03-11,20,4.5058,1.7005,2.8054
2024-03-11,21,10.5966,2.8386,7.758
2024-03-11,22,3.5313,1.216,2.3153
2024-03-11,23,2.3613,0.9072,4.4541
2024-03-11,24,2.4711,1.6937,3.7773
2024-03-11,25,0.5611,0.1651,0.396
2024-03-11,26,0.9697,0.1486,0.8211
2024-03-11,27,875.9194,470.9969,1104.9225
2024-03-11,28,159.1489,101.4198,307.7291
2024-03-11,29,746.6507,561.802,184.8487
2024-03-11,30,1101.4224,558.3426,543.0798
2024-03-12,1,1.0531,0.7909,2.7622
2024-03-12,2,1.9143,0.731,1.1833
2024-03-12,3,0.6673,0.6673,1.5
2024-03-12,4,0.4049,0.3679,1.037
2024-03-12,5,0.5004,0.2348,0.7656
2024-03-12,6,0.3703,0.3703,1.0
2024-03-12,7,0.4395,0.0,0.4395
2024-03-12,8,33.2069,9.0731,24.1338
2024-03-12,9,13.509,5.326,8.1829
2024-03-12,10,10.5942,5.6756,4.9185
2024-03-12,11,21.1976,11.9805,24.2171
2024-03-12,12,2.678,1.0715,1.6065
2024-03-12,13,2.3706,0.8093,1.5613
2024-03-12,14,27.0953,9.3468,17.7485
2024-03-12,15,8.902,2.9005,6.0015
2024-03-12,16,10.491,4.6937,5.7973
2024-03-12,17,6.5856,2.9268,3.6589
2024-03-12,18,6.982,2.4142,4.5678
2024-03-12,19,4.8636,2.4618,2.4018
2024-03-12,20,2.8054,1.6079,3.6975
2024-03-12,21,7.758,4.3409,3.4171
2024-03-12,22,2.3153,2.3153,6.0
2024-03-12,23,4.4541,1.6432,2.8109
2024-03-12,24,3.7773,1.483,2.2943
2024-03-12,25,0.396,0.2649,1.1311
2024-03-12,26,0.8211,0.0,0.8211
2024-03-12,27,1104.9225,466.3635,638.559
2024-03-12,28,307.7291,119.3603,188.3687
2024-03-12,29,1417.7469,599.8498,817.8971000000001
2024-03-12,30,772.8814,601.0889,171.79250000000002
2024-03-13,1,2.7622,0.9003,1.8619
2024-03-13,2,1.1833,0.7773,2.406
2024-03-13,3,1.5,0.4831,1.0169
2024-03-13,4,1.037,0.443,0.594
2024-03-13,5,0.7656,0.2678,0.4978
2024-03-13,6,1.0,0.384,0.616
2024-03-13,7,0.4395,0.0878,0.3516
2024-03-13,8,24.1338,15.2658,32.868
2024-03-13,9,8.1829,5.4441,13.7388
2024-03-13,10,4.9185,4.606,12.3125
2024-03-13,11,24.2171,11.3216,12.8955
2024-03-13,12,1.6065,1.0083,3.0982
2024-03-13,13,1.5613,0.8245,2.7368
2024-03-13,14,17.7485,7.7445,27.004
2024-03-13,15,6.0015,3.1555,8.846
2024-03-13,16,5.7973,3.4099,10.3874
2024-03-13,17,3.6589,2.6325,7.0264
2024-03-13,18,4.5678,2.3481,7.2197
2024-03-13,19,2.4018,2.4018,5.5
2024-03-13,20,3.6975,0.944,2.7534
2024-03-13,21,3.4171,2.0221,8.3949
2024-03-13,22,6.0,1.2547,4.7453
2024-03-13,23,2.8109,1.2985,4.0124
2024-03-13,24,2.2943,0.9999,3.2944
2024-03-13,25,1.1311,0.3468,0.7843
2024-03-13,26,0.8211,0.2382,0.5829
2024-03-13,27,638.559,357.9963,1080.5627
2024-03-13,28,188.3687,117.0816,271.2871
2024-03-13,29,905.0166,431.1991,473.81750000000005
2024-03-13,30,487.4042,437.6628,49.7414
2024-03-14,1,1.8619,0.7331,1.1288
2024-03-14,2,2.406,0.68,1.7261
2024-03-14,3,1.0169,0.5847,1.4322
2024-03-14,4,0.594,0.3952,1.1988
2024-03-14,5,0.4978,0.2464,0.7514
2024-03-14,6,0.616,0.3085,1.3075
2024-03-14,7,0.3516,0.0477,0.3039
2024-03-14,8,32.868,13.2421,19.6259
2024-03-14,9,13.7388,6.4815,7.2573
2024-03-14,10,12.3125,3.6801,8.6324
2024-03-14,11,12.8955,8.5849,24.3105
2024-03-14,12,3.0982,0.8899,2.2083
2024-03-14,13,2.7368,0.0,2.7368
2024-03-14,14,27.004,11.1266,15.8774
2024-03-14,15,8.846,3.0114,5.8346
2024-03-14,16,10.3874,3.6169,6.7705
2024-03-14,17,7.0264,2.5238,4.5025
2024-03-14,18,7.2197,2.292,4.9277
2024-03-14,19,5.5,0.0,5.5
2024-03-14,20,2.7534,0.9207,1.8328
2024-03-14,21,8.3949,3.2705,5.1244
2024-03-14,22,4.7453,2.1727,2.5726
2024-03-14,23,4.0124,1.579,2.4334
2024-03-14,24,3.2944,1.0496,2.2448
2024-03-14,25,0.7843,0.2018,0.5825
2024-03-14,26,0.5829,0.1196,0.4633
2024-03-14,27,1080.5627,434.8934,645.6693
2024-03-14,28,271.2871,105.5993,165.6878
2024-03-14,29,1403.7746,533.9427,869.8319
2024-03-14,30,874.9117,530.6239,344.28779999999995
2024-03-15,1,1.1288,1.0589,2.5698
2024-03-15,2,1.7261,0.811,0.9151
2024-03-15,3,1.4322,0.4546,0.9776
2024-03-15,4,1.1988,0.2814,0.9174
2024-03-15,5,0.7514,0.2548,0.4966
2024-03-15,6,1.3075,0.353,0.9544
2024-03-15,7,0.3039,0.0732,0.2307
2024-03-15,8,19.6259,12.0915,30.5344
2024-03-15,9,7.2573,4.0403,13.2171
2024-03-15,10,8.6324,3.399,5.2334
2024-03-15,11,24.3105,8.0676,16.2429
2024-03-15,12,2.2083,1.8319,2.8764
2024-03-15,13,2.7368,0.6381,2.0987
2024-03-15,14,15.8774,12.7121,27.1653
2024-03-15,15,5.8346,3.1406,8.6939
2024-03-15,16,6.7705,4.205,10.5655
2024-03-15,17,4.5025,2.9357,7.5669
2024-03-15,18,4.9277,2.6015,7.3261
2024-03-15,19,5.5,2.1159,3.3841
2024-03-15,20,1.8328,0.0,1.8328
2024-03-15,21,5.1244,2.7771,7.3473
2024-03-15,22,2.5726,2.1269,4.9457
2024-03-15,23,2.4334,1.0594,3.874
2024-03-15,24,2.2448,1.1995,4.0452
2024-03-15,25,0.5825,0.1576,0.4249
2024-03-15,26,0.4633,0.1992,0.2641
2024-03-15,27,645.6693,373.2669,1072.4024
2024-03-15,28,165.6878,115.334,300.3539
2024-03-15,29,912.2774,417.755,494.52239999999995
2024-03-15,30,547.459,413.8056,133.65339999999992
2024-03-16,1,2.5698,1.4253,3.1446
2024-03-16,2,0.9151,0.9151,3.0
2024-03-16,3,0.9776,0.5184,1.9592
2024-03-16,4,0.9174,0.0,0.9174
2024-03-16,5,0.4966,0.2814,1.2151
2024-03-16,6,0.9544,0.2593,0.6951
2024-03-16,7,0.2307,0.0987,0.132
2024-03-16,8,30.5344,20.8461,44.6883
2024-03-16,9,13.2171,7.3836,17.8335
2024-03-16,10,5.2334,5.2334,16.0
2024-03-16,11,16.2429,16.2429,31.0
2024-03-16,12,2.8764,1.3833,1.4931
2024-03-16,13,2.0987,1.5063,3.0925
2024-03-16,14,27.1653,15.6642,35.5012
2024-03-16,15,8.6939,4.35,4.3439
2024-03-16,16,10.5655,5.908,13.6575
2024-03-16,17,7.5669,3.1033,4.4635
2024-03-16,18,7.3261,4.3102,9.016
2024-03-16,19,3.3841,3.0235,7.3606
2024-03-16,20,1.8328,1.7193,4.6135
2024-03-16,21,7.3473,3.0587,4.2886
2024-03-16,22,4.9457,2.6117,7.334
2024-03-16,23,3.874,1.7673,5.6067
2024-03-16,24,4.0452,1.3619,2.6834
2024-03-16,25,0.4249,0.3421,1.0828
2024-03-16,26,0.2641,0.2397,1.0244
2024-03-16,27,1072.4024,562.2334,1410.169
2024-03-16,28,300.3539,143.3024,157.0514
2024-03-16,29,1392.2748,717.7964,674.4784
2024-03-16,30,837.0154,720.2339,116.78150000000005
2024-03-17,1,3.1446,1.083,2.0615
2024-03-17,2,3.0,1.3536,1.6464
2024-03-17,3,1.9592,0.6098,1.3494
2024-03-17,4,0.9174,0.5865,1.3309
2024-03-17,5,1.2151,0.3576,0.8575
2024-03-17,6,0.6951,0.2907,1.4044
2024-03-17,7,0.132,0.0731,0.5589
2024-03-17,8,44.6883,17.065,27.6233
2024-03-17,9,17.8335,6.0997,11.7338
2024-03-17,10,16.0,5.74,10.26
2024-03-17,11,31.0,14.7781,16.2219
2024-03-17,12,1.4931,1.2236,3.7695
2024-03-17,13,3.0925,0.8607,2.2317
2024-03-17,14,35.5012,0.0,35.5012
2024-03-17,15,4.3439,3.1834,11.1605
2024-03-17,16,13.6575,4.9688,8.6887
2024-03-17,17,4.4635,3.1335,9.3301
2024-03-17,18,9.016,2.8888,6.1272
2024-03-17,19,7.3606,3.5946,3.766
2024-03-17,20,4.6135,0.0,4.6135
2024-03-17,21,4.2886,2.8284,10.4602
2024-03-17,22,7.334,2.6162,4.7178
2024-03-17,23,5.6067,1.5441,4.0626
2024-03-17,24,2.6834,1.4795,5.2039
2024-03-17,25,1.0828,0.2513,0.8315
2024-03-17,26,1.0244,0.2139,0.8105
2024-03-17,27,1410.169,612.3239,797.8451
2024-03-17,28,157.0514,157.0514,350.0
2024-03-17,29,1760.4881,762.3815,998.1066000000001
2024-03-17,30,1102.154,756.5068,345.6472
2024-03-18,1,2.0615,0.6883,1.3733
2024-03-18,2,1.6464,0.7493,0.8971
2024-03-18,3,1.3494,0.4986,0.8509
2024-03-18,4,1.3309,0.3235,1.0074
2024-03-18,5,0.8575,0.2744,0.5832
2024-03-18,6,1.4044,0.3912,1.0132
2024-03-18,7,0.5589,0.0472,0.5118
2024-03-18,8,27.6233,15.3111,33.3122
2024-03-18,9,11.7338,4.7616,6.9722
2024-03-18,10,10.26,5.9507,12.3092
2024-03-18,11,16.2219,8.7004,23.5216
2024-03-18,12,3.7695,0.9939,2.7757
2024-03-18,13,2.2317,0.8237,1.408
2024-03-18,14,35.5012,10.8113,24.6899
2024-03-18,15,11.1605,3.2218,7.9387
2024-03-18,16,8.6887,3.9614,4.7273
2024-03-18,17,9.3301,2.6109,6.7192
2024-03-18,18,6.1272,2.3607,3.7666
2024-03-18,19,3.766,2.3397,5.4263
2024-03-18,20,4.6135,1.4418,3.1717
2024-03-18,21,10.4602,2.8531,7.6071
2024-03-18,22,4.7178,1.3693,3.3484
2024-03-18,23,4.0626,1.1701,2.8925
2024-03-18,24,5.2039,1.5581,3.6458
2024-03-18,25,0.8315,0.179,0.6525
2024-03-18,26,0.8105,0.2162,0.5942
2024-03-18,27,797.8451,442.7124,1105.1327
2024-03-18,28,350.0,101.8053,248.1947
2024-03-18,29,1165.429,522.0585,643.3705000000001
2024-03-18,30,650.2928,527.0029,123.2899000000001
2024-03-19,1,1.3733,0.6496,0.7237
2024-03-19,2,0.8971,0.6166,0.2805
2024-03-19,3,0.8509,0.5566,0.2943
2024-03-19,4,1.0074,0.3737,0.6337
2024-03-19,5,0.5832,0.2333,0.3499
2024-03-19,6,1.0132,0.3145,0.6987
2024-03-19,7,0.5118,0.0515,0.4603
2024-03-19,8,33.3122,12.3155,20.9967
2024-03-19,9,6.9722,0.0,6.9722
2024-03-19,10,12.3092,5.8449,6.4644
2024-03-19,11,23.5216,9.3351,14.1865
2024-03-19,12,2.7757,1.0001,1.7756
2024-03-19,13,1.408,0.7315,0.6766
2024-03-19,14,24.6899,10.2921,14.3978
2024-03-19,15,7.9387,3.2705,4.6682
2024-03-19,16,4.7273,3.7329,0.9944
2024-03-19,17,6.7192,2.7539,3.9653
2024-03-19,18,3.7666,2.6612,1.1053
2024-03-19,19,5.4263,3.3675,2.0588
2024-03-19,20,3.1717,0.0,3.1717
2024-03-19,21,7.6071,2.751,4.8561
2024-03-19,22,3.3484,2.711,0.6374
2024-03-19,23,2.8925,1.3251,1.5673
2024-03-19,24,3.6458,1.402,2.2439
2024-03-19,25,0.6525,0.1876,0.4649
2024-03-19,26,0.5942,0.3141,0.2801
2024-03-19,27,1105.1327,410.7203,694.4124
2024-03-19,28,248.1947,98.9614,149.2334
2024-03-19,29,629.1637,501.9257,127.23799999999994
2024-03-19,30,803.3651,507.4425,295.9226
2024-03-20,1,0.7237,0.7221,2.5016
2024-03-20,2,0.2805,0.2805,2.0
2024-03-20,3,0.2943,0.2943,1.5
2024-03-20,4,0.6337,0.4035,1.2302
2024-03-20,5,0.3499,0.279,1.0709
2024-03-20,6,0.6987,0.238,0.4607
2024-03-20,7,0.4603,0.0745,0.3858
2024-03-20,8,20.9967,13.525,31.4717
2024-03-20,9,6.9722,6.2536,12.7186
2024-03-20,10,6.4644,2.9949,12.4695
2024-03-20,11,14.1865,6.4287,22.7578
2024-03-20,12,1.7756,0.8937,2.8819
2024-03-20,13,0.6766,0.6766,2.5
2024-03-20,14,14.3978,11.9458,27.452
2024-03-20,15,4.6682,3.4616,8.2066
2024-03-20,16,0.9944,0.9944,10.0
2024-03-20,17,3.9653,3.1334,6.8318
2024-03-20,18,1.1053,1.1053,7.0
2024-03-20,19,2.0588,1.0191,5.5397
2024-03-20,20,3.1717,1.5166,1.6551
2024-03-20,21,4.8561,4.8561,8.0
2024-03-20,22,0.6374,0.6374,5.5
2024-03-20,23,1.5673,1.2517,3.8156
2024-03-20,24,2.2439,1.7152,3.5287
2024-03-20,25,0.4649,0.3224,1.1425
2024-03-20,26,0.2801,0.2299,0.5502
2024-03-20,27,694.4124,379.4169,1114.9955
2024-03-20,28,149.2334,102.8472,296.3862
2024-03-20,29,66.5245,428.2815,0.0
2024-03-20,30,500.1909,432.6698,67.52109999999999
2024-03-21,1,2.5016,1.0292,1.4724
2024-03-21,2,2.0,1.0112,0.9888
2024-03-21,3,1.5,0.637,0.863
2024-03-21,4,1.2302,0.446,0.7841
2024-03-21,5,1.0709,0.3405,0.7304
2024-03-21,6,0.4607,0.3187,1.1421
2024-03-21,7,0.3858,0.0716,0.3142
2024-03-21,8,31.4717,0.0,31.4717
2024-03-21,9,12.7186,4.21,8.5086
2024-03-21,10,12.4695,6.6985,5.771
2024-03-21,11,22.7578,10.508,12.2498
2024-03-21,12,2.8819,1.0133,1.8686
2024-03-21,13,2.5,0.7449,1.7551
2024-03-21,14,27.452,10.5513,16.9008
2024-03-21,15,8.2066,4.1404,4.0662
2024-03-21,16,10.0,3.7054,6.2946
2024-03-21,17,6.8318,2.5738,4.258
2024-03-21,18,7.0,2.3944,4.6056
2024-03-21,19,5.5397,1.5542,3.9855
2024-03-21,20,1.6551,1.5211,3.634
2024-03-21,21,8.0,1.9343,6.0657
2024-03-21,22,5.5,2.6402,2.8598
2024-03-21,23,3.8156,1.9913,1.8243
2024-03-21,24,3.5287,1.4094,2.1194
2024-03-21,25,1.1425,0.2457,0.8968
2024-03-21,26,0.5502,0.2131,0.3371
2024-03-21,27,1114.9955,361.3378,753.6577
2024-03-21,28,296.3862,113.1368,183.2494
2024-03-21,29,1400.0,468.1575,931.8425
2024-03-21,30,855.6296,461.2211,394.4085
2024-03-22,1,1.4724,1.0127,2.4598
2024-03-22,2,0.9888,0.9888,2.5
2024-03-22,3,0.863,0.5033,1.8597
2024-03-22,4,0.7841,0.3791,1.405
2024-03-22,5,0.7304,0.266,0.4644
2024-03-22,6,1.1421,0.3863,0.7558
2024-03-22,7,0.3142,0.0649,0.2493
2024-03-22,8,31.4717,13.9811,17.4905
2024-03-22,9,8.5086,6.8965,14.6121
2024-03-22,10,5.771,4.355,12.416
2024-03-22,11,12.2498,7.6254,24.6244
2024-03-22,12,1.8686,1.0163,2.8523
2024-03-22,13,1.7551,0.5357,1.2194
2024-03-22,14,16.9008,10.0899,27.8109
2024-03-22,15,4.0662,3.5525,8.5137
2024-03-22,16,6.2946,3.1913,11.1033
2024-03-22,17,4.258,3.1755,7.0825
2024-03-22,18,4.6056,2.5289,7.0767
2024-03-22,19,3.9855,1.5696,2.4159
2024-03-22,20,3.634,1.5482,2.0859
2024-03-22,21,6.0657,5.0367,9.029
2024-03-22,22,2.8598,2.2753,5.5845
2024-03-22,23,1.8243,1.0097,4.3146
2024-03-22,24,2.1194,1.544,3.5754
2024-03-22,25,0.8968,0.1663,0.7304
2024-03-22,26,0.3371,0.1769,0.6602
2024-03-22,27,753.6577,489.4192,1114.2385
2024-03-22,28,183.2494,104.3015,278.9479
2024-03-22,29,818.4881,530.4076,288.08050000000003
2024-03-22,30,527.4986,533.7572,0.0
2024-03-23,1,2.4598,0.7823,1.6775
2024-03-23,2,2.5,1.1868,1.3132
2024-03-23,3,1.8597,0.5953,1.2644
2024-03-23,4,1.405,0.6597,0.7453
2024-03-23,5,0.4644,0.2869,0.1775
2024-03-23,6,0.7558,0.47,0.2858
2024-03-23,7,0.2493,0.0602,0.1891
2024-03-23,8,17.4905,15.7981,1.6924
2024-03-23,9,14.6121,6.6823,7.9297
2024-03-23,10,12.416,4.2113,8.2047
2024-03-23,11,24.6244,14.2048,10.4196
2024-03-23,12,2.8523,1.3092,1.5431
2024-03-23,13,1.2194,1.2194,0.0
2024-03-23,14,27.8109,16.2069,11.604
2024-03-23,15,8.5137,5.6271,2.8866
2024-03-23,16,11.1033,5.0942,6.0091
2024-03-23,17,7.0825,3.4097,3.6729
2024-03-23,18,7.0767,3.6875,3.3892
2024-03-23,19,2.4159,2.4159,0.0
2024-03-23,20,2.0859,2.0859,0.0
2024-03-23,21,9.029,2.9512,6.0778
2024-03-23,22,5.5845,3.3733,2.2111
2024-03-23,23,4.3146,1.8986,2.4159
2024-03-23,24,3.5754,0.8627,2.7127
2024-03-23,25,0.7304,0.3659,0.3645
2024-03-23,26,0.6602,0.2811,0.379
2024-03-23,27,1114.2385,635.9973,478.2412
2024-03-23,28,278.9479,149.2433,129.7046
2024-03-23,29,1370.433,823.7186,546.7144
2024-03-23,30,892.3737,828.625,63.748699999999985
2024-03-24,1,1.6775,1.3039,0.3736
2024-03-24,2,1.3132,0.9731,0.3401
2024-03-24,3,1.2644,0.5037,0.7607
2024-03-24,4,0.7453,0.5873,0.158
2024-03-24,5,0.1775,0.1775,0.0
2024-03-24,6,0.2858,0.2858,0.0
2024-03-24,7,0.1891,0.1211,0.068
2024-03-24,8,1.6924,1.6924,0.0
2024-03-24,9,7.9297,6.7714,1.1583
2024-03-24,10,8.2047,5.472,2.7327
2024-03-24,11,10.4196,10.4196,0.0
2024-03-24,12,1.5431,1.5294,0.0137
2024-03-24,13,0.0,0.0,0.0
2024-03-24,14,11.604,11.604,0.0
2024-03-24,15,2.8866,2.8866,0.0
2024-03-24,16,6.0091,5.1479,0.8612
2024-03-24,17,3.6729,3.3718,0.3011
2024-03-24,18,3.3892,3.3892,0.0
2024-03-24,19,0.0,0.0,0.0
2024-03-24,20,0.0,0.0,0.0
2024-03-24,21,6.0778,4.61,1.4678
2024-03-24,22,2.2111,2.2111,0.0
2024-03-24,23,2.4159,2.4159,0.0
2024-03-24,24,2.7127,2.1842,0.5284
2024-03-24,25,0.3645,0.2767,0.0877
2024-03-24,26,0.379,0.326,0.053
2024-03-24,27,478.2412,478.2412,0.0
2024-03-24,28,129.7046,129.7046,0.0
2024-03-24,29,641.2809,602.6391,38.64179999999999
2024-03-24,30,399.3826,605.9384,0.0
2024-03-25,1,0.3736,0.3736,0.0
2024-03-25,2,0.3401,0.3401,0.0
2024-03-25,3,0.7607,0.643,0.1176
2024-03-25,4,0.158,0.158,0.0
2024-03-25,5,0.0,0.0,0.0
2024-03-25,6,0.0,0.0,0.0
2024-03-25,7,0.068,0.068,0.0
2024-03-25,8,0.0,0.0,0.0
2024-03-25,9,1.1583,1.1583,0.0
2024-03-25,10,2.7327,2.7327,0.0
2024-03-25,11,0.0,0.0,0.0
2024-03-25,12,0.0137,0.0137,0.0
2024-03-25,13,0.0,0.0,0.0
2024-03-25,14,0.0,0.0,0.0
2024-03-25,15,0.0,0.0,0.0
2024-03-25,16,0.8612,0.8612,0.0
2024-03-25,17,0.3011,0.3011,0.0
2024-03-25,18,0.0,0.0,0.0
2024-03-25,19,0.0,0.0,0.0
2024-03-25,20,0.0,0.0,0.0
2024-03-25,21,1.4678,1.4678,0.0
2024-03-25,22,0.0,0.0,0.0
2024-03-25,23,0.0,0.0,0.0
2024-03-25,24,0.5284,0.5284,0.0
2024-03-25,25,0.0877,0.0877,0.0
2024-03-25,26,0.053,0.053,0.0
2024-03-25,27,0.0,0.0,0.0
2024-03-25,28,0.0,0.0,0.0
2024-03-25,29,0.0,29.8866,0.0
2024-03-25,30,0.0,29.7836,0.0
2024-03-26,1,0.0,0.0,2.5
2024-03-26,2,0.0,0.0,2.5
2024-03-26,3,0.1176,0.1176,1.5
2024-03-26,4,0.0,0.0,1.5
2024-03-26,5,0.0,0.0,1.0
2024-03-26,6,0.0,0.0,1.0
2024-03-26,7,0.0,0.0,0.5
2024-03-26,8,0.0,0.0,36.0
2024-03-26,9,0.0,0.0,15.0
2024-03-26,10,0.0,0.0,13.0
2024-03-26,11,0.0,0.0,25.0
2024-03-26,12,0.0,0.0,3.0
2024-03-26,13,0.0,0.0,2.5
2024-03-26,14,0.0,0.0,29.0
2024-03-26,15,0.0,0.0,9.0
2024-03-26,16,0.0,0.0,11.0
2024-03-26,17,0.0,0.0,8.0
2024-03-26,18,0.0,0.0,8.0
2024-03-26,19,0.0,0.0,6.0
2024-03-26,20,0.0,0.0,4.0
2024-03-26,21,0.0,0.0,9.0
2024-03-26,22,0.0,0.0,6.0
2024-03-26,23,0.0,0.0,4.5
2024-03-26,24,0.0,0.0,4.0
2024-03-26,25,0.0,0.0,1.0
2024-03-26,26,0.0,0.0,1.0
2024-03-26,27,0.0,0.0,1150.0
2024-03-26,28,0.0,0.0,300.0
2024-03-26,29,0.0,29.8951,0.0
2024-03-26,30,0.0,30.1764,0.0
2024-03-27,1,2.5,0.0,2.5
2024-03-27,2,2.5,0.8292,1.6708
2024-03-27,3,1.5,0.5703,0.9297
2024-03-27,4,1.5,0.4156,1.0844
2024-03-27,5,1.0,0.2957,0.7043
2024-03-27,6,1.0,0.3702,0.6298
2024-03-27,7,0.5,0.0863,0.4137
2024-03-27,8,36.0,16.0767,19.9233
2024-03-27,9,15.0,4.8552,10.1448
2024-03-27,10,13.0,6.2492,6.7508
2024-03-27,11,25.0,15.4881,26.5119
2024-03-27,12,3.0,1.1006,1.8994
2024-03-27,13,2.5,1.1316,1.3684
2024-03-27,14,29.0,12.2352,16.7648
2024-03-27,15,9.0,2.8524,6.1476
2024-03-27,16,11.0,4.241,6.759
2024-03-27,17,8.0,2.5013,5.4987
2024-03-27,18,8.0,2.8893,5.1107
2024-03-27,19,6.0,2.25,3.75
2024-03-27,20,4.0,1.5835,2.4165
2024-03-27,21,9.0,3.0448,5.9552
2024-03-27,22,6.0,1.3309,4.6691
2024-03-27,23,4.5,1.3626,3.1374
2024-03-27,24,4.0,1.2364,2.7636
2024-03-27,25,1.0,0.365,0.635
2024-03-27,26,1.0,0.1843,0.8157
2024-03-27,27,1150.0,559.2363,590.7637
2024-03-27,28,300.0,125.2427,174.7573
2024-03-27,29,1500.0,618.4042,881.5958
2024-03-27,30,900.0,617.0557,282.9443
2024-03-28,1,2.5,1.1974,1.3026
2024-03-28,2,1.6708,1.0158,2.6549
2024-03-28,3,0.9297,0.4311,1.4987
2024-03-28,4,1.0844,0.4199,0.6645
2024-03-28,5,0.7043,0.2569,0.4474
2024-03-28,6,0.6298,0.3205,1.3094
2024-03-28,7,0.4137,0.0764,0.3373
2024-03-28,8,19.9233,0.0,19.9233
2024-03-28,9,10.1448,8.2597,14.8851
2024-03-28,10,6.7508,5.2286,13.5222
2024-03-28,11,26.5119,10.9923,15.5196
2024-03-28,12,1.8994,1.0733,3.3261
2024-03-28,13,1.3684,1.3684,3.0
2024-03-28,14,16.7648,10.6747,30.0901
2024-03-28,15,6.1476,3.496,9.6516
2024-03-28,16,6.759,4.5518,11.2072
2024-03-28,17,5.4987,2.6812,7.8175
2024-03-28,18,5.1107,2.9469,8.1637
2024-03-28,19,3.75,2.843,6.407
2024-03-28,20,2.4165,1.2847,4.1318
2024-03-28,21,5.9552,2.3688,9.5864
2024-03-28,22,4.6691,2.922,6.247
2024-03-28,23,3.1374,1.9944,4.643
2024-03-28,24,2.7636,1.4289,4.3347
2024-03-28,25,0.635,0.2365,0.3984
2024-03-28,26,0.8157,0.1167,0.699
2024-03-28,27,590.7637,529.7322,1211.0315
2024-03-28,28,174.7573,106.6906,318.0667
2024-03-28,29,980.2215,646.674,333.5475
2024-03-28,30,572.5795,645.3314,0.0
2024-03-29,1,1.3026,0.8916,2.911
2024-03-29,2,2.6549,0.7691,1.8858
2024-03-29,3,1.4987,0.4895,1.0092
2024-03-29,4,0.6645,0.4256,1.239
2024-03-29,5,0.4474,0.2648,1.1827
2024-03-29,6,1.3094,0.2834,1.026
2024-03-29,7,0.3373,0.0979,0.2394
2024-03-29,8,19.9233,16.2543,37.669
2024-03-29,9,14.8851,4.802,10.0831
2024-03-29,10,13.5222,5.5651,7.9571
2024-03-29,11,15.5196,10.6459,25.8737
2024-03-29,12,3.3261,1.348,1.9781
2024-03-29,13,3.0,0.7929,2.2071
2024-03-29,14,30.0901,0.0,30.0901
2024-03-29,15,9.6516,3.4903,6.1612
2024-03-29,16,11.2072,5.0765,6.1307
2024-03-29,17,7.8175,2.781,5.0365
2024-03-29,18,8.1637,2.7575,5.4062
2024-03-29,19,6.407,1.9345,4.4725
2024-03-29,20,4.1318,1.6013,2.5305
2024-03-29,21,9.5864,3.2935,6.2929
2024-03-29,22,6.247,2.6407,3.6064
2024-03-29,23,4.643,0.0,4.643
2024-03-29,24,4.3347,1.1605,3.1742
2024-03-29,25,0.3984,0.2706,1.1278
2024-03-29,26,0.699,0.2783,0.4208
2024-03-29,27,1211.0315,527.1365,683.895
2024-03-29,28,318.0667,128.6586,189.408
2024-03-29,29,1540.9089,622.6897,918.2191999999999
2024-03-29,30,572.5795,622.7723,0.0
2024-03-30,1,2.911,1.3805,1.5305
2024-03-30,2,1.8858,1.0395,3.3463
2024-03-30,3,1.0092,0.7167,2.2924
2024-03-30,4,1.239,0.4719,0.7671
2024-03-30,5,1.1827,0.2611,0.9215
2024-03-30,6,1.026,0.3795,0.6465
2024-03-30,7,0.2394,0.1226,0.1169
2024-03-30,8,37.669,15.4776,22.1913
2024-03-30,9,10.0831,7.2074,19.8757
2024-03-30,10,7.9571,7.9571,18.0
2024-03-30,11,25.8737,9.1091,16.7646
2024-03-30,12,1.9781,1.226,4.2521
2024-03-30,13,2.2071,1.6454,3.5617
2024-03-30,14,30.0901,17.9413,39.1487
2024-03-30,15,6.1612,4.8693,12.2919
2024-03-30,16,6.1307,5.3394,14.7913
2024-03-30,17,5.0365,3.9823,10.0542
2024-03-30,18,5.4062,4.445,9.9613
2024-03-30,19,4.4725,2.9166,8.0559
2024-03-30,20,2.5305,2.4652,5.0653
2024-03-30,21,6.2929,6.2929,13.0
2024-03-30,22,3.6064,3.5224,8.084
2024-03-30,23,4.643,2.451,6.192
2024-03-30,24,3.1742,1.593,5.5812
2024-03-30,25,1.1278,0.2358,0.892
2024-03-30,26,0.4208,0.225,1.1958
2024-03-30,27,683.895,630.482,1553.413
2024-03-30,28,189.408,127.7683,411.6397
2024-03-30,29,892.0556,787.4176,104.63800000000003
2024-03-30,30,965.2899,792.4029,172.88699999999994
2024-03-31,1,1.5305,1.5305,3.5
2024-03-31,2,3.3463,1.8647,1.4817
2024-03-31,3,2.2924,0.8379,1.4545
2024-03-31,4,0.7671,0.5466,1.7205
2024-03-31,5,0.9215,0.4024,0.5192
2024-03-31,6,0.6465,0.0,0.6465
2024-03-31,7,0.1169,0.0528,0.564
2024-03-31,8,22.1913,16.9831,50.2082
2024-03-31,9,19.8757,0.0,19.8757
2024-03-31,10,18.0,7.3759,10.6241
2024-03-31,11,16.7646,11.7543,35.0103
2024-03-31,12,4.2521,1.5898,2.6623
2024-03-31,13,3.5617,1.3195,2.2422
2024-03-31,14,39.1487,13.2835,25.8652
2024-03-31,15,12.2919,4.4227,7.8692
2024-03-31,16,14.7913,6.2836,8.5077
2024-03-31,17,10.0542,4.0105,6.0437
2024-03-31,18,9.9613,3.3858,6.5755
2024-03-31,19,8.0559,3.1159,4.94
2024-03-31,20,5.0653,1.5205,3.5449
2024-03-31,21,13.0,4.3113,8.6887
2024-03-31,22,8.084,0.0,8.084
2024-03-31,23,6.192,2.4326,3.7594
2024-03-31,24,5.5812,1.5992,3.982
2024-03-31,25,0.892,0.5926,1.2994
2024-03-31,26,1.1958,0.3097,0.8861
2024-03-31,27,1553.413,663.4632,889.9497
2024-03-31,28,411.6397,127.7021,283.9376
2024-03-31,29,2010.8898,764.3651,1246.5247
2024-03-31,30,1251.3656,764.8593,486.5063000000001
2024-04-01,1,3.5,1.443,2.057
2024-04-01,2,1.4817,0.8378,2.6438
2024-04-01,3,1.4545,0.7921,0.6625
2024-04-01,4,1.7205,0.4173,1.3032
2024-04-01,5,0.5192,0.3858,1.1333
2024-04-01,6,0.6465,0.3766,1.2699
2024-04-01,7,0.564,0.1001,0.4639
2024-04-01,8,50.2082,19.4693,30.7389
2024-04-01,9,19.8757,5.1088,14.7669
2024-04-01,10,10.6241,6.9591,14.665
2024-04-01,11,35.0103,12.1581,22.8522
2024-04-01,12,2.6623,0.0,2.6623
2024-04-01,13,2.2422,1.0917,1.1505
2024-04-01,14,25.8652,10.9872,14.878
2024-04-01,15,7.8692,4.2607,9.6085
2024-04-01,16,8.5077,4.1211,12.3866
2024-04-01,17,6.0437,3.3758,7.6679
2024-04-01,18,6.5755,2.7501,3.8254
2024-04-01,19,4.94,2.1811,2.7589
2024-04-01,20,3.5449,1.0621,2.4827
2024-04-01,21,8.6887,3.798,4.8907
2024-04-01,22,8.084,2.4069,5.6771
2024-04-01,23,3.7594,1.5759,2.1835
2024-04-01,24,3.982,2.165,1.817
2024-04-01,25,1.2994,0.4396,0.8598
2024-04-01,26,0.8861,0.0,0.8861
2024-04-01,27,889.9497,505.9861,1233.9636
2024-04-01,28,283.9376,139.7289,144.2087
2024-04-01,29,1356.1059,691.5872,664.5187
2024-04-01,30,799.7213,686.057,113.66430000000003
2024-04-02,1,2.057,1.21,2.847
2024-04-02,2,2.6438,0.7958,1.848
2024-04-02,3,0.6625,0.5381,1.6243
2024-04-02,4,1.3032,0.3296,0.9736
2024-04-02,5,1.1333,0.2897,0.8437
2024-04-02,6,1.2699,0.3645,0.9054
2024-04-02,7,0.4639,0.088,0.3759
2024-04-02,8,30.7389,14.3771,16.3618
2024-04-02,9,14.7669,0.0,14.7669
2024-04-02,10,14.665,6.4283,8.2368
2024-04-02,11,22.8522,8.1107,14.7415
2024-04-02,12,2.6623,1.2511,1.4112
2024-04-02,13,1.1505,1.0494,3.1011
2024-04-02,14,14.878,9.6964,31.1817
2024-04-02,15,9.6085,4.3105,5.298
2024-04-02,16,12.3866,0.0,12.3866
2024-04-02,17,7.6679,3.3192,4.3487
2024-04-02,18,3.8254,3.6582,8.1672
2024-04-02,19,2.7589,2.6301,6.6288
2024-04-02,20,2.4827,1.3435,4.1392
2024-04-02,21,4.8907,4.8907,10.0
2024-04-02,22,5.6771,2.1486,3.5285
2024-04-02,23,2.1835,2.1835,5.0
2024-04-02,24,1.817,1.5625,4.2545
2024-04-02,25,0.8598,0.2887,0.5711
2024-04-02,26,0.8861,0.3258,0.5603
2024-04-02,27,1233.9636,412.034,821.9297
2024-04-02,28,144.2087,107.488,336.7207
2024-04-02,29,709.2481,518.1337,191.11440000000005
2024-04-02,30,422.9327,512.8525,0.0
2024-04-03,1,2.847,1.2099,1.6371
2024-04-03,2,1.848,0.7805,1.0675
2024-04-03,3,1.6243,0.6123,1.0121
2024-04-03,4,0.9736,0.3377,0.6359
2024-04-03,5,0.8437,0.3365,0.5072
2024-04-03,6,0.9054,0.5081,0.3974
2024-04-03,7,0.3759,0.0608,0.3151
2024-04-03,8,16.3618,16.3618,40.0
2024-04-03,9,14.7669,4.9818,9.7851
2024-04-03,10,8.2368,5.7809,14.4558
2024-04-03,11,14.7415,12.2224,27.5191
2024-04-03,12,1.4112,1.4112,3.5
2024-04-03,13,3.1011,0.8001,2.3011
2024-04-03,14,31.1817,12.8703,18.3114
2024-04-03,15,5.298,3.3643,9.9337
2024-04-03,16,12.3866,3.416,8.9706
2024-04-03,17,4.3487,3.1812,8.1675
2024-04-03,18,8.1672,3.0413,5.1259
2024-04-03,19,6.6288,1.6298,4.999
2024-04-03,20,4.1392,0.0,4.1392
2024-04-03,21,10.0,4.9986,5.0014
2024-04-03,22,3.5285,1.7378,6.7907
2024-04-03,23,5.0,1.7636,3.2364
2024-04-03,24,4.2545,1.8602,2.3943
2024-04-03,25,0.5711,0.276,0.7951
2024-04-03,26,0.5603,0.2388,0.3215
2024-04-03,27,821.9297,472.6671,1249.2625
2024-04-03,28,336.7207,147.9695,188.7512
2024-04-03,29,1578.0262,629.3134,948.7128
2024-04-03,30,1010.9806,631.6097,379.3709
2024-04-04,1,1.6371,0.7844,2.8527
2024-04-04,2,1.0675,1.0675,2.5
2024-04-04,3,1.0121,0.5664,1.9457
2024-04-04,4,0.6359,0.5111,1.6248
2024-04-04,5,0.5072,0.3687,1.1385
2024-04-04,6,0.3974,0.361,1.0364
2024-04-04,7,0.3151,0.0616,0.2535
2024-04-04,8,40.0,22.9535,17.0465
2024-04-04,9,9.7851,5.3146,16.4706
2024-04-04,10,14.4558,6.9629,7.493
2024-04-04,11,27.5191,9.7095,17.8096
2024-04-04,12,3.5,1.4635,2.0365
2024-04-04,13,2.3011,1.2217,3.0794
2024-04-04,14,18.3114,13.4615,31.8499
2024-04-04,15,9.9337,4.0586,5.8751
2024-04-04,16,8.9706,0.0,8.9706
2024-04-04,17,8.1675,3.3493,4.8182
2024-04-04,18,5.1259,3.7184,8.4075
2024-04-04,19,4.999,2.9406,6.5584
2024-04-04,20,4.1392,1.0201,3.1191
2024-04-04,21,5.0014,4.4028,9.5986
2024-04-04,22,6.7907,2.7932,3.9974
2024-04-04,23,3.2364,2.8435,4.893
2024-04-04,24,2.3943,1.0135,4.3808
2024-04-04,25,0.7951,0.2423,0.5528
2024-04-04,26,0.3215,0.3215,1.0
2024-04-04,27,1249.2625,491.269,757.9935
2024-04-04,28,188.7512,106.7437,332.0075
2024-04-04,29,898.8535,593.5811,305.27240000000006
2024-04-04,30,617.2373,584.8737,32.36360000000002
2024-04-05,1,2.8527,1.0314,1.8213
2024-04-05,2,2.5,0.9621,1.5379
2024-04-05,3,1.9457,0.7125,1.2332
2024-04-05,4,1.6248,0.3787,1.246
2024-04-05,5,1.1385,0.3181,0.8204
2024-04-05,6,1.0364,0.3894,0.6469
2024-04-05,7,0.2535,0.0728,0.1808
2024-04-05,8,17.0465,16.7071,39.3394
2024-04-05,9,16.4706,6.9212,9.5494
2024-04-05,10,7.493,7.493,15.0
2024-04-05,11,17.8096,8.3637,27.4458
2024-04-05,12,2.0365,1.7701,3.2664
2024-04-05,13,3.0794,1.0972,1.9822
2024-04-05,14,31.8499,13.1309,18.719
2024-04-05,15,5.8751,3.6726,10.2025
2024-04-05,16,8.9706,4.7005,12.2702
2024-04-05,17,4.8182,3.3502,8.468
2024-04-05,18,8.4075,2.5653,5.8422
2024-04-05,19,6.5584,2.6806,3.8778
2024-04-05,20,3.1191,1.5225,1.5967
2024-04-05,21,9.5986,4.8195,4.7791
2024-04-05,22,3.9974,1.9416,6.5558
2024-04-05,23,4.893,2.3153,2.5777
2024-04-05,24,4.3808,0.9884,3.3924
2024-04-05,25,0.5528,0.2797,1.2732
2024-04-05,26,1.0,0.2354,0.7646
2024-04-05,27,757.9935,519.2483,1288.7452
2024-04-05,28,332.0075,134.0724,197.9351
2024-04-05,29,1568.2539,620.1519,948.102
2024-04-05,30,972.2432,621.0958,351.14739999999995
2024-04-06,1,1.8213,1.8213,4.0
2024-04-06,2,1.5379,1.3117,3.2262
2024-04-06,3,1.2332,0.7743,2.4589
2024-04-06,4,1.246,0.8656,1.8804
2024-04-06,5,0.8204,0.45,1.3705
2024-04-06,6,0.6469,0.5299,1.6171
2024-04-06,7,0.1808,0.0825,0.5982
2024-04-06,8,39.3394,20.1876,54.1518
2024-04-06,9,9.5494,6.6734,21.876
2024-04-06,10,15.0,8.1649,18.8351
2024-04-06,11,27.4458,0.0,27.4458
2024-04-06,12,3.2664,1.9884,4.278
2024-04-06,13,1.9822,1.6729,3.8092
2024-04-06,14,18.719,0.0,18.719
2024-04-06,15,10.2025,4.2179,5.9845
2024-04-06,16,12.2702,7.0377,16.2325
2024-04-06,17,8.468,3.4165,5.0514
2024-04-06,18,5.8422,3.8573,10.9849
2024-04-06,19,3.8778,3.8778,9.0
2024-04-06,20,1.5967,1.5967,5.5
2024-04-06,21,4.7791,4.7791,13.0
2024-04-06,22,6.5558,2.1953,4.3605
2024-04-06,23,2.5777,2.5777,6.5
2024-04-06,24,3.3924,3.0901,6.3024
2024-04-06,25,1.2732,0.2648,1.0084
2024-04-06,26,0.7646,0.3934,0.3712
2024-04-06,27,1288.7452,733.0372,1655.708
2024-04-06,28,197.9351,0.0,197.9351
2024-04-06,29,965.1473,769.5529,195.59439999999995
2024-04-06,30,627.9015,773.2409,0.0
2024-04-07,1,4.0,2.0863,1.9137
2024-04-07,2,3.2262,1.2502,1.9759
2024-04-07,3,2.4589,0.697,1.762
2024-04-07,4,1.8804,0.5795,1.3009
2024-04-07,5,1.3705,0.4341,0.9363
2024-04-07,6,1.6171,0.4468,1.1703
2024-04-07,7,0.5982,0.098,0.5003
2024-04-07,8,54.1518,22.0101,32.1417
2024-04-07,9,21.876,8.7146,13.1615
2024-04-07,10,18.8351,6.3187,12.5164
2024-04-07,11,27.4458,7.5211,19.9247
2024-04-07,12,4.278,1.4333,2.8447
2024-04-07,13,3.8092,1.1054,2.7038
2024-04-07,14,18.719,18.719,42.0
2024-04-07,15,5.9845,4.8821,13.1025
2024-04-07,16,16.2325,5.8656,10.3668
2024-04-07,17,5.0514,4.175,10.8764
2024-04-07,18,10.9849,4.7228,6.2622
2024-04-07,19,9.0,3.2731,5.7269
2024-04-07,20,5.5,0.0,5.5
2024-04-07,21,13.0,2.4409,10.5591
2024-04-07,22,4.3605,2.6556,9.2049
2024-04-07,23,6.5,2.2916,4.2084
2024-04-07,24,6.3024,3.579,2.7234
2024-04-07,25,1.0084,0.5472,0.4612
2024-04-07,26,0.3712,0.1594,1.2118
2024-04-07,27,1655.708,606.8276,1048.8804
2024-04-07,28,197.9351,159.0762,438.8588
2024-04-07,29,2121.2182,803.4013,1317.8168999999998
2024-04-07,30,1275.5582,810.6299,464.9282999999999
2024-04-08,1,1.9137,1.183,3.2307
2024-04-08,2,1.9759,1.1291,2.8469
2024-04-08,3,1.762,0.5484,1.2136
2024-04-08,4,1.3009,0.467,0.8339
2024-04-08,5,0.9363,0.3979,0.5384
2024-04-08,6,1.1703,0.5108,0.6595
2024-04-08,7,0.5003,0.0982,0.4021
2024-04-08,8,32.1417,17.7725,42.3692
2024-04-08,9,13.1615,7.4989,16.6626
2024-04-08,10,12.5164,4.4721,8.0443
2024-04-08,11,19.9247,11.5033,29.4215
2024-04-08,12,2.8447,1.0637,1.781
2024-04-08,13,2.7038,0.957,1.7468
2024-04-08,14,42.0,12.2195,29.7805
2024-04-08,15,13.1025,5.0768,8.0257
2024-04-08,16,10.3668,3.8974,6.4694
2024-04-08,17,10.8764,2.7735,8.1029
2024-04-08,18,6.2622,2.9797,3.2825
2024-04-08,19,5.7269,4.108,7.1188
2024-04-08,20,5.5,1.3154,4.1846
2024-04-08,21,10.5591,0.0,10.5591
2024-04-08,22,9.2049,1.5536,7.6513
2024-04-08,23,4.2084,1.069,3.1394
2024-04-08,24,2.7234,1.6447,5.0786
2024-04-08,25,0.4612,0.3498,1.1114
2024-04-08,26,1.2118,0.2116,1.0002
2024-04-08,27,1048.8804,505.1915,543.6889
2024-04-08,28,438.8588,135.2819,303.5769
2024-04-08,29,2121.2182,660.6147,1460.6034999999997
2024-04-08,30,667.0665,664.8386,2.227899999999977
2024-04-09,1,3.2307,1.0092,2.2215
2024-04-09,2,2.8469,0.8381,2.0087
2024-04-09,3,1.2136,0.7038,2.0098
2024-04-09,4,0.8339,0.5076,1.3263
2024-04-09,5,0.5384,0.3998,1.1386
2024-04-09,6,0.6595,0.3562,1.3033
2024-04-09,7,0.4021,0.0796,0.3225
2024-04-09,8,42.3692,21.9073,20.4619
2024-04-09,9,16.6626,6.7435,9.9191
2024-04-09,10,8.0443,5.2167,14.8275
2024-04-09,11,29.4215,11.5108,17.9106
2024-04-09,12,1.781,1.3201,3.4609
2024-04-09,13,1.7468,1.032,3.2148
2024-04-09,14,29.7805,13.2972,16.4832
2024-04-09,15,8.0257,3.1251,4.9006
2024-04-09,16,6.4694,5.4957,12.9737
2024-04-09,17,8.1029,2.8222,5.2807
2024-04-09,18,3.2825,3.2825,9.0
2024-04-09,19,7.1188,2.2893,4.8295
2024-04-09,20,4.1846,1.974,2.2106
2024-04-09,21,10.5591,2.9141,7.645
2024-04-09,22,7.6513,4.3205,3.3308
2024-04-09,23,3.1394,1.713,5.4264
2024-04-09,24,5.0786,1.1455,3.9331
2024-04-09,25,1.1114,0.2469,0.8645
2024-04-09,26,1.0002,0.26,0.7402
2024-04-09,27,543.6889,487.9283,1355.7607
2024-04-09,28,303.5769,140.5073,163.0696
2024-04-09,29,1462.1165,644.2861,817.8304
2024-04-09,30,1057.4917,653.5509,403.9408000000001
2024-04-10,1,2.2215,0.8877,1.3338
2024-04-10,2,2.0087,0.7838,1.2249
2024-04-10,3,2.0098,0.569,1.4408
2024-04-10,4,1.3263,0.5754,0.751
2024-04-10,5,1.1386,0.321,0.8176
2024-04-10,6,1.3033,0.4266,0.8767
2024-04-10,7,0.3225,0.0735,0.2491
2024-04-10,8,20.4619,0.0,20.4619
2024-04-10,9,9.9191,6.9572,16.9619
2024-04-10,10,14.8275,5.1046,9.7229
2024-04-10,11,17.9106,9.4236,29.487
2024-04-10,12,3.4609,1.5794,1.8815
2024-04-10,13,3.2148,0.8361,2.3787
2024-04-10,14,16.4832,13.8586,33.6246
2024-04-10,15,4.9006,3.6149,10.2857
2024-04-10,16,12.9737,4.5902,8.3834
2024-04-10,17,5.2807,3.8281,8.4526
2024-04-10,18,9.0,2.7973,6.2027
2024-04-10,19,4.8295,1.9546,2.8749
2024-04-10,20,2.2106,1.6238,4.5869
2024-04-10,21,7.645,4.3134,10.3316
2024-04-10,22,3.3308,3.3308,7.0
2024-04-10,23,5.4264,2.6575,2.7689
2024-04-10,24,3.9331,1.7716,2.1615
2024-04-10,25,0.8645,0.4144,0.45
2024-04-10,26,0.7402,0.2212,0.519
2024-04-10,27,1355.7607,483.7169,872.0438
2024-04-10,28,163.0696,150.6346,362.435
2024-04-10,29,849.2641,576.4751,272.789
2024-04-10,30,629.7898,577.3969,52.392900000000054
2024-04-11,1,1.3338,1.3338,3.0
2024-04-11,2,1.2249,0.7607,2.9643
2024-04-11,3,1.4408,0.8922,2.0486
2024-04-11,4,0.751,0.5233,1.7277
2024-04-11,5,0.8176,0.4184,0.3992
2024-04-11,6,0.8767,0.4151,0.4616
2024-04-11,7,0.2491,0.1067,0.1424
2024-04-11,8,20.4619,14.7593,43.7026
2024-04-11,9,16.9619,6.1336,10.8283
2024-04-11,10,9.7229,6.4264,15.2966
2024-04-11,11,29.487,9.5735,19.9135
2024-04-11,12,1.8815,1.8431,3.5384
2024-04-11,13,2.3787,1.1177,1.261
2024-04-11,14,33.6246,15.3926,18.2321
2024-04-11,15,10.2857,3.62,6.6657
2024-04-11,16,8.3834,5.3636,13.0198
2024-04-11,17,8.4526,3.1827,5.27
2024-04-11,18,6.2027,3.0459,9.1568
2024-04-11,19,2.8749,2.8749,7.0
2024-04-11,20,4.5869,1.1916,3.3953
2024-04-11,21,10.3316,5.5149,4.8167
2024-04-11,22,7.0,3.172,3.828
2024-04-11,23,2.7689,1.3212,5.4477
2024-04-11,24,2.1615,1.9606,5.2009
2024-04-11,25,0.45,0.2874,1.1627
2024-04-11,26,0.519,0.2086,0.3104
2024-04-11,27,872.0438,506.1246,1365.9192
2024-04-11,28,362.435,117.0289,245.4062
2024-04-11,29,1694.3926,644.2479,1050.1446999999998
2024-04-11,30,1053.3604,646.947,406.4134
2024-04-12,1,3.0,0.7674,2.2326
2024-04-12,2,2.9643,0.9908,1.9735
2024-04-12,3,2.0486,0.6023,1.4462
2024-04-12,4,1.7277,0.4178,1.3099
2024-04-12,5,0.3992,0.3772,1.022
2024-04-12,6,0.4616,0.4035,1.0581
2024-04-12,7,0.1424,0.0492,0.0932
2024-04-12,8,43.7026,15.1178,28.5848
2024-04-12,9,10.8283,7.7221,18.1061
2024-04-12,10,15.2966,5.0246,10.2719
2024-04-12,11,19.9135,12.4144,30.4992
2024-04-12,12,3.5384,1.0602,2.4782
2024-04-12,13,1.261,1.1851,3.0759
2024-04-12,14,18.2321,16.1543,34.0778
2024-04-12,15,6.6657,4.3879,10.2779
2024-04-12,16,13.0198,4.8659,8.154
2024-04-12,17,5.27,4.0725,9.1974
2024-04-12,18,9.1568,3.066,6.0907
2024-04-12,19,7.0,2.7294,4.2706
2024-04-12,20,3.3953,1.7987,4.5966
2024-04-12,21,4.8167,4.8167,11.0
2024-04-12,22,3.828,2.3475,6.9804
2024-04-12,23,5.4477,2.2452,3.2026
2024-04-12,24,5.2009,1.1812,4.0197
2024-04-12,25,1.1627,0.2279,0.9347
2024-04-12,26,0.3104,0.2759,1.0345
2024-04-12,27,1365.9192,544.0182,821.9009
2024-04-12,28,245.4062,149.1631,346.2431
2024-04-12,29,1694.3926,715.992,978.4005999999999
2024-04-12,30,1053.3604,713.3061,340.0543
2024-04-13,1,2.2326,1.8629,0.3697
2024-04-13,2,1.9735,1.4179,0.5555
2024-04-13,3,1.4462,0.9466,0.4996
2024-04-13,4,1.3099,0.5368,0.7731
2024-04-13,5,1.022,0.3541,0.6679
2024-04-13,6,1.0581,0.3908,0.6673
2024-04-13,7,0.0932,0.0932,0.0
2024-04-13,8,28.5848,18.9095,9.6754
2024-04-13,9,18.1061,8.7148,9.3913
2024-04-13,10,10.2719,10.2719,0.0
2024-04-13,11,30.4992,0.0,30.4992
2024-04-13,12,2.4782,1.4649,1.0133
2024-04-13,13,3.0759,1.5262,1.5497
2024-04-13,14,34.0778,19.0434,15.0344
2024-04-13,15,10.2779,4.0147,6.2631
2024-04-13,16,8.154,7.3173,0.8367
2024-04-13,17,9.1974,4.1061,5.0913
2024-04-13,18,6.0907,3.4171,2.6737
2024-04-13,19,4.2706,3.2196,1.051
2024-04-13,20,4.5966,1.4998,3.0967
2024-04-13,21,11.0,4.0701,6.9299
2024-04-13,22,6.9804,2.9367,4.0437
2024-04-13,23,3.2026,1.8264,1.3762
2024-04-13,24,4.0197,2.1043,1.9155
2024-04-13,25,0.9347,0.4161,0.5187
2024-04-13,26,1.0345,0.4638,0.5707
2024-04-13,27,821.9009,694.5103,127.3906
2024-04-13,28,346.2431,0.0,346.2431
2024-04-13,29,1011.6107,680.3601,331.25059999999996
2024-04-13,30,676.7218,678.8461,0.0
2024-04-14,1,0.3697,0.3697,4.0
2024-04-14,2,0.5555,0.5555,3.5
2024-04-14,3,0.4996,0.4996,2.5
2024-04-14,4,0.7731,0.7731,2.0
2024-04-14,5,0.6679,0.3562,1.3117
2024-04-14,6,0.6673,0.5553,1.6121
2024-04-14,7,0.0,0.0,0.5
2024-04-14,8,9.6754,9.6754,58.0
2024-04-14,9,9.3913,0.0,9.3913
2024-04-14,10,0.0,0.0,21.0
2024-04-14,11,30.4992,15.5825,40.9167
2024-04-14,12,1.0133,1.0133,5.0
2024-04-14,13,1.5497,1.5316,4.0181
2024-04-14,14,15.0344,15.0344,45.0
2024-04-14,15,6.2631,4.3583,13.9048
2024-04-14,16,0.8367,0.8367,17.0
2024-04-14,17,5.0913,4.6551,11.4362
2024-04-14,18,2.6737,2.6737,12.0
2024-04-14,19,1.051,1.051,9.5
2024-04-14,20,3.0967,1.7167,5.8801
2024-04-14,21,6.9299,3.191,14.739
2024-04-14,22,4.0437,3.8202,9.7235
2024-04-14,23,1.3762,1.3762,7.0
2024-04-14,24,1.9155,1.9155,6.0
2024-04-14,25,0.5187,0.5187,1.5
2024-04-14,26,0.5707,0.3119,1.2588
2024-04-14,27,127.3906,127.3906,1800.0
2024-04-14,28,346.2431,154.5688,191.6743
2024-04-14,29,0.0,292.1241,0.0
2024-04-14,30,172.0713,291.4851,0.0
2024-04-15,1,4.0,1.7041,2.2959
2024-04-15,2,3.5,0.8834,2.6166
2024-04-15,3,2.5,0.5831,1.9169
2024-04-15,4,2.0,0.3423,1.6577
2024-04-15,5,1.3117,0.3247,0.987
2024-04-15,6,1.6121,0.5818,1.0303
2024-04-15,7,0.5,0.0879,0.4121
2024-04-15,8,58.0,0.0,58.0
2024-04-15,9,9.3913,7.7439,18.6474
2024-04-15,10,21.0,4.712,16.288
2024-04-15,11,40.9167,11.1596,29.757
2024-04-15,12,5.0,1.2912,3.7088
2024-04-15,13,4.0181,1.0951,2.923
2024-04-15,14,45.0,12.8127,32.1873
2024-04-15,15,13.9048,4.3262,9.5786
2024-04-15,16,17.0,0.0,17.0
2024-04-15,17,11.4362,3.367,8.0692
2024-04-15,18,12.0,3.3995,8.6005
2024-04-15,19,9.5,3.681,5.819
2024-04-15,20,5.8801,1.4409,4.4391
2024-04-15,21,14.739,5.7694,8.9696
2024-04-15,22,9.7235,2.2377,7.4857
2024-04-15,23,7.0,1.7137,5.2863
2024-04-15,24,6.0,1.2279,4.7721
2024-04-15,25,1.5,0.3858,1.1142
2024-04-15,26,1.2588,0.2557,1.0031
2024-04-15,27,1800.0,533.954,1266.046
2024-04-15,28,191.6743,140.2364,351.4379
2024-04-15,29,2300.0,723.8528,1576.1471999999999
2024-04-15,30,1400.0,722.4069,677.5931
2024-04-16,1,2.2959,1.3579,3.4379
2024-04-16,2,2.6166,1.1499,1.4667
2024-04-16,3,1.9169,0.7267,1.1902
2024-04-16,4,1.6577,0.4377,1.2201
2024-04-16,5,0.987,0.3753,0.6117
2024-04-16,6,1.0303,0.0,1.0303
2024-04-16,7,0.4121,0.075,0.3371
2024-04-16,8,58.0,14.75,43.25
2024-04-16,9,18.6474,7.5603,11.087
2024-04-16,10,16.288,5.1937,11.0943
2024-04-16,11,29.757,15.9454,13.8116
2024-04-16,12,3.7088,1.4127,2.2962
2024-04-16,13,2.923,0.8477,2.0754
2024-04-16,14,32.1873,12.557,19.6304
2024-04-16,15,9.5786,4.6329,4.9457
2024-04-16,16,17.0,6.31,10.69
2024-04-16,17,8.0692,0.0,8.0692
2024-04-16,18,8.6005,3.4771,5.1234
2024-04-16,19,5.819,3.7473,8.0717
2024-04-16,20,4.4391,2.0826,2.3566
2024-04-16,21,8.9696,2.5595,6.4101
2024-04-16,22,7.4857,2.9146,4.5711
2024-04-16,23,5.2863,3.2546,6.0316
2024-04-16,24,4.7721,1.3258,3.4463
2024-04-16,25,1.1142,0.1468,0.9674
2024-04-16,26,1.0031,0.3055,0.6976
2024-04-16,27,1266.046,496.6652,769.3809
2024-04-16,28,351.4379,146.2106,205.2273
2024-04-16,29,1613.5937,737.9701,875.6235999999999
2024-04-16,30,974.7145,735.2919,239.4226
2024-04-17,1,3.4379,1.129,2.3089
2024-04-17,2,1.4667,1.0981,2.8686
2024-04-17,3,1.1902,0.936,2.2543
2024-04-17,4,1.2201,0.5519,0.6682
2024-04-17,5,0.6117,0.3031,1.3085
2024-04-17,6,1.0303,0.3619,0.6684
2024-04-17,7,0.3371,0.0977,0.2394
2024-04-17,8,43.25,16.3643,26.8857
2024-04-17,9,11.087,6.9435,19.1435
2024-04-17,10,11.0943,5.0864,16.0079
2024-04-17,11,13.8116,12.8715,32.9402
2024-04-17,12,2.2962,2.1564,3.6398
2024-04-17,13,2.0754,1.2298,3.3455
2024-04-17,14,19.6304,14.9056,35.7248
2024-04-17,15,4.9457,3.3019,10.6438
2024-04-17,16,10.69,6.1264,13.5635
2024-04-17,17,8.0692,4.0776,3.9916
2024-04-17,18,5.1234,3.3183,8.8051
2024-04-17,19,8.0717,3.7182,4.3535
2024-04-17,20,2.3566,2.3136,5.043
2024-04-17,21,6.4101,5.912,11.4981
2024-04-17,22,4.5711,2.8319,7.7392
2024-04-17,23,6.0316,1.8049,4.2267
2024-04-17,24,3.4463,1.6206,4.8257
2024-04-17,25,0.9674,0.1803,0.7871
2024-04-17,26,0.6976,0.4057,0.2919
2024-04-17,27,769.3809,516.8493,1402.5315
2024-04-17,28,205.2273,167.2224,388.005
2024-04-17,29,995.554,738.7906,256.76339999999993
2024-04-17,30,481.2267,738.3011,0.0
2024-04-18,1,2.3089,1.4612,3.3477
2024-04-18,2,2.8686,1.2563,1.6123
2024-04-18,3,2.2543,0.7847,1.4695
2024-04-18,4,0.6682,0.5269,1.6413
2024-04-18,5,1.3085,0.244,1.0645
2024-04-18,6,0.6684,0.5572,1.1112
2024-04-18,7,0.2394,0.1045,0.1349
2024-04-18,8,26.8857,22.416,47.4697
2024-04-18,9,19.1435,6.54,12.6036
2024-04-18,10,16.0079,5.6533,10.3546
2024-04-18,11,32.9402,22.297,32.6432
2024-04-18,12,3.6398,1.0178,2.622
2024-04-18,13,3.3455,1.382,1.9635
2024-04-18,14,35.7248,16.0073,19.7176
2024-04-18,15,10.6438,3.3583,7.2854
2024-04-18,16,13.5635,5.2497,8.3139
2024-04-18,17,3.9916,3.4107,9.5809
2024-04-18,18,8.8051,3.0207,5.7844
2024-04-18,19,4.3535,3.3734,7.4801
2024-04-18,20,5.043,1.3252,3.7178
2024-04-18,21,11.4981,4.6085,6.8895
2024-04-18,22,7.7392,2.3951,5.3441
2024-04-18,23,4.2267,1.043,3.1837
2024-04-18,24,4.8257,1.5238,3.3019
2024-04-18,25,0.7871,0.2855,0.5017
2024-04-18,26,0.2919,0.2919,1.0
2024-04-18,27,1402.5315,600.3557,802.1758
2024-04-18,28,388.005,118.4406,269.5644
2024-04-18,29,1759.9725,772.2442,987.7283000000001
2024-04-18,30,1110.113,779.8727,330.24030000000005
2024-04-19,1,3.3477,0.0,3.3477
2024-04-19,2,1.6123,1.0979,3.0144
2024-04-19,3,1.4695,0.7168,0.7528
2024-04-19,4,1.6413,0.4935,1.1478
2024-04-19,5,1.0645,0.4334,0.631
2024-04-19,6,1.1112,0.3364,0.7747
2024-04-19,7,0.1349,0.0718,0.5632
2024-04-19,8,47.4697,22.105,25.3647
2024-04-19,9,12.6036,6.9566,18.647
2024-04-19,10,10.3546,6.9414,16.4132
2024-04-19,11,32.6432,13.493,19.1502
2024-04-19,12,2.622,1.4956,3.6264
2024-04-19,13,1.9635,1.1201,3.3435
2024-04-19,14,19.7176,12.3564,36.3612
2024-04-19,15,7.2854,4.1039,11.1815
2024-04-19,16,8.3139,0.0,8.3139
2024-04-19,17,9.5809,3.3996,6.1813
2024-04-19,18,5.7844,3.8667,9.9177
2024-04-19,19,7.4801,3.1485,4.3316
2024-04-19,20,3.7178,2.5347,4.6831
2024-04-19,21,6.8895,5.1109,11.7787
2024-04-19,22,5.3441,3.1164,7.7277
2024-04-19,23,3.1837,2.6669,6.0168
2024-04-19,24,3.3019,1.4981,4.8038
2024-04-19,25,0.5017,0.3822,1.1195
2024-04-19,26,1.0,0.1921,0.8079
2024-04-19,27,802.1758,570.8425,1431.3333
2024-04-19,28,269.5644,166.2697,403.2947
2024-04-19,29,1051.0811,780.3095,270.77160000000015
2024-04-19,30,715.1265,789.1892,0.0
2024-04-20,1,3.3477,1.5426,1.8052
2024-04-20,2,3.0144,1.2955,1.7188
2024-04-20,3,0.7528,0.7528,2.5
2024-04-20,4,1.1478,0.6721,1.9757
2024-04-20,5,0.631,0.4141,1.2169
2024-04-20,6,0.7747,0.5693,1.7054
2024-04-20,7,0.5632,0.1091,0.454
2024-04-20,8,25.3647,25.3647,59.0
2024-04-20,9,18.647,7.4557,11.1913
2024-04-20,10,16.4132,0.0,16.4132
2024-04-20,11,19.1502,15.7687,41.3815
2024-04-20,12,3.6264,1.7288,1.8976
2024-04-20,13,3.3435,1.4561,1.8874
2024-04-20,14,36.3612,17.7384,18.6228
2024-04-20,15,11.1815,5.8836,14.2979
2024-04-20,16,8.3139,5.4954,17.8184
2024-04-20,17,6.1813,4.3961,11.7852
2024-04-20,18,9.9177,4.895,5.0227
2024-04-20,19,4.3316,3.1598,9.6718
2024-04-20,20,4.6831,1.7548,2.9284
2024-04-20,21,11.7787,9.8766,14.902
2024-04-20,22,7.7277,2.8247,4.903
2024-04-20,23,6.0168,2.4807,3.5361
2024-04-20,24,4.8038,1.6004,3.2034
2024-04-20,25,1.1195,0.5383,0.5811
2024-04-20,26,0.8079,0.3864,0.4215
2024-04-20,27,1431.3333,636.4398,794.8934
2024-04-20,28,403.2947,183.5992,219.6955
2024-04-20,29,1839.2071,687.9243,1151.2828
2024-04-20,30,1155.3349,693.5089,461.826
2024-04-21,1,1.8052,1.6017,4.7035
2024-04-21,2,1.7188,1.1503,4.0686
2024-04-21,3,2.5,0.762,1.738
2024-04-21,4,1.9757,0.4504,1.5252
2024-04-21,5,1.2169,0.5424,0.6745
2024-04-21,6,1.7054,0.7117,0.9937
2024-04-21,7,0.454,0.0803,0.3737
2024-04-21,8,59.0,24.0082,34.9918
2024-04-21,9,11.1913,9.4553,24.736
2024-04-21,10,16.4132,8.4258,21.9873
2024-04-21,11,41.3815,17.7644,23.6171
2024-04-21,12,1.8976,1.8475,5.0501
2024-04-21,13,1.8874,1.564,4.3234
2024-04-21,14,18.6228,18.6228,48.0
2024-04-21,15,14.2979,6.4304,7.8675
2024-04-21,16,17.8184,6.9311,10.8873
2024-04-21,17,11.7852,4.9245,6.8607
2024-04-21,18,5.0227,4.4368,12.5859
2024-04-21,19,9.6718,3.7451,5.9267
2024-04-21,20,2.9284,2.6274,6.3009
2024-04-21,21,14.902,6.2281,8.6739
2024-04-21,22,4.903,4.8024,10.1006
2024-04-21,23,3.5361,1.37,7.666
2024-04-21,24,3.2034,2.5373,6.6661
2024-04-21,25,0.5811,0.3408,1.2403
2024-04-21,26,0.4215,0.1922,1.2294
2024-04-21,27,794.8934,794.8934,1900.0
2024-04-21,28,219.6955,175.6585,494.0369
2024-04-21,29,2366.1783,969.3841,1396.7942
2024-04-21,30,1155.3349,976.831,178.50390000000004
2024-04-22,1,4.7035,1.1947,3.5088
2024-04-22,2,4.0686,1.1857,2.8829
2024-04-22,3,1.738,0.8317,0.9064
2024-04-22,4,1.5252,0.4334,1.0918
2024-04-22,5,0.6745,0.3775,0.2971
2024-04-22,6,0.9937,0.3866,0.6071
2024-04-22,7,0.3737,0.0,0.3737
2024-04-22,8,34.9918,22.1314,12.8604
2024-04-22,9,24.736,5.7166,19.0194
2024-04-22,10,21.9873,5.1061,16.8813
2024-04-22,11,23.6171,18.9545,4.6626
2024-04-22,12,5.0501,1.6872,3.3629
2024-04-22,13,4.3234,0.8597,3.4637
2024-04-22,14,48.0,12.91,35.09
2024-04-22,15,7.8675,3.8857,3.9818
2024-04-22,16,10.8873,5.7955,5.0918
2024-04-22,17,6.8607,3.1475,3.7132
2024-04-22,18,12.5859,3.1661,9.4198
2024-04-22,19,5.9267,2.5374,3.3892
2024-04-22,20,6.3009,2.3712,3.9297
2024-04-22,21,8.6739,5.6492,3.0246
2024-04-22,22,10.1006,3.1155,6.9851
2024-04-22,23,7.666,1.8708,5.7952
2024-04-22,24,6.6661,2.3281,4.338
2024-04-22,25,1.2403,0.435,0.8054
2024-04-22,26,1.2294,0.3983,0.8311
2024-04-22,27,1900.0,602.6095,1297.3905
2024-04-22,28,494.0369,143.8786,350.1583
2024-04-22,29,1526.4085,814.1599,712.2486
2024-04-22,30,577.0991,803.2155,0.0
2024-04-23,1,3.5088,1.2281,2.2807
2024-04-23,2,2.8829,1.3148,1.5681
2024-04-23,3,0.9064,0.7664,2.14
2024-04-23,4,1.0918,0.576,1.5158
2024-04-23,5,0.2971,0.2971,1.0
2024-04-23,6,0.6071,0.561,1.5461
2024-04-23,7,0.3737,0.0,0.3737
2024-04-23,8,12.8604,12.8604,53.0
2024-04-23,9,19.0194,9.3082,9.7112
2024-04-23,10,16.8813,5.1551,11.7262
2024-04-23,11,4.6626,4.6626,36.0
2024-04-23,12,3.3629,1.3673,1.9956
2024-04-23,13,3.4637,2.1964,3.7673
2024-04-23,14,35.09,14.8612,20.2288
2024-04-23,15,3.9818,3.9818,12.0
2024-04-23,16,5.0918,4.8605,14.2313
2024-04-23,17,3.7132,3.7132,10.0
2024-04-23,18,9.4198,3.0038,6.4159
2024-04-23,19,3.3892,3.3241,8.5652
2024-04-23,20,3.9297,2.4045,5.5252
2024-04-23,21,3.0246,3.0246,13.0
2024-04-23,22,6.9851,3.1327,3.8525
2024-04-23,23,5.7952,1.6907,4.1045
2024-04-23,24,4.338,1.5865,2.7515
2024-04-23,25,0.8054,0.5031,1.3023
2024-04-23,26,0.8311,0.1888,0.6423
2024-04-23,27,1297.3905,628.3596,669.0309
2024-04-23,28,350.1583,156.9048,193.2536
2024-04-23,29,818.2719,824.4267,0.0
2024-04-23,30,109.8793,816.8487,0.0
2024-04-24,1,2.2807,1.4671,3.8136
2024-04-24,2,1.5681,1.1851,2.883
2024-04-24,3,2.14,0.7705,1.3695
2024-04-24,4,1.5158,0.5064,1.0094
2024-04-24,5,1.0,0.3897,0.6103
2024-04-24,6,1.5461,0.4373,1.1088
2024-04-24,7,0.3737,0.0816,0.2921
2024-04-24,8,53.0,21.2211,31.7789
2024-04-24,9,9.7112,6.755,19.9561
2024-04-24,10,11.7262,4.7047,7.0215
2024-04-24,11,36.0,10.1662,25.8338
2024-04-24,12,1.9956,1.7625,4.2331
2024-04-24,13,3.7673,1.2759,2.4914
2024-04-24,14,20.2288,15.2561,37.9727
2024-04-24,15,12.0,4.2511,7.7489
2024-04-24,16,14.2313,5.4216,8.8097
2024-04-24,17,10.0,4.0822,5.9178
2024-04-24,18,6.4159,4.2599,10.1561
2024-04-24,19,8.5652,3.3827,5.1825
2024-04-24,20,5.5252,0.0,5.5252
2024-04-24,21,13.0,5.013,7.987
2024-04-24,22,3.8525,0.0,3.8525
2024-04-24,23,4.1045,1.6928,2.4117
2024-04-24,24,2.7515,2.0729,5.6786
2024-04-24,25,1.3023,0.303,0.9993
2024-04-24,26,0.6423,0.357,0.7853
2024-04-24,27,669.0309,587.2705,1481.7604
2024-04-24,28,193.2536,118.1552,375.0983
2024-04-24,29,1905.4662,760.001,1145.4652
2024-04-24,30,1100.0,753.1518,346.8482
2024-04-25,1,3.8136,1.5518,2.2619
2024-04-25,2,2.883,1.2741,1.6089
2024-04-25,3,1.3695,0.9458,2.4237
2024-04-25,4,1.0094,0.5462,1.4632
2024-04-25,5,0.6103,0.5149,1.0954
2024-04-25,6,1.1088,0.0,1.1088
2024-04-25,7,0.2921,0.0707,0.2214
2024-04-25,8,31.7789,19.432,50.347
2024-04-25,9,19.9561,0.0,19.9561
2024-04-25,10,7.0215,6.2033,17.8182
2024-04-25,11,25.8338,9.8421,15.9917
2024-04-25,12,4.2331,1.6112,2.6219
2024-04-25,13,2.4914,1.127,1.3644
2024-04-25,14,37.9727,15.0614,22.9113
2024-04-25,15,7.7489,4.0303,11.7185
2024-04-25,16,8.8097,5.1724,14.6373
2024-04-25,17,5.9178,3.576,9.3418
2024-04-25,18,10.1561,4.1667,5.9894
2024-04-25,19,5.1825,2.3027,8.3798
2024-04-25,20,5.5252,1.5101,4.0151
2024-04-25,21,7.987,2.9854,5.0017
2024-04-25,22,3.8525,3.8525,8.0
2024-04-25,23,2.4117,1.7715,6.1403
2024-04-25,24,5.6786,2.0838,3.5947
2024-04-25,25,0.9993,0.4877,0.5116
2024-04-25,26,0.7853,0.2771,0.5081
2024-04-25,27,1481.7604,611.9436,869.8169
2024-04-25,28,375.0983,163.1385,211.9598
2024-04-25,29,1054.2103,858.6583,195.5519999999999
2024-04-25,30,635.7529,859.2889,0.0
2024-04-26,1,2.2619,1.1897,3.5722
2024-04-26,2,1.6089,1.1926,2.9163
2024-04-26,3,2.4237,0.5729,1.8508
2024-04-26,4,1.4632,0.6486,0.8146
2024-04-26,5,1.0954,0.3556,0.7398
2024-04-26,6,1.1088,0.3329,0.7759
2024-04-26,7,0.2214,0.138,0.5835
2024-04-26,8,50.347,25.3828,24.9642
2024-04-26,9,19.9561,5.7885,14.1676
2024-04-26,10,17.8182,5.9491,11.869
2024-04-26,11,15.9917,13.8565,35.1352
2024-04-26,12,2.6219,1.6127,4.0093
2024-04-26,13,1.3644,1.3644,3.5
2024-04-26,14,22.9113,14.4128,38.4984
2024-04-26,15,11.7185,4.9529,6.7656
2024-04-26,16,14.6373,7.1725,7.4649
2024-04-26,17,9.3418,3.4783,5.8635
2024-04-26,18,5.9894,4.4186,9.5709
2024-04-26,19,8.3798,3.2119,5.1679
2024-04-26,20,4.0151,1.2921,2.723
2024-04-26,21,5.0017,3.2238,12.7779
2024-04-26,22,8.0,2.5639,5.4361
2024-04-26,23,6.1403,2.3978,3.7424
2024-04-26,24,3.5947,1.388,2.2068
2024-04-26,25,0.5116,0.3983,1.1133
2024-04-26,26,0.5081,0.2762,1.2319
2024-04-26,27,869.8169,653.9789,1515.838
2024-04-26,28,211.9598,154.4129,407.5469
2024-04-26,29,1852.2336,884.1228,968.1108
2024-04-26,30,1156.6291,880.2512,276.37790000000007
2024-04-27,1,3.5722,1.4353,2.1368
2024-04-27,2,2.9163,1.5151,3.9012
2024-04-27,3,1.8508,0.994,2.8568
2024-04-27,4,0.8146,0.6378,2.1767
2024-04-27,5,0.7398,0.5298,1.71
2024-04-27,6,0.7759,0.432,1.8439
2024-04-27,7,0.5835,0.1088,0.4746
2024-04-27,8,24.9642,24.9642,64.0
2024-04-27,9,14.1676,8.5132,25.6545
2024-04-27,10,11.869,8.6307,22.2384
2024-04-27,11,35.1352,21.2617,44.8735
2024-04-27,12,4.0093,1.9518,2.0575
2024-04-27,13,3.5,1.6815,1.8185
2024-04-27,14,38.4984,21.0343,49.4641
2024-04-27,15,6.7656,5.0322,14.7334
2024-04-27,16,7.4649,5.9784,18.4865
2024-04-27,17,5.8635,5.1975,12.6659
2024-04-27,18,9.5709,5.2021,12.3687
2024-04-27,19,5.1679,3.9812,10.1866
2024-04-27,20,2.723,2.723,6.5
2024-04-27,21,12.7779,3.8831,8.8948
2024-04-27,22,5.4361,2.7974,10.1386
2024-04-27,23,3.7424,2.4347,7.8078
2024-04-27,24,2.2068,2.2068,7.0
2024-04-27,25,1.1133,0.5744,0.5389
2024-04-27,26,1.2319,0.7006,0.5313
2024-04-27,27,1515.838,706.8719,808.9661
2024-04-27,28,407.5469,191.8331,215.7138
2024-04-27,29,1086.6917,926.9191,159.77260000000012
2024-04-27,30,726.9641,930.9166,0.0
2024-04-28,1,2.1368,2.1368,5.5
2024-04-28,2,3.9012,1.9949,1.9063
2024-04-28,3,2.8568,1.2568,1.6
2024-04-28,4,2.1767,1.2076,0.9691
2024-04-28,5,1.71,0.4211,1.2889
2024-04-28,6,1.8439,0.7252,1.1188
2024-04-28,7,0.4746,0.19,0.2847
2024-04-28,8,64.0,24.6608,39.3392
2024-04-28,9,25.6545,12.6255,13.029
2024-04-28,10,22.2384,13.9004,27.338
2024-04-28,11,44.8735,15.3862,29.4872
2024-04-28,12,2.0575,2.0575,6.5
2024-04-28,13,1.8185,1.8185,5.5
2024-04-28,14,49.4641,23.0757,26.3884
2024-04-28,15,14.7334,6.4056,8.3278
2024-04-28,16,18.4865,7.6127,10.8738
2024-04-28,17,12.6659,6.2559,6.41
2024-04-28,18,12.3687,5.8744,6.4943
2024-04-28,19,10.1866,5.665,13.0217
2024-04-28,20,6.5,3.5888,7.9112
2024-04-28,21,8.8948,5.5564,20.3383
2024-04-28,22,10.1386,6.3349,13.3037
2024-04-28,23,7.8078,3.3211,4.4867
2024-04-28,24,7.0,2.9406,4.0594
2024-04-28,25,0.5389,0.5389,1.5
2024-04-28,26,0.5313,0.4814,1.5499
2024-04-28,27,808.9661,808.9661,2350.0
2024-04-28,28,215.7138,215.7138,600.0
2024-04-28,29,2527.9356,1032.7248,1495.2107999999998
2024-04-28,30,1528.0107,1023.9013,504.10940000000005
2024-04-29,1,5.5,1.7443,3.7557
2024-04-29,2,1.9063,1.9063,5.0
2024-04-29,3,1.6,1.3284,3.2716
2024-04-29,4,0.9691,0.9691,2.5
2024-04-29,5,1.2889,0.5743,0.7147
2024-04-29,6,1.1188,0.5202,2.0986
2024-04-29,7,0.2847,0.1331,0.6515
2024-04-29,8,39.3392,30.8507,80.4885
2024-04-29,9,13.029,13.029,32.0
2024-04-29,10,27.338,12.299,15.0389
2024-04-29,11,29.4872,21.9101,56.5771
2024-04-29,12,6.5,3.1011,3.3989
2024-04-29,13,5.5,2.0291,3.4709
2024-04-29,14,26.3884,22.7535,59.635
2024-04-29,15,8.3278,6.2685,18.0592
2024-04-29,16,10.8738,7.964,22.9098
2024-04-29,17,6.41,5.4496,14.9604
2024-04-29,18,6.4943,5.8093,15.685
2024-04-29,19,13.0217,4.5013,8.5204
2024-04-29,20,7.9112,3.9788,3.9323
2024-04-29,21,20.3383,7.2839,13.0545
2024-04-29,22,13.3037,4.7315,8.5723
2024-04-29,23,4.4867,4.0193,9.9674
2024-04-29,24,4.0594,3.5202,8.5392
2024-04-29,25,1.5,0.3986,1.1014
2024-04-29,26,1.5499,0.4178,1.1321
2024-04-29,27,2350.0,870.4676,1479.5324
2024-04-29,28,600.0,227.7683,372.2317
2024-04-29,29,1504.6913,1076.4532,428.23810000000003
2024-04-29,30,874.3036,1085.2288,0.0
2024-04-30,1,3.7557,2.0858,5.6699
2024-04-30,2,5.0,1.5513,3.4487
2024-04-30,3,3.2716,1.3996,1.872
2024-04-30,4,2.5,0.8478,1.6522
2024-04-30,5,0.7147,0.4627,1.7519
2024-04-30,6,2.0986,1.2226,0.876
2024-04-30,7,0.6515,0.1081,0.5435
2024-04-30,8,80.4885,38.5173,41.9712
2024-04-30,9,32.0,12.3483,19.6517
2024-04-30,10,15.0389,10.2741,27.7648
2024-04-30,11,56.5771,0.0,56.5771
2024-04-30,12,3.3989,1.5914,6.3076
2024-04-30,13,3.4709,2.5691,5.4018
2024-04-30,14,59.635,23.8361,35.7989
2024-04-30,15,18.0592,6.2116,11.8477
2024-04-30,16,22.9098,9.784,13.1258
2024-04-30,17,14.9604,6.5044,8.456
2024-04-30,18,15.685,0.0,15.685
2024-04-30,19,8.5204,5.588,12.9325
2024-04-30,20,3.9323,2.7894,8.143
2024-04-30,21,13.0545,7.4708,19.5837
2024-04-30,22,8.5723,3.6733,13.399
2024-04-30,23,9.9674,4.3903,5.5771
2024-04-30,24,8.5392,2.7871,5.7521
2024-04-30,25,1.1014,0.9171,1.6844
2024-04-30,26,1.1321,0.43,0.7022
2024-04-30,27,1479.5324,1092.9061,2386.6263
2024-04-30,28,372.2317,224.4349,597.7969
2024-04-30,29,2935.398,1501.022,1434.3760000000002
2024-04-30,30,1804.9639,1481.506,323.4578999999999
2024-05-01,1,5.6699,2.2246,3.4453
2024-05-01,2,3.4487,2.1119,4.8368
2024-05-01,3,1.872,1.3413,3.5307
2024-05-01,4,1.6522,0.9491,2.7031
2024-05-01,5,1.7519,0.5693,1.1827
2024-05-01,6,0.876,0.771,2.105
2024-05-01,7,0.5435,0.1055,0.438
2024-05-01,8,41.9712,28.3609,78.6103
2024-05-01,9,19.6517,14.2197,31.432
2024-05-01,10,27.7648,12.9445,14.8203
2024-05-01,11,56.5771,25.0145,31.5626
2024-05-01,12,6.3076,3.0291,3.2785
2024-05-01,13,5.4018,2.2503,3.1515
2024-05-01,14,35.7989,26.4059,60.393
2024-05-01,15,11.8477,8.5701,18.2776
2024-05-01,16,13.1258,8.5545,22.5713
2024-05-01,17,8.456,5.233,15.223
2024-05-01,18,15.685,5.27,10.4151
2024-05-01,19,12.9325,5.8714,7.0611
2024-05-01,20,8.143,5.2342,7.9088
2024-05-01,21,19.5837,9.5889,9.9948
2024-05-01,22,13.399,3.817,9.582
2024-05-01,23,5.5771,3.0605,9.5166
2024-05-01,24,5.7521,3.5378,8.2143
2024-05-01,25,1.6844,0.4431,1.2413
2024-05-01,26,0.7022,0.4794,1.2227
2024-05-01,27,2386.6263,913.5465,1473.0798
2024-05-01,28,597.7969,241.8869,355.9099
2024-05-01,29,1808.1742,1176.7991,631.3751
2024-05-01,30,1040.6068,1169.5636,0.0
2024-05-02,1,3.4453,2.3848,5.5605
2024-05-02,2,4.8368,2.1214,2.7154
2024-05-02,3,3.5307,1.1595,2.3713
2024-05-02,4,2.7031,1.0586,1.6445
2024-05-02,5,1.1827,0.442,0.7407
2024-05-02,6,2.105,0.5465,1.5584
2024-05-02,7,0.438,0.1394,0.2986
2024-05-02,8,78.6103,33.5937,45.0166
2024-05-02,9,31.432,12.5481,18.8839
2024-05-02,10,14.8203,12.1782,28.6421
2024-05-02,11,31.5626,23.1605,58.4021
2024-05-02,12,3.2785,2.5169,6.2616
2024-05-02,13,3.1515,1.8434,5.8081
2024-05-02,14,60.393,26.6579,33.7351
2024-05-02,15,18.2776,7.0511,11.2265
2024-05-02,16,22.5713,11.2663,11.305
2024-05-02,17,15.223,7.0482,8.1748
2024-05-02,18,10.4151,6.36,16.0551
2024-05-02,19,7.0611,4.7575,13.3037
2024-05-02,20,7.9088,4.694,8.2148
2024-05-02,21,9.9948,6.3964,20.5985
2024-05-02,22,9.582,4.5822,13.4998
2024-05-02,23,9.5166,3.8024,5.7142
2024-05-02,24,8.2143,3.0018,5.2125
2024-05-02,25,1.2413,1.0717,1.6696
2024-05-02,26,1.2227,0.3691,0.8536
2024-05-02,27,1473.0798,883.0066,2390.0732
2024-05-02,28,355.9099,234.9253,620.9846
2024-05-02,29,3056.9852,1298.7561,1758.2291
2024-05-02,30,1812.5819,1303.6542,508.92769999999996
2024-05-03,1,5.5605,2.2352,3.3254
2024-05-03,2,2.7154,2.6187,4.5967
2024-05-03,3,2.3713,1.0288,1.3425
2024-05-03,4,1.6445,1.0312,2.6133
2024-05-03,5,0.7407,0.6503,1.5904
2024-05-03,6,1.5584,0.8351,2.2233
2024-05-03,7,0.2986,0.1505,0.6481
2024-05-03,8,45.0166,28.1193,77.8973
2024-05-03,9,18.8839,10.2859,31.598
2024-05-03,10,28.6421,13.4468,15.1953
2024-05-03,11,58.4021,19.8056,38.5964
2024-05-03,12,6.2616,3.3243,2.9373
2024-05-03,13,5.8081,2.2869,3.5212
2024-05-03,14,33.7351,32.3819,60.3532
2024-05-03,15,11.2265,6.6783,18.5482
2024-05-03,16,11.305,11.1866,23.1184
2024-05-03,17,8.1748,7.4899,15.6849
2024-05-03,18,16.0551,6.0962,9.9588
2024-05-03,19,13.3037,4.017,9.2866
2024-05-03,20,8.2148,2.6358,5.579
2024-05-03,21,20.5985,5.2675,15.3309
2024-05-03,22,13.4998,4.2295,9.2703
2024-05-03,23,5.7142,3.1445,9.5697
2024-05-03,24,5.2125,3.8465,8.366
2024-05-03,25,1.6696,0.5086,1.161
2024-05-03,26,0.8536,0.4447,1.409
2024-05-03,27,2390.0732,1041.7031,1348.3701
2024-05-03,28,620.9846,243.2274,377.7572
2024-05-03,29,2023.7559,1326.145,697.6109000000001
2024-05-03,30,1274.9753,1339.5482,0.0
2024-05-04,1,3.3254,1.7406,5.0848
2024-05-04,2,4.5967,1.864,2.7327
2024-05-04,3,1.3425,0.9956,2.8468
2024-05-04,4,2.6133,0.7783,1.835
2024-05-04,5,1.5904,0.4455,1.1449
2024-05-04,6,2.2233,0.7029,1.5204
2024-05-04,7,0.6481,0.0904,0.5577
2024-05-04,8,77.8973,20.7592,57.1382
2024-05-04,9,31.598,10.3675,21.2305
2024-05-04,10,15.1953,9.1073,24.088
2024-05-04,11,38.5964,21.041,48.5554
2024-05-04,12,2.9373,2.4408,5.4965
2024-05-04,13,3.5212,1.5381,1.9832
2024-05-04,14,60.3532,20.6776,39.6755
2024-05-04,15,18.5482,7.0583,11.4899
2024-05-04,16,23.1184,8.6018,14.5167
2024-05-04,17,15.6849,6.0934,9.5915
2024-05-04,18,9.9588,5.1955,13.7633
2024-05-04,19,9.2866,3.8509,5.4357
2024-05-04,20,5.579,3.0657,7.0133
2024-05-04,21,15.3309,5.3765,9.9544
2024-05-04,22,9.2703,3.4219,5.8483
2024-05-04,23,9.5697,4.4968,5.0729
2024-05-04,24,8.366,2.0076,6.3584
2024-05-04,25,1.161,0.5131,0.6479
2024-05-04,26,1.409,0.2262,1.1828
2024-05-04,27,1348.3701,939.6165,2058.7536
2024-05-04,28,377.7572,184.4037,543.3534
2024-05-04,29,3085.1983,1167.4564,1917.7419
2024-05-04,30,1842.3943,1162.5304,679.8638999999998
2024-05-05,1,5.0848,1.6978,3.3869
2024-05-05,2,2.7327,2.3809,4.3518
2024-05-05,3,2.8468,0.0,2.8468
2024-05-05,4,1.835,0.6672,1.1678
2024-05-05,5,1.1449,0.6193,1.5256
2024-05-05,6,1.5204,0.8116,0.7088
2024-05-05,7,0.5577,0.133,0.4247
2024-05-05,8,57.1382,22.9625,34.1757
2024-05-05,9,21.2305,8.8584,12.372
2024-05-05,10,24.088,0.0,24.088
2024-05-05,11,48.5554,17.5575,30.9979
2024-05-05,12,5.4965,1.8726,3.6239
2024-05-05,13,1.9832,1.8307,4.6524
2024-05-05,14,39.6755,20.5766,53.099
2024-05-05,15,11.4899,6.3988,16.091
2024-05-05,16,14.5167,7.8333,19.6834
2024-05-05,17,9.5915,5.0857,13.5058
2024-05-05,18,13.7633,4.2562,9.5071
2024-05-05,19,5.4357,3.8871,12.0485
2024-05-05,20,7.0133,4.2727,7.2405
2024-05-05,21,9.9544,9.9147,18.0397
2024-05-05,22,5.8483,5.8483,12.0
2024-05-05,23,5.0729,3.2581,8.8148
2024-05-05,24,6.3584,2.2695,4.0889
2024-05-05,25,0.6479,0.6479,1.5
2024-05-05,26,1.1828,0.4901,0.6927
2024-05-05,27,2058.7536,783.8132,1274.9404
2024-05-05,28,543.3534,222.7443,320.6092
2024-05-05,29,1971.5854,1214.4597,757.1256999999998
2024-05-05,30,1275.5244,1225.2846,50.23980000000006
2024-05-06,1,3.3869,1.9363,1.4506
2024-05-06,2,4.3518,1.0653,3.2865
2024-05-06,3,2.8468,0.877,1.9698
2024-05-06,4,1.1678,0.5933,0.5744
2024-05-06,5,1.5256,0.413,1.1126
2024-05-06,6,0.7088,0.5219,0.187
2024-05-06,7,0.4247,0.1332,0.2914
2024-05-06,8,34.1757,18.4344,15.7413
2024-05-06,9,12.372,7.7079,4.6641
2024-05-06,10,24.088,8.1406,15.9474
2024-05-06,11,30.9979,14.8873,16.1107
2024-05-06,12,3.6239,1.0439,2.58
2024-05-06,13,4.6524,1.0475,3.605
2024-05-06,14,53.099,16.5339,36.5651
2024-05-06,15,16.091,4.1651,11.9259
2024-05-06,16,19.6834,5.4285,14.2549
2024-05-06,17,13.5058,4.1823,9.3235
2024-05-06,18,9.5071,4.5816,4.9255
2024-05-06,19,12.0485,4.5116,7.5369
2024-05-06,20,7.2405,1.8982,5.3423
2024-05-06,21,18.0397,5.9004,12.1394
2024-05-06,22,12.0,4.0777,7.9223
2024-05-06,23,8.8148,2.0303,6.7845
2024-05-06,24,4.0889,2.3758,1.7132
2024-05-06,25,1.5,0.4515,1.0485
2024-05-06,26,0.6927,0.3516,0.3411
2024-05-06,27,1274.9404,659.4899,615.4505
2024-05-06,28,320.6092,178.269,142.3402
2024-05-06,29,2568.1243,898.182,1669.9423
2024-05-06,30,690.6464,900.2188,0.0
2024-05-07,1,1.4506,1.3425,0.1082
2024-05-07,2,3.2865,1.1349,2.1516
2024-05-07,3,1.9698,0.8792,1.0906
2024-05-07,4,0.5744,0.5744,0.0
2024-05-07,5,1.1126,0.4095,0.703
2024-05-07,6,0.187,0.187,0.0
2024-05-07,7,0.2914,0.1104,0.181
2024-05-07,8,15.7413,15.7413,0.0
2024-05-07,9,4.6641,4.6641,0.0
2024-05-07,10,15.9474,8.3945,7.553
2024-05-07,11,16.1107,14.3732,1.7375
2024-05-07,12,2.58,1.7696,0.8104
2024-05-07,13,3.605,1.1313,2.4736
2024-05-07,14,36.5651,16.3735,20.1916
2024-05-07,15,11.9259,4.9688,6.9571
2024-05-07,16,14.2549,6.28,7.9749
2024-05-07,17,9.3235,5.2701,4.0533
2024-05-07,18,4.9255,4.2506,0.6749
2024-05-07,19,7.5369,5.0318,2.5051
2024-05-07,20,5.3423,1.6635,3.6788
2024-05-07,21,12.1394,4.8063,7.3331
2024-05-07,22,7.9223,1.802,6.1203
2024-05-07,23,6.7845,1.3166,5.4679
2024-05-07,24,1.7132,1.4371,0.2761
2024-05-07,25,1.0485,0.3176,0.731
2024-05-07,26,0.3411,0.3411,0.0
2024-05-07,27,615.4505,615.4505,0.0
2024-05-07,28,142.3402,142.3402,0.0
2024-05-07,29,2568.1243,763.2579,1804.8663999999999
2024-05-07,30,242.9813,758.7778,0.0
2024-05-08,1,0.1082,0.0,4.1082
2024-05-08,2,2.1516,1.2401,3.4115
2024-05-08,3,1.0906,0.7547,2.3359
2024-05-08,4,0.0,0.0,2.0
2024-05-08,5,0.703,0.3286,1.3744
2024-05-08,6,0.0,0.0,1.5
2024-05-08,7,0.181,0.1025,0.5786
2024-05-08,8,0.0,0.0,55.0
2024-05-08,9,0.0,0.0,22.0
2024-05-08,10,7.553,6.2242,19.3288
2024-05-08,11,1.7375,1.7375,38.0
2024-05-08,12,0.8104,0.8104,4.5
2024-05-08,13,2.4736,2.0572,3.9164
2024-05-08,14,20.1916,16.9374,41.2542
2024-05-08,15,6.9571,5.5513,12.4058
2024-05-08,16,7.9749,6.5566,15.4184
2024-05-08,17,4.0533,3.616,10.4373
2024-05-08,18,0.6749,0.6749,11.0
2024-05-08,19,2.5051,2.5051,9.0
2024-05-08,20,3.6788,2.5286,5.6502
2024-05-08,21,7.3331,4.6755,13.6576
2024-05-08,22,6.1203,3.1743,8.9459
2024-05-08,23,5.4679,2.6944,2.7734
2024-05-08,24,0.2761,0.2761,6.0
2024-05-08,25,0.731,0.3731,1.3578
2024-05-08,26,0.0,0.0,1.0
2024-05-08,27,0.0,0.0,1600.0
2024-05-08,28,0.0,0.0,400.0
2024-05-08,29,1826.4575,29.7042,1796.7533
2024-05-08,30,0.0,30.118,0.0
2024-05-09,1,4.1082,2.0772,6.031
2024-05-09,2,3.4115,2.2681,5.1434
2024-05-09,3,2.3359,0.0,2.3359
2024-05-09,4,2.0,1.1131,2.8869
2024-05-09,5,1.3744,0.6221,0.7523
2024-05-09,6,1.5,0.6837,0.8163
2024-05-09,7,0.5786,0.1618,0.4168
2024-05-09,8,55.0,38.2612,83.7388
2024-05-09,9,22.0,15.7287,33.2713
2024-05-09,10,19.3288,12.414,28.9148
2024-05-09,11,38.0,18.7711,58.2289
2024-05-09,12,4.5,2.0519,6.4481
2024-05-09,13,3.9164,2.4534,5.9631
2024-05-09,14,41.2542,22.4462,62.808
2024-05-09,15,12.4058,0.0,12.4058
2024-05-09,16,15.4184,9.682,23.7364
2024-05-09,17,10.4373,6.0987,16.3386
2024-05-09,18,11.0,6.363,15.637
2024-05-09,19,9.0,2.9807,6.0193
2024-05-09,20,5.6502,3.1373,8.5129
2024-05-09,21,13.6576,11.6804,19.9772
2024-05-09,22,8.9459,4.9492,13.4968
2024-05-09,23,2.7734,2.7734,10.0
2024-05-09,24,6.0,2.9738,9.0262
2024-05-09,25,1.3578,0.5463,0.8115
2024-05-09,26,1.0,0.7098,1.2902
2024-05-09,27,1600.0,873.1887,2476.8113
2024-05-09,28,400.0,252.5093,647.4907
2024-05-09,29,1161.86,1204.6892,0.0
2024-05-09,30,1200.0,1214.6077,0.0
2024-05-10,1,6.031,2.0977,3.9333
2024-05-10,2,5.1434,1.7456,3.3978
2024-05-10,3,2.3359,1.3414,0.9945
2024-05-10,4,2.8869,1.0737,1.8132
2024-05-10,5,0.7523,0.6659,0.0864
2024-05-10,6,0.8163,0.6753,0.141
2024-05-10,7,0.4168,0.2261,0.1907
2024-05-10,8,83.7388,0.0,83.7388
2024-05-10,9,33.2713,13.8136,19.4577
2024-05-10,10,28.9148,17.1763,11.7385
2024-05-10,11,58.2289,24.5784,33.6504
2024-05-10,12,6.4481,2.2405,4.2076
2024-05-10,13,5.9631,1.952,4.0111
2024-05-10,14,62.808,20.3702,42.4378
2024-05-10,15,12.4058,7.8837,4.5222
2024-05-10,16,23.7364,9.8356,13.9008
2024-05-10,17,16.3386,6.7904,9.5483
2024-05-10,18,15.637,6.4908,9.1462
2024-05-10,19,6.0193,5.2319,0.7874
2024-05-10,20,8.5129,2.179,6.3339
2024-05-10,21,19.9772,13.1794,6.7978
2024-05-10,22,13.4968,5.565,7.9318
2024-05-10,23,10.0,4.8178,5.1822
2024-05-10,24,9.0262,2.8712,6.1549
2024-05-10,25,0.8115,0.5934,0.2181
2024-05-10,26,1.2902,0.509,0.7812
2024-05-10,27,2476.8113,985.6119,1491.1994
2024-05-10,28,647.4907,248.4232,399.0676
2024-05-10,29,3100.0,1289.962,1810.038
2024-05-10,30,1901.2952,1297.4517,603.8435
2024-05-11,1,3.9333,1.5483,2.3851
2024-05-11,2,3.3978,2.1178,4.2799
2024-05-11,3,0.9945,0.9945,3.0
2024-05-11,4,1.8132,0.86,0.9532
2024-05-11,5,0.0864,0.0864,1.5
2024-05-11,6,0.141,0.141,2.0
2024-05-11,7,0.1907,0.146,0.5447
2024-05-11,8,83.7388,31.0975,52.6413
2024-05-11,9,19.4577,13.314,29.1437
2024-05-11,10,11.7385,6.7594,24.9791
2024-05-11,11,33.6504,24.343,50.3074
2024-05-11,12,4.2076,1.6038,2.6038
2024-05-11,13,4.0111,1.7698,2.2412
2024-05-11,14,42.4378,22.5269,53.9109
2024-05-11,15,4.5222,4.5222,17.0
2024-05-11,16,13.9008,7.8879,21.0129
2024-05-11,17,9.5483,4.8869,13.6613
2024-05-11,18,9.1462,5.2263,13.9199
2024-05-11,19,0.7874,0.7874,11.5
2024-05-11,20,6.3339,2.9288,3.4051
2024-05-11,21,6.7978,6.7978,18.0
2024-05-11,22,7.9318,4.6872,11.7446
2024-05-11,23,5.1822,1.8705,8.8117
2024-05-11,24,6.1549,3.3676,7.7873
2024-05-11,25,0.2181,0.2181,1.5
2024-05-11,26,0.7812,0.4194,1.3618
2024-05-11,27,1491.1994,959.5299,2131.6695
2024-05-11,28,399.0676,233.748,565.3196
2024-05-11,29,1990.1143,1333.4062,656.7081000000001
2024-05-11,30,1139.1902,1331.5406,0.0
2024-05-12,1,2.3851,1.4296,4.9555
2024-05-12,2,4.2799,1.2513,3.0286
2024-05-12,3,3.0,0.9424,2.0576
2024-05-12,4,0.9532,0.9363,2.5169
2024-05-12,5,1.5,0.5657,0.9343
2024-05-12,6,2.0,0.6144,1.3856
2024-05-12,7,0.5447,0.1497,0.395
2024-05-12,8,52.6413,24.9071,70.7341
2024-05-12,9,29.1437,9.2287,19.915
2024-05-12,10,24.9791,6.3672,18.612
2024-05-12,11,50.3074,25.1218,25.1857
2024-05-12,12,2.6038,2.6038,5.5
2024-05-12,13,2.2412,1.8938,4.8474
2024-05-12,14,53.9109,24.2023,29.7086
2024-05-12,15,17.0,7.6705,9.3295
2024-05-12,16,21.0129,9.3292,11.6838
2024-05-12,17,13.6613,5.0709,8.5904
2024-05-12,18,13.9199,5.8261,8.0937
2024-05-12,19,11.5,2.4972,9.0028
2024-05-12,20,3.4051,3.3491,7.0559
2024-05-12,21,18.0,4.3647,13.6353
2024-05-12,22,11.7446,5.7405,6.0041
2024-05-12,23,8.8117,2.5666,6.2452
2024-05-12,24,7.7873,3.645,4.1423
2024-05-12,25,1.5,0.6279,0.8721
2024-05-12,26,1.3618,0.4847,0.8771
2024-05-12,27,2131.6695,819.9507,1311.7188
2024-05-12,28,565.3196,203.9435,361.3761
2024-05-12,29,1062.0619,1090.6461,0.0
2024-05-12,30,1620.0518,1100.6783,519.3734999999999
2024-05-13,1,4.9555,1.2316,3.7239
2024-05-13,2,3.0286,1.5493,1.4793
2024-05-13,3,2.0576,0.8066,1.251
2024-05-13,4,2.5169,0.826,1.6909
2024-05-13,5,0.9343,0.5137,1.4206
2024-05-13,6,1.3856,0.5159,0.8698
2024-05-13,7,0.395,0.0696,0.3254
2024-05-13,8,70.7341,22.2163,48.5179
2024-05-13,9,19.915,12.4897,22.4252
2024-05-13,10,18.612,8.4881,10.1239
2024-05-13,11,25.1857,17.4184,39.7673
2024-05-13,12,5.5,1.1454,4.3546
2024-05-13,13,4.8474,1.8553,2.9921
2024-05-13,14,29.7086,22.0095,41.6991
2024-05-13,15,9.3295,5.4079,12.9216
2024-05-13,16,11.6838,5.9702,15.7135
2024-05-13,17,8.5904,3.9705,4.6199
2024-05-13,18,8.0937,4.8215,11.2722
2024-05-13,19,9.0028,3.5802,5.4227
2024-05-13,20,7.0559,2.624,4.4319
2024-05-13,21,13.6353,7.6593,5.976
2024-05-13,22,6.0041,2.7486,9.2555
2024-05-13,23,6.2452,2.4722,3.773
2024-05-13,24,4.1423,1.7575,2.3849
2024-05-13,25,0.8721,0.4243,0.4478
2024-05-13,26,0.8771,0.1938,0.6833
2024-05-13,27,1311.7188,684.5234,1677.1954
2024-05-13,28,361.3761,168.7671,192.609
2024-05-13,29,2700.0,974.1904,1725.8096
2024-05-13,30,1012.2374,979.4506,32.78679999999997
2024-05-14,1,3.7239,1.4802,2.2437
2024-05-14,2,1.4793,1.4458,3.5335
2024-05-14,3,1.251,0.6931,2.5579
2024-05-14,4,1.6909,0.6578,1.0331
2024-05-14,5,1.4206,0.5099,0.9107
2024-05-14,6,0.8698,0.5282,1.3416
2024-05-14,7,0.3254,0.1072,0.2182
2024-05-14,8,48.5179,19.9583,28.5596
2024-05-14,9,22.4252,6.8764,15.5488
2024-05-14,10,10.1239,9.6249,19.4989
2024-05-14,11,39.7673,9.2072,30.5601
2024-05-14,12,4.3546,1.6223,2.7323
2024-05-14,13,2.9921,1.4673,1.5249
2024-05-14,14,41.6991,19.0111,22.688
2024-05-14,15,12.9216,6.3532,6.5684
2024-05-14,16,15.7135,7.1933,8.5203
2024-05-14,17,4.6199,4.5982,11.0217
2024-05-14,18,11.2722,3.8891,7.3832
2024-05-14,19,5.4227,2.9966,8.9261
2024-05-14,20,4.4319,1.972,2.4599
2024-05-14,21,5.976,5.8136,14.1623
2024-05-14,22,9.2555,4.9888,4.2667
2024-05-14,23,3.773,3.0186,6.7543
2024-05-14,24,2.3849,2.3849,6.0
2024-05-14,25,0.4478,0.4478,1.5
2024-05-14,26,0.6833,0.2917,0.3916
2024-05-14,27,1677.1954,591.9237,1085.2716
2024-05-14,28,192.609,168.6625,423.9465
2024-05-14,29,1910.5273,831.5085,1079.0187999999998
2024-05-14,30,503.9258,822.9568,0.0
2024-05-15,1,2.2437,1.7684,3.9752
2024-05-15,2,3.5335,0.9689,2.5646
2024-05-15,3,2.5579,0.7624,1.7955
2024-05-15,4,1.0331,0.5626,1.9705
2024-05-15,5,0.9107,0.441,0.4697
2024-05-15,6,1.3416,0.5413,0.8003
2024-05-15,7,0.2182,0.0931,0.1251
2024-05-15,8,28.5596,21.182,59.3776
2024-05-15,9,15.5488,7.699,23.8498
2024-05-15,10,19.4989,10.9542,8.5447
2024-05-15,11,30.5601,18.055,41.5051
2024-05-15,12,2.7323,2.3665,4.3658
2024-05-15,13,1.5249,1.5249,4.0
2024-05-15,14,22.688,20.0823,42.6057
2024-05-15,15,6.5684,5.2436,13.3248
2024-05-15,16,8.5203,5.62,15.9002
2024-05-15,17,11.0217,4.1997,6.822
2024-05-15,18,7.3832,0.0,7.3832
2024-05-15,19,8.9261,4.0297,4.8964
2024-05-15,20,2.4599,2.4599,6.0
2024-05-15,21,14.1623,6.5287,7.6337
2024-05-15,22,4.2667,4.2667,9.5
2024-05-15,23,6.7543,1.4307,5.3236
2024-05-15,24,6.0,2.3966,3.6034
2024-05-15,25,1.5,0.2067,1.2933
2024-05-15,26,0.3916,0.3916,1.0
2024-05-15,27,1085.2716,603.74,1681.5316
2024-05-15,28,423.9465,147.5155,276.431
2024-05-15,29,1127.3467,896.8338,230.51290000000006
2024-05-15,30,1300.0,904.2723,395.7277
2024-05-16,1,3.9752,1.6637,2.3115
2024-05-16,2,2.5646,1.0958,1.4688
2024-05-16,3,1.7955,0.8479,0.9476
2024-05-16,4,1.9705,0.6121,1.3584
2024-05-16,5,0.4697,0.4697,1.5
2024-05-16,6,0.8003,0.4528,1.3475
2024-05-16,7,0.1251,0.1126,0.5125
2024-05-16,8,59.3776,18.6114,40.7663
2024-05-16,9,23.8498,7.6426,16.2072
2024-05-16,10,8.5447,8.5447,20.0
2024-05-16,11,41.5051,13.9635,27.5416
2024-05-16,12,4.3658,1.2305,3.1353
2024-05-16,13,4.0,1.2864,2.7136
2024-05-16,14,42.6057,17.6064,24.9993
2024-05-16,15,13.3248,4.9529,8.372
2024-05-16,16,15.9002,5.547,10.3532
2024-05-16,17,6.822,4.053,10.769
2024-05-16,18,7.3832,3.7583,10.6249
2024-05-16,19,4.8964,2.6434,9.2529
2024-05-16,20,6.0,1.9161,4.0839
2024-05-16,21,7.6337,4.2439,13.3897
2024-05-16,22,9.5,2.632,6.868
2024-05-16,23,5.3236,2.0059,3.3177
2024-05-16,24,3.6034,1.8775,5.7259
2024-05-16,25,1.2933,0.4298,0.8635
2024-05-16,26,1.0,0.2635,0.7365
2024-05-16,27,1681.5316,707.1505,974.3811
2024-05-16,28,276.431,149.146,427.2851
2024-05-16,29,2144.2611,914.2663,1229.9948000000002
2024-05-16,30,734.2033,921.8624,0.0
2024-05-17,1,2.3115,1.6674,4.1441
2024-05-17,2,1.4688,1.2993,3.6695
2024-05-17,3,0.9476,0.7681,2.6795
2024-05-17,4,1.3584,1.1303,1.7281
2024-05-17,5,1.5,0.4025,1.0975
2024-05-17,6,1.3475,0.4414,0.9061
2024-05-17,7,0.5125,0.0888,0.4237
2024-05-17,8,40.7663,21.3187,57.4476
2024-05-17,9,16.2072,8.2035,23.0037
2024-05-17,10,20.0,8.0999,11.9001
2024-05-17,11,27.5416,16.1859,40.3557
2024-05-17,12,3.1353,2.3924,4.7429
2024-05-17,13,2.7136,1.4896,4.224
2024-05-17,14,24.9993,15.4031,42.5962
2024-05-17,15,8.372,6.8651,13.5068
2024-05-17,16,10.3532,7.3491,16.0042
2024-05-17,17,10.769,3.677,7.092
2024-05-17,18,10.6249,3.6926,6.9323
2024-05-17,19,9.2529,3.3957,5.8572
2024-05-17,20,4.0839,2.0399,6.044
2024-05-17,21,13.3897,2.9704,10.4193
2024-05-17,22,6.868,5.2001,9.1678
2024-05-17,23,3.3177,1.5852,7.2325
2024-05-17,24,5.7259,1.3195,4.4063
2024-05-17,25,0.8635,0.2827,0.5807
2024-05-17,26,0.7365,0.2236,0.513
2024-05-17,27,974.3811,700.9704,1673.4107
2024-05-17,28,427.2851,161.1392,266.1459
2024-05-17,29,1440.4559,965.736,474.71989999999994
2024-05-17,30,1331.3095,970.0171,361.29240000000004
2024-05-18,1,4.1441,1.7365,2.4076
2024-05-18,2,3.6695,1.9724,4.6971
2024-05-18,3,2.6795,1.3105,1.3691
2024-05-18,4,1.7281,0.8625,2.3656
2024-05-18,5,1.0975,0.6184,1.4791
2024-05-18,6,0.9061,0.7347,2.1714
2024-05-18,7,0.4237,0.1342,0.2895
2024-05-18,8,57.4476,30.2451,77.2024
2024-05-18,9,23.0037,13.7024,30.3013
2024-05-18,10,11.9001,10.2532,25.6469
2024-05-18,11,40.3557,19.9685,53.3872
2024-05-18,12,4.7429,2.0691,2.6738
2024-05-18,13,4.224,1.9468,2.2771
2024-05-18,14,42.5962,20.1005,22.4958
2024-05-18,15,13.5068,7.1036,17.4033
2024-05-18,16,16.0042,9.3146,21.6896
2024-05-18,17,7.092,5.8483,14.2437
2024-05-18,18,6.9323,6.1072,13.8251
2024-05-18,19,5.8572,4.3326,12.5246
2024-05-18,20,6.044,2.9677,3.0763
2024-05-18,21,10.4193,5.3264,19.0929
2024-05-18,22,9.1678,4.5273,12.6406
2024-05-18,23,7.2325,4.8724,9.3601
2024-05-18,24,4.4063,4.4063,8.0
2024-05-18,25,0.5807,0.4084,1.6723
2024-05-18,26,0.513,0.48,1.5329
2024-05-18,27,1673.4107,996.3314,2227.0793
2024-05-18,28,266.1459,235.6861,580.4598
2024-05-18,29,2105.7674,1436.8213,668.9461000000001
2024-05-18,30,770.7954,1439.3343,0.0
2024-05-19,1,2.4076,2.3904,5.0173
2024-05-19,2,4.6971,1.6096,3.0875
2024-05-19,3,1.3691,1.3482,3.0208
2024-05-19,4,2.3656,0.7327,1.6329
2024-05-19,5,1.4791,0.899,0.5801
2024-05-19,6,2.1714,0.5901,1.5814
2024-05-19,7,0.2895,0.1192,0.1703
2024-05-19,8,77.2024,31.0834,46.1191
2024-05-19,9,30.3013,12.0733,18.228
2024-05-19,10,25.6469,12.3602,13.2867
2024-05-19,11,53.3872,21.9213,31.4659
2024-05-19,12,2.6738,2.0171,5.6566
2024-05-19,13,2.2771,2.2771,5.0
2024-05-19,14,22.4958,19.981,55.5148
2024-05-19,15,17.4033,6.8779,10.5253
2024-05-19,16,21.6896,6.7999,14.8897
2024-05-19,17,14.2437,6.9745,7.2692
2024-05-19,18,13.8251,6.1103,7.7148
2024-05-19,19,12.5246,5.044,7.4806
2024-05-19,20,3.0763,2.6,7.4763
2024-05-19,21,19.0929,6.3889,12.704
2024-05-19,22,12.6406,2.7776,9.863
2024-05-19,23,9.3601,4.2494,5.1107
2024-05-19,24,8.0,2.2,5.8
2024-05-19,25,1.6723,0.9952,0.6771
2024-05-19,26,1.5329,0.2366,1.2963
2024-05-19,27,2227.0793,770.6568,1456.4225
2024-05-19,28,580.4598,205.8195,374.6402
2024-05-19,29,2733.3874,1062.5041,1670.8833
2024-05-19,30,1634.798,1044.4305,590.3675000000001
2024-05-20,1,5.0173,1.0944,3.9228
2024-05-20,2,3.0875,1.4951,1.5924
2024-05-20,3,3.0208,0.7621,2.2588
2024-05-20,4,1.6329,0.8635,0.7694
2024-05-20,5,0.5801,0.354,1.2261
2024-05-20,6,1.5814,0.5072,1.0741
2024-05-20,7,0.1703,0.102,0.5683
2024-05-20,8,46.1191,23.5852,59.5339
2024-05-20,9,18.228,9.3467,22.8814
2024-05-20,10,13.2867,5.4104,7.8763
2024-05-20,11,31.4659,15.0012,16.4647
2024-05-20,12,5.6566,1.5589,4.0977
2024-05-20,13,5.0,1.1991,3.8009
2024-05-20,14,55.5148,18.798,36.7168
2024-05-20,15,10.5253,5.6635,12.8618
2024-05-20,16,14.8897,5.9629,8.9268
2024-05-20,17,7.2692,4.5319,10.7373
2024-05-20,18,7.7148,5.0523,11.6626
2024-05-20,19,7.4806,3.4025,4.0781
2024-05-20,20,7.4763,2.3471,5.1292
2024-05-20,21,12.704,4.1851,8.5189
2024-05-20,22,9.863,2.1184,7.7445
2024-05-20,23,5.1107,3.5791,7.0316
2024-05-20,24,5.8,1.2745,4.5255
2024-05-20,25,0.6771,0.0,0.6771
2024-05-20,26,1.2963,0.319,0.9773
2024-05-20,27,1456.4225,646.6929,809.7295
2024-05-20,28,374.6402,176.2439,198.3963
2024-05-20,29,1674.046,867.8452,806.2008000000001
2024-05-20,30,965.8637,868.2304,97.63329999999996
2024-05-21,1,3.9228,1.6213,2.3015
2024-05-21,2,1.5924,0.8921,3.7002
2024-05-21,3,2.2588,0.9141,1.3447
2024-05-21,4,0.7694,0.762,2.0074
2024-05-21,5,1.2261,0.4333,0.7928
2024-05-21,6,1.0741,0.5091,0.565
2024-05-21,7,0.5683,0.11,0.4583
2024-05-21,8,59.5339,20.3024,39.2314
2024-05-21,9,22.8814,11.3983,11.483
2024-05-21,10,7.8763,5.4311,20.4452
2024-05-21,11,16.4647,9.9387,42.526
2024-05-21,12,4.0977,1.8878,2.2099
2024-05-21,13,3.8009,2.1914,1.6095
2024-05-21,14,36.7168,20.4489,43.2679
2024-05-21,15,12.8618,4.5064,8.3554
2024-05-21,16,8.9268,5.9873,16.9395
2024-05-21,17,10.7373,3.4634,7.2739
2024-05-21,18,11.6626,5.6006,6.0619
2024-05-21,19,4.0781,2.2978,9.7803
2024-05-21,20,5.1292,1.8209,3.3083
2024-05-21,21,8.5189,7.5493,14.9696
2024-05-21,22,7.7445,5.4986,9.7459
2024-05-21,23,7.0316,2.9167,4.1149
2024-05-21,24,4.5255,2.381,6.1446
2024-05-21,25,0.6771,0.3469,1.3302
2024-05-21,26,0.9773,0.3927,0.5847
2024-05-21,27,809.7295,728.1742,1731.5553
2024-05-21,28,198.3963,196.9214,451.4749
2024-05-21,29,2183.5356,1090.6787,1092.8569000000002
2024-05-21,30,1338.6244,1103.5497,235.0746999999999
2024-05-22,1,2.3015,1.235,4.0665
2024-05-22,2,3.7002,1.1738,2.5265
2024-05-22,3,1.3447,0.8348,2.5099
2024-05-22,4,2.0074,0.6401,1.3673
2024-05-22,5,0.7928,0.4503,1.3425
2024-05-22,6,0.565,0.565,1.5
2024-05-22,7,0.4583,0.0955,0.3628
2024-05-22,8,39.2314,19.7395,56.4919
2024-05-22,9,11.483,10.6375,22.8455
2024-05-22,10,20.4452,7.6141,12.8311
2024-05-22,11,42.526,10.3475,32.1786
2024-05-22,12,2.2099,1.9309,4.779
2024-05-22,13,1.6095,1.1658,3.9438
2024-05-22,14,43.2679,18.0916,25.1763
2024-05-22,15,8.3554,4.8418,13.5136
2024-05-22,16,16.9395,5.3407,11.5988
2024-05-22,17,7.2739,4.2131,11.0608
2024-05-22,18,6.0619,4.6664,11.3956
2024-05-22,19,9.7803,4.3738,5.4065
2024-05-22,20,3.3083,1.555,5.7533
2024-05-22,21,14.9696,4.1914,10.7782
2024-05-22,22,9.7459,4.3648,5.3811
2024-05-22,23,4.1149,2.2623,6.8525
2024-05-22,24,6.1446,1.6791,4.4655
2024-05-22,25,1.3302,0.5038,0.8263
2024-05-22,26,0.5847,0.2637,1.3209
2024-05-22,27,1731.5553,584.7119,1146.8434
2024-05-22,28,451.4749,164.6342,286.8408
2024-05-22,29,1449.4801,718.737,730.7431
2024-05-22,30,858.5648,713.3809,145.1839
2024-05-23,1,4.0665,1.0991,2.9675
2024-05-23,2,2.5265,0.9287,1.5978
2024-05-23,3,2.5099,0.9119,1.5979
2024-05-23,4,1.3673,0.6549,0.7124
2024-05-23,5,1.3425,0.4081,0.9344
2024-05-23,6,1.5,0.4465,1.0535
2024-05-23,7,0.3628,0.0874,0.2753
2024-05-23,8,56.4919,24.5684,31.9235
2024-05-23,9,22.8455,9.1855,13.66
2024-05-23,10,12.8311,9.6768,20.1543
2024-05-23,11,32.1786,15.2618,16.9168
2024-05-23,12,4.779,1.5841,3.1949
2024-05-23,13,3.9438,1.2178,2.726
2024-05-23,14,25.1763,18.4724,43.7039
2024-05-23,15,13.5136,5.5257,7.9878
2024-05-23,16,11.5988,0.0,11.5988
2024-05-23,17,11.0608,4.1123,6.9484
2024-05-23,18,11.3956,5.2077,6.1879
2024-05-23,19,5.4065,3.2359,9.6706
2024-05-23,20,5.7533,2.347,3.4063
2024-05-23,21,10.7782,7.4195,14.3587
2024-05-23,22,5.3811,3.2765,9.6047
2024-05-23,23,6.8525,3.9421,2.9105
2024-05-23,24,4.4655,3.0855,6.38
2024-05-23,25,0.8263,0.5477,1.2787
2024-05-23,26,1.3209,0.2456,1.0753
2024-05-23,27,1146.8434,760.7954,1736.0481
2024-05-23,28,286.8408,184.2889,452.5519
2024-05-23,29,2202.3667,1080.348,1122.0187
2024-05-23,30,1288.21,1093.7971,194.41290000000004
2024-05-24,1,2.9675,1.2683,1.6991
2024-05-24,2,1.5978,1.588,3.5098
2024-05-24,3,1.5979,0.7124,2.3856
2024-05-24,4,0.7124,0.5407,2.1717
2024-05-24,5,0.9344,0.5352,1.3991
2024-05-24,6,1.0535,0.6005,1.453
2024-05-24,7,0.2753,0.0998,0.1755
2024-05-24,8,31.9235,23.995,59.9285
2024-05-24,9,13.66,8.8885,23.7715
2024-05-24,10,20.1543,8.5836,11.5706
2024-05-24,11,16.9168,11.3074,41.6094
2024-05-24,12,3.1949,1.9274,4.7675
2024-05-24,13,2.726,1.3347,3.8913
2024-05-24,14,43.7039,21.7912,21.9127
2024-05-24,15,7.9878,4.5264,13.4615
2024-05-24,16,11.5988,7.0543,16.5445
2024-05-24,17,6.9484,4.2467,11.7018
2024-05-24,18,6.1879,3.5739,11.614
2024-05-24,19,9.6706,4.8725,4.7981
2024-05-24,20,3.4063,0.0,3.4063
2024-05-24,21,14.3587,6.9259,7.4328
2024-05-24,22,9.6047,5.5479,4.0568
2024-05-24,23,2.9105,2.8696,7.5409
2024-05-24,24,6.38,2.7463,3.6336
2024-05-24,25,1.2787,0.3517,0.927
2024-05-24,26,1.0753,0.3197,0.7556
2024-05-24,27,1736.0481,713.6364,1022.4117
2024-05-24,28,452.5519,170.0998,282.4521
2024-05-24,29,1366.248,1013.9197,352.3283
2024-05-24,30,822.7087,1025.8349,0.0
2024-05-25,1,1.6991,1.6991,5.5
2024-05-25,2,3.5098,2.1844,4.8254
2024-05-25,3,2.3856,0.8084,1.5772
2024-05-25,4,2.1717,1.155,1.0167
2024-05-25,5,1.3991,0.6168,0.7823
2024-05-25,6,1.453,0.5247,0.9283
2024-05-25,7,0.1755,0.1208,0.5548
2024-05-25,8,59.9285,44.32,79.6086
2024-05-25,9,23.7715,9.7798,13.9917
2024-05-25,10,11.5706,9.6108,25.9598
2024-05-25,11,41.6094,24.9771,54.6323
2024-05-25,12,4.7675,2.6328,6.1347
2024-05-25,13,3.8913,2.407,5.4844
2024-05-25,14,21.9127,21.9127,57.0
2024-05-25,15,13.4615,8.3666,17.0949
2024-05-25,16,16.5445,7.38,9.1646
2024-05-25,17,11.7018,5.005,6.6968
2024-05-25,18,11.614,5.114,6.5
2024-05-25,19,4.7981,4.7981,12.5
2024-05-25,20,3.4063,3.4063,8.0
2024-05-25,21,7.4328,5.4936,19.9392
2024-05-25,22,4.0568,4.0568,13.0
2024-05-25,23,7.5409,4.1353,9.4056
2024-05-25,24,3.6336,2.8484,8.7852
2024-05-25,25,0.927,0.2654,0.6616
2024-05-25,26,0.7556,0.6916,1.564
2024-05-25,27,1022.4117,828.9345,2243.4772
2024-05-25,28,282.4521,249.0842,583.3678
2024-05-25,29,2182.7123,1140.5851,1042.1272000000001
2024-05-25,30,1292.334,1151.682,140.65200000000004
2024-05-26,1,5.5,1.474,4.026
2024-05-26,2,4.8254,2.2575,2.5679
2024-05-26,3,1.5772,1.5772,3.0
2024-05-26,4,1.0167,0.7294,2.2873
2024-05-26,5,0.7823,0.7024,1.5799
2024-05-26,6,0.9283,0.6103,1.818
2024-05-26,7,0.5548,0.1365,0.4182
2024-05-26,8,79.6086,23.5512,56.0573
2024-05-26,9,13.9917,9.2994,29.6923
2024-05-26,10,25.9598,10.4481,15.5117
2024-05-26,11,54.6323,24.9602,29.6721
2024-05-26,12,6.1347,2.3584,3.7763
2024-05-26,13,5.4844,2.4127,3.0717
2024-05-26,14,57.0,20.0207,36.9793
2024-05-26,15,17.0949,6.1081,10.9868
2024-05-26,16,9.1646,9.1646,22.0
2024-05-26,17,6.6968,5.1689,14.5278
2024-05-26,18,6.5,5.5464,14.9536
2024-05-26,19,12.5,4.2153,8.2847
2024-05-26,20,8.0,3.0062,4.9938
2024-05-26,21,19.9392,7.7866,12.1526
2024-05-26,22,13.0,4.718,8.282
2024-05-26,23,9.4056,3.1793,6.2263
2024-05-26,24,8.7852,3.0221,5.7631
2024-05-26,25,0.6616,0.6256,1.536
2024-05-26,26,1.564,0.394,1.1701
2024-05-26,27,2243.4772,926.4476,1317.0296
2024-05-26,28,583.3678,200.2235,383.1443
2024-05-26,29,2820.6123,1227.4641,1593.1481999999999
2024-05-26,30,1728.8063,1227.0161,501.7901999999999
2024-05-27,1,4.026,1.6613,2.3646
2024-05-27,2,2.5679,1.2791,3.7888
2024-05-27,3,3.0,0.8239,2.1761
2024-05-27,4,2.2873,0.6245,1.6628
2024-05-27,5,1.5799,0.526,1.0539
2024-05-27,6,1.818,0.6235,1.1944
2024-05-27,7,0.4182,0.1164,0.3018
2024-05-27,8,56.0573,20.2515,35.8059
2024-05-27,9,29.6923,8.5699,21.1224
2024-05-27,10,15.5117,8.2096,20.3021
2024-05-27,11,29.6721,12.7241,16.948
2024-05-27,12,3.7763,2.3234,4.4529
2024-05-27,13,3.0717,1.055,2.0166
2024-05-27,14,36.9793,20.3638,43.6155
2024-05-27,15,10.9868,5.1459,5.8409
2024-05-27,16,22.0,7.8015,14.1985
2024-05-27,17,14.5278,3.96,10.5679
2024-05-27,18,14.9536,5.0511,9.9025
2024-05-27,19,8.2847,4.7341,9.5506
2024-05-27,20,4.9938,2.6652,2.3286
2024-05-27,21,12.1526,5.7914,6.3612
2024-05-27,22,8.282,3.4794,4.8026
2024-05-27,23,6.2263,2.8209,3.4054
2024-05-27,24,5.7631,2.8528,2.9103
2024-05-27,25,1.536,0.6795,0.8565
2024-05-27,26,1.1701,0.4491,0.721
2024-05-27,27,1317.0296,833.7024,1733.3272
2024-05-27,28,383.1443,183.1719,199.9723
2024-05-27,29,1703.8703,1101.9925,601.8778
2024-05-27,30,1049.2842,1099.7076,0.0
2024-05-28,1,2.3646,1.307,4.0576
2024-05-28,2,3.7888,1.716,2.0728
2024-05-28,3,2.1761,0.9427,1.2335
2024-05-28,4,1.6628,0.622,1.0408
2024-05-28,5,1.0539,0.4282,0.6258
2024-05-28,6,1.1944,0.6819,1.5126
2024-05-28,7,0.3018,0.1167,0.1851
2024-05-28,8,35.8059,22.3215,61.4844
2024-05-28,9,21.1224,9.5684,11.554
2024-05-28,10,20.3021,7.3053,12.9968
2024-05-28,11,16.948,16.6815,42.2665
2024-05-28,12,4.4529,2.8166,4.6363
2024-05-28,13,2.0166,1.9828,4.0338
2024-05-28,14,43.6155,18.9808,24.6347
2024-05-28,15,5.8409,4.5939,13.247
2024-05-28,16,14.1985,4.9177,9.2808
2024-05-28,17,10.5679,4.2929,6.275
2024-05-28,18,9.9025,4.3637,5.5387
2024-05-28,19,9.5506,2.3587,7.1919
2024-05-28,20,2.3286,2.3286,6.0
2024-05-28,21,6.3612,3.5984,14.7628
2024-05-28,22,4.8026,3.0265,9.776
2024-05-28,23,3.4054,3.4054,7.5
2024-05-28,24,2.9103,1.9537,6.9567
2024-05-28,25,0.8565,0.0,0.8565
2024-05-28,26,0.721,0.2915,0.4295
2024-05-28,27,1733.3272,584.5272,1148.8001
2024-05-28,28,199.9723,176.9,473.0723
2024-05-28,29,909.4254,882.4437,26.981699999999933
2024-05-28,30,573.8708,882.5022,0.0
2024-05-29,1,4.0576,1.5728,2.4848
2024-05-29,2,2.0728,1.6332,3.9396
2024-05-29,3,1.2335,0.6558,2.5777
2024-05-29,4,1.0408,0.7207,1.8201
2024-05-29,5,0.6258,0.5554,1.5703
2024-05-29,6,1.5126,0.5528,0.9598
2024-05-29,7,0.1851,0.1102,0.575
2024-05-29,8,61.4844,24.2076,37.2768
2024-05-29,9,11.554,8.6271,23.9269
2024-05-29,10,12.9968,9.7813,20.2155
2024-05-29,11,42.2665,24.024,18.2425
2024-05-29,12,4.6363,1.2884,3.3478
2024-05-29,13,4.0338,1.778,2.2559
2024-05-29,14,24.6347,0.0,24.6347
2024-05-29,15,13.247,5.2466,8.0004
2024-05-29,16,9.2808,5.7843,17.4965
2024-05-29,17,6.275,4.0091,11.2659
2024-05-29,18,5.5387,4.2289,11.3098
2024-05-29,19,7.1919,4.7053,9.9867
2024-05-29,20,6.0,1.699,4.301
2024-05-29,21,14.7628,5.0023,9.7604
2024-05-29,22,9.776,2.4001,7.376
2024-05-29,23,7.5,3.0767,4.4233
2024-05-29,24,6.9567,1.7148,5.2419
2024-05-29,25,0.8565,0.4005,0.456
2024-05-29,26,0.4295,0.4295,1.0
2024-05-29,27,1148.8001,736.4481,1762.352
2024-05-29,28,473.0723,175.8924,297.1799
2024-05-29,29,2204.8963,1053.8791,1151.0171999999998
2024-05-29,30,1300.0,1055.0764,244.92360000000008
2024-05-30,1,2.4848,1.151,4.3338
2024-05-30,2,3.9396,1.7344,2.2052
2024-05-30,3,2.5777,0.918,1.6596
2024-05-30,4,1.8201,0.6405,1.1796
2024-05-30,5,1.5703,0.3799,1.1904
2024-05-30,6,0.9598,0.5086,1.4512
2024-05-30,7,0.575,0.11,0.465
2024-05-30,8,37.2768,27.8986,61.3783
2024-05-30,9,23.9269,9.4998,14.4271
2024-05-30,10,20.2155,6.6888,13.5267
2024-05-30,11,18.2425,12.9133,42.3291
2024-05-30,12,3.3478,1.5516,4.7963
2024-05-30,13,2.2559,1.3077,3.9481
2024-05-30,14,24.6347,20.4407,45.194
2024-05-30,15,8.0004,5.0873,13.9131
2024-05-30,16,17.4965,5.6689,11.8276
2024-05-30,17,11.2659,4.6425,6.6234
2024-05-30,18,11.3098,4.4218,6.8881
2024-05-30,19,9.9867,4.0324,5.9543
2024-05-30,20,4.301,0.0,4.301
2024-05-30,21,9.7604,3.5306,6.2298
2024-05-30,22,7.376,5.6384,10.2376
2024-05-30,23,4.4233,3.7295,7.6938
2024-05-30,24,5.2419,1.1297,4.1122
2024-05-30,25,0.456,0.2074,1.2486
2024-05-30,26,1.0,0.2442,0.7558
2024-05-30,27,1762.352,681.1007,1081.2513
2024-05-30,28,297.1799,175.8888,471.2911
2024-05-30,29,1291.5198,1001.4741,290.0457
2024-05-30,30,738.4785,999.3798,0.0
2024-05-31,1,4.3338,1.614,2.7198
2024-05-31,2,2.2052,1.2076,3.4976
2024-05-31,3,1.6596,0.938,2.7217
2024-05-31,4,1.1796,0.8721,1.8074
2024-05-31,5,1.1904,0.3825,0.8079
2024-05-31,6,1.4512,0.5421,0.909
2024-05-31,7,0.465,0.1033,0.3617
2024-05-31,8,61.3783,24.0123,37.366
2024-05-31,9,14.4271,8.6136,24.8135
2024-05-31,10,13.5267,8.9413,20.5854
2024-05-31,11,42.3291,15.2169,27.1123
2024-05-31,12,4.7963,1.6166,3.1796
2024-05-31,13,3.9481,2.0273,1.9208
2024-05-31,14,45.194,17.7045,27.4895
2024-05-31,15,13.9131,4.9642,8.9489
2024-05-31,16,11.8276,7.1794,16.6482
2024-05-31,17,6.6234,4.3446,11.2788
2024-05-31,18,6.8881,4.2572,11.6309
2024-05-31,19,5.9543,4.1077,9.8466
2024-05-31,20,4.301,3.7135,6.0875
2024-05-31,21,6.2298,5.2866,14.9432
2024-05-31,22,10.2376,4.2536,5.984
2024-05-31,23,7.6938,2.811,4.8828
2024-05-31,24,4.1122,1.69,2.4222
2024-05-31,25,1.2486,0.3426,0.906
2024-05-31,26,0.7558,0.3947,0.3611
2024-05-31,27,1081.2513,692.0568,1789.1945
2024-05-31,28,471.2911,168.0023,303.2888
2024-05-31,29,2255.3224,996.6209,1258.7015000000001
2024-05-31,30,1358.8181,991.9136,366.9045
2024-06-01,1,2.7198,1.7944,0.9254
2024-06-01,2,3.4976,1.3479,2.1497
2024-06-01,3,2.7217,1.6362,1.0855
2024-06-01,4,1.8074,0.9058,0.9016
2024-06-01,5,0.8079,0.8079,0.0
2024-06-01,6,0.909,0.909,0.0
2024-06-01,7,0.3617,0.1678,0.1939
2024-06-01,8,37.366,37.366,0.0
2024-06-01,9,24.8135,12.141,12.6725
2024-06-01,10,20.5854,8.4347,12.1507
2024-06-01,11,27.1123,23.8814,3.2309
2024-06-01,12,3.1796,2.2291,0.9506
2024-06-01,13,1.9208,1.9208,0.0
2024-06-01,14,27.4895,20.7866,6.7029
2024-06-01,15,8.9489,6.8759,2.073
2024-06-01,16,16.6482,8.4878,8.1603
2024-06-01,17,11.2788,6.251,5.0277
2024-06-01,18,11.6309,5.4562,6.1746
2024-06-01,19,9.8466,5.3012,4.5454
2024-06-01,20,6.0875,2.8212,3.2663
2024-06-01,21,14.9432,6.8781,8.0651
2024-06-01,22,5.984,5.4461,0.5379
2024-06-01,23,4.8828,2.6211,2.2617
2024-06-01,24,2.4222,2.4222,0.0
2024-06-01,25,0.906,0.4948,0.4112
2024-06-01,26,0.3611,0.3611,0.0
2024-06-01,27,1789.1945,804.876,984.3184
2024-06-01,28,303.2888,196.5242,106.7647
2024-06-01,29,1338.7177,1072.7954,265.92229999999995
2024-06-01,30,821.4916,1076.871,0.0
2024-06-02,1,0.9254,0.9254,5.5
2024-06-02,2,2.1497,2.0312,4.6185
2024-06-02,3,1.0855,0.9825,3.103
2024-06-02,4,0.9016,0.9016,2.5
2024-06-02,5,0.0,0.0,2.0
2024-06-02,6,0.0,0.0,2.0
2024-06-02,7,0.1939,0.1512,0.5427
2024-06-02,8,0.0,0.0,80.0
2024-06-02,9,12.6725,12.6725,32.0
2024-06-02,10,12.1507,12.1507,27.0
2024-06-02,11,3.2309,3.2309,56.0
2024-06-02,12,0.9506,0.9506,6.0
2024-06-02,13,0.0,0.0,5.5
2024-06-02,14,6.7029,6.7029,58.0
2024-06-02,15,2.073,2.073,18.0
2024-06-02,16,8.1603,8.1603,22.0
2024-06-02,17,5.0277,5.0277,15.0
2024-06-02,18,6.1746,5.8986,15.276
2024-06-02,19,4.5454,4.5454,13.0
2024-06-02,20,3.2663,2.484,7.7823
2024-06-02,21,8.0651,8.0651,20.0
2024-06-02,22,0.5379,0.5379,13.0
2024-06-02,23,2.2617,2.2617,9.5
2024-06-02,24,0.0,0.0,8.0
2024-06-02,25,0.4112,0.4112,1.5
2024-06-02,26,0.0,0.0,1.5
2024-06-02,27,984.3184,836.2085,2298.1099
2024-06-02,28,106.7647,106.7647,600.0
2024-06-02,29,351.0883,1077.7251,0.0
2024-06-02,30,0.0,1075.7571,0.0
2024-06-03,1,5.5,0.0,5.5
2024-06-03,2,4.6185,1.8429,2.7756
2024-06-03,3,3.103,0.6375,2.4655
2024-06-03,4,2.5,0.7256,1.7744
2024-06-03,5,2.0,0.3956,1.6044
2024-06-03,6,2.0,0.4754,1.5246
2024-06-03,7,0.5427,0.0826,0.46
2024-06-03,8,80.0,24.611,55.389
2024-06-03,9,32.0,9.0034,22.9966
2024-06-03,10,27.0,8.3016,18.6984
2024-06-03,11,56.0,16.0857,39.9143
2024-06-03,12,6.0,2.6711,3.3289
2024-06-03,13,5.5,1.0444,4.4556
2024-06-03,14,58.0,17.259,40.741
2024-06-03,15,18.0,4.5473,13.4527
2024-06-03,16,22.0,7.2039,14.7961
2024-06-03,17,15.0,4.2171,10.7829
2024-06-03,18,15.276,0.0,15.276
2024-06-03,19,13.0,2.9103,10.0897
2024-06-03,20,7.7823,1.8204,5.9619
2024-06-03,21,20.0,10.1295,9.8705
2024-06-03,22,13.0,2.9357,10.0643
2024-06-03,23,9.5,2.1755,7.3245
2024-06-03,24,8.0,2.9674,5.0326
2024-06-03,25,1.5,0.2457,1.2543
2024-06-03,26,1.5,0.4068,1.0932
2024-06-03,27,2298.1099,844.5306,1453.5793
2024-06-03,28,600.0,179.0875,420.9125
2024-06-03,29,2900.0,1203.9422,1696.0578
2024-06-03,30,1800.0,1193.2526,606.7474
2024-06-04,1,5.5,1.8725,3.6275
2024-06-04,2,2.7756,1.0636,1.712
2024-06-04,3,2.4655,0.5669,1.8987
2024-06-04,4,1.7744,0.6241,1.1503
2024-06-04,5,1.6044,0.4487,1.1557
2024-06-04,6,1.5246,0.4745,1.0501
2024-06-04,7,0.46,0.1068,0.3532
2024-06-04,8,55.389,20.3184,35.0706
2024-06-04,9,22.9966,7.4665,15.5301
2024-06-04,10,18.6984,7.6175,11.0809
2024-06-04,11,39.9143,11.3384,28.5758
2024-06-04,12,3.3289,1.8524,4.9765
2024-06-04,13,4.4556,1.4563,2.9994
2024-06-04,14,40.741,15.924,24.817
2024-06-04,15,13.4527,5.5927,7.8601
2024-06-04,16,14.7961,8.0955,6.7006
2024-06-04,17,10.7829,5.9918,4.7912
2024-06-04,18,15.276,4.7436,10.5324
2024-06-04,19,10.0897,4.4213,5.6684
2024-06-04,20,5.9619,0.0,5.9619
2024-06-04,21,9.8705,5.456,15.4145
2024-06-04,22,10.0643,3.0176,7.0467
2024-06-04,23,7.3245,3.7339,3.5906
2024-06-04,24,5.0326,3.2205,6.8121
2024-06-04,25,1.2543,0.6237,0.6307
2024-06-04,26,1.0932,0.5508,0.5425
2024-06-04,27,1453.5793,636.512,817.0673
2024-06-04,28,420.9125,160.4236,260.4889
2024-06-04,29,2164.2122,887.2512,1276.9609999999998
2024-06-04,30,1336.8315,899.3411,437.4904
2024-06-05,1,3.6275,1.3453,2.2823
2024-06-05,2,1.712,1.4908,3.7212
2024-06-05,3,1.8987,0.9744,2.9243
2024-06-05,4,1.1503,0.8137,1.8366
2024-06-05,5,1.1557,0.5322,0.6235
2024-06-05,6,1.0501,0.5862,1.9639
2024-06-05,7,0.3532,0.0868,0.2664
2024-06-05,8,35.0706,26.6302,65.4404
2024-06-05,9,15.5301,8.8897,25.6404
2024-06-05,10,11.0809,6.0202,21.0607
2024-06-05,11,28.5758,18.2889,45.2869
2024-06-05,12,4.9765,1.423,3.5535
2024-06-05,13,2.9994,1.3547,1.6447
2024-06-05,14,24.817,15.6467,45.1703
2024-06-05,15,7.8601,5.4217,14.4383
2024-06-05,16,6.7006,6.7006,17.0
2024-06-05,17,4.7912,4.7912,12.0
2024-06-05,18,10.5324,4.6178,5.9146
2024-06-05,19,5.6684,4.9309,10.2375
2024-06-05,20,5.9619,1.9448,4.0171
2024-06-05,21,15.4145,8.3208,7.0937
2024-06-05,22,7.0467,2.9457,10.601
2024-06-05,23,3.5906,2.0205,8.0701
2024-06-05,24,6.8121,2.6083,4.2038
2024-06-05,25,0.6307,0.4104,1.2203
2024-06-05,26,0.5425,0.3199,1.2225
2024-06-05,27,817.0673,737.0643,1780.003
2024-06-05,28,260.4889,159.4318,451.0571
2024-06-05,29,1319.0882,1113.7236,205.36459999999988
2024-06-05,30,807.5158,1106.4918,0.0
2024-06-06,1,2.2823,1.924,4.3582
2024-06-06,2,3.7212,1.6389,2.0822
2024-06-06,3,2.9243,0.8389,2.0854
2024-06-06,4,1.8366,0.7073,1.1293
2024-06-06,5,0.6235,0.5473,1.5762
2024-06-06,6,1.9639,0.611,1.3529
2024-06-06,7,0.2664,0.1034,0.163
2024-06-06,8,65.4404,24.444,40.9964
2024-06-06,9,25.6404,9.1407,16.4997
2024-06-06,10,21.0607,9.9791,11.0816
2024-06-06,11,45.2869,21.1081,24.1788
2024-06-06,12,3.5535,1.5314,2.0221
2024-06-06,13,1.6447,1.6447,4.0
2024-06-06,14,45.1703,21.6364,23.5339
2024-06-06,15,14.4383,5.6671,8.7712
2024-06-06,16,17.0,6.2044,10.7956
2024-06-06,17,12.0,3.8066,8.1934
2024-06-06,18,5.9146,4.5621,11.3525
2024-06-06,19,10.2375,2.7525,7.485
2024-06-06,20,4.0171,2.3262,6.1909
2024-06-06,21,7.0937,4.9497,15.1439
2024-06-06,22,10.601,3.7672,6.8338
2024-06-06,23,8.0701,1.2828,6.7873
2024-06-06,24,4.2038,3.0037,6.2001
2024-06-06,25,1.2203,0.4776,0.7427
2024-06-06,26,1.2225,0.4766,0.7459
2024-06-06,27,1780.003,914.6298,865.3732
2024-06-06,28,451.0571,0.0,451.0571
2024-06-06,29,2293.6622,1080.4442,1213.2180000000003
2024-06-06,30,1389.5881,1071.5303,318.05780000000004
2024-06-07,1,4.3582,1.5515,2.8067
2024-06-07,2,2.0822,1.4657,3.6165
2024-06-07,3,2.0854,1.0752,1.0102
2024-06-07,4,1.1293,0.5006,2.1286
2024-06-07,5,1.5762,0.4214,1.1548
2024-06-07,6,1.3529,0.7641,0.5888
2024-06-07,7,0.163,0.1047,0.5583
2024-06-07,8,40.9964,29.4432,60.5532
2024-06-07,9,16.4997,10.7759,23.7238
2024-06-07,10,11.0816,10.0933,20.9883
2024-06-07,11,24.1788,20.4283,41.7505
2024-06-07,12,2.0221,1.6973,4.8249
2024-06-07,13,4.0,1.7225,2.2775
2024-06-07,14,23.5339,14.7313,44.8026
2024-06-07,15,8.7712,0.0,8.7712
2024-06-07,16,10.7956,6.9714,16.8242
2024-06-07,17,8.1934,5.1025,12.0909
2024-06-07,18,11.3525,4.1605,7.1919
2024-06-07,19,7.485,3.1484,4.3366
2024-06-07,20,6.1909,2.5886,3.6023
2024-06-07,21,15.1439,5.3349,9.809
2024-06-07,22,6.8338,0.0,6.8338
2024-06-07,23,6.7873,2.3587,4.4286
2024-06-07,24,6.2001,3.0277,3.1724
2024-06-07,25,0.7427,0.3705,1.3721
2024-06-07,26,0.7459,0.1385,0.6075
2024-06-07,27,865.3732,611.6868,1803.6864
2024-06-07,28,451.0571,180.6462,270.411
2024-06-07,29,1400.0392,861.9954,538.0437999999999
2024-06-07,30,844.629,870.6584,0.0
2024-06-08,1,2.8067,2.1999,5.6068
2024-06-08,2,3.6165,1.834,4.7826
2024-06-08,3,1.0102,1.0102,3.5
2024-06-08,4,2.1286,0.8616,1.2671
2024-06-08,5,1.1548,0.5586,1.5962
2024-06-08,6,0.5888,0.5421,2.0467
2024-06-08,7,0.5583,0.1182,0.4401
2024-06-08,8,60.5532,41.8207,82.7324
2024-06-08,9,23.7238,10.6984,13.0254
2024-06-08,10,20.9883,16.0208,26.9675
2024-06-08,11,41.7505,26.4747,57.2758
2024-06-08,12,4.8249,3.5833,6.2416
2024-06-08,13,2.2775,2.2775,5.5
2024-06-08,14,44.8026,22.9515,58.8511
2024-06-08,15,8.7712,0.0,8.7712
2024-06-08,16,16.8242,7.4258,9.3984
2024-06-08,17,12.0909,5.7719,6.319
2024-06-08,18,7.1919,4.5512,15.6408
2024-06-08,19,4.3366,4.3366,13.0
2024-06-08,20,3.6023,2.9385,8.1638
2024-06-08,21,9.809,5.3593,20.4498
2024-06-08,22,6.8338,5.3507,13.4831
2024-06-08,23,4.4286,3.9034,10.0252
2024-06-08,24,3.1724,1.9126,8.2599
2024-06-08,25,1.3721,0.5187,0.8534
2024-06-08,26,0.6075,0.4577,1.6498
2024-06-08,27,1803.6864,816.8945,986.7918
2024-06-08,28,270.411,231.7717,588.6393
2024-06-08,29,2225.9135,1247.5955,978.3180000000002
2024-06-08,30,1361.6107,1240.7401,120.87059999999997
2024-06-09,1,5.6068,2.1213,3.4855
2024-06-09,2,4.7826,1.8936,2.8889
2024-06-09,3,3.5,1.2675,2.2325
2024-06-09,4,1.2671,0.8331,2.4339
2024-06-09,5,1.5962,0.6075,0.9886
2024-06-09,6,2.0467,0.6547,1.392
2024-06-09,7,0.4401,0.1529,0.2873
2024-06-09,8,82.7324,35.9154,46.817
2024-06-09,9,13.0254,11.7883,31.2371
2024-06-09,10,26.9675,10.6828,16.2848
2024-06-09,11,57.2758,19.9043,37.3715
2024-06-09,12,6.2416,2.0876,4.154
2024-06-09,13,5.5,2.1537,3.3463
2024-06-09,14,58.8511,19.952,38.8992
2024-06-09,15,8.7712,6.4065,18.3648
2024-06-09,16,9.3984,9.3984,22.0
2024-06-09,17,6.319,5.0299,15.2891
2024-06-09,18,15.6408,6.397,9.2438
2024-06-09,19,13.0,5.8166,7.1834
2024-06-09,20,8.1638,0.0,8.1638
2024-06-09,21,20.4498,9.5066,10.9432
2024-06-09,22,13.4831,3.5299,9.9532
2024-06-09,23,10.0252,4.6151,5.4101
2024-06-09,24,8.2599,2.6206,5.6393
2024-06-09,25,0.8534,0.7606,1.5929
2024-06-09,26,1.6498,0.4076,1.2421
2024-06-09,27,986.7918,833.9843,2352.8075
2024-06-09,28,588.6393,198.1653,390.474
2024-06-09,29,2941.0403,1086.652,1854.3883
2024-06-09,30,701.4944,1083.5321,0.0
2024-06-10,1,3.4855,1.342,2.1435
2024-06-10,2,2.8889,1.3605,1.5285
2024-06-10,3,2.2325,1.17,1.0625
2024-06-10,4,2.4339,0.9694,1.4645
2024-06-10,5,0.9886,0.5223,1.4663
2024-06-10,6,1.392,0.5528,0.8392
2024-06-10,7,0.2873,0.1534,0.1339
2024-06-10,8,46.817,24.7931,64.0239
2024-06-10,9,31.2371,11.5308,19.7063
2024-06-10,10,16.2848,9.5253,20.7595
2024-06-10,11,37.3715,12.3607,25.0107
2024-06-10,12,4.154,2.7558,4.8982
2024-06-10,13,3.3463,1.3021,2.0443
2024-06-10,14,38.8992,13.6597,25.2395
2024-06-10,15,18.3648,4.4145,13.9503
2024-06-10,16,22.0,7.7005,14.2995
2024-06-10,17,15.2891,3.9159,11.3732
2024-06-10,18,9.2438,4.9897,12.2541
2024-06-10,19,7.1834,4.2984,10.385
2024-06-10,20,8.1638,2.5675,5.5963
2024-06-10,21,10.9432,4.297,6.6462
2024-06-10,22,9.9532,3.6904,6.2629
2024-06-10,23,5.4101,2.7344,7.6757
2024-06-10,24,5.6393,2.2597,3.3796
2024-06-10,25,1.5929,0.6099,0.983
2024-06-10,26,1.2421,0.3286,0.9135
2024-06-10,27,2352.8075,758.6887,1594.1188
2024-06-10,28,390.474,179.6436,210.8304
2024-06-10,29,1446.4053,1096.3298,350.0754999999999
2024-06-10,30,1800.0,1092.3964,707.6035999999999
2024-06-11,1,2.1435,1.564,4.5795
2024-06-11,2,1.5285,1.2677,3.7607
2024-06-11,3,1.0625,0.0,1.0625
2024-06-11,4,1.4645,0.7581,2.2063
2024-06-11,5,1.4663,0.2898,1.1765
2024-06-11,6,0.8392,0.6763,1.6629
2024-06-11,7,0.1339,0.0,0.1339
2024-06-11,8,64.0239,37.5243,26.4996
2024-06-11,9,19.7063,8.9449,10.7614
2024-06-11,10,20.7595,0.0,20.7595
2024-06-11,11,25.0107,13.679,44.3318
2024-06-11,12,4.8982,1.7387,3.1595
2024-06-11,13,2.0443,1.8064,4.2378
2024-06-11,14,25.2395,17.6523,45.5872
2024-06-11,15,13.9503,4.7303,9.2199
2024-06-11,16,14.2995,5.7705,8.529
2024-06-11,17,11.3732,5.1344,6.2388
2024-06-11,18,12.2541,3.6402,8.614
2024-06-11,19,10.385,4.6268,5.7582
2024-06-11,20,5.5963,2.2179,3.3784
2024-06-11,21,6.6462,6.6462,16.0
2024-06-11,22,6.2629,5.0763,10.6866
2024-06-11,23,7.6757,2.6918,4.9839
2024-06-11,24,3.3796,3.3796,7.0
2024-06-11,25,0.983,0.4267,0.5563
2024-06-11,26,0.9135,0.4415,0.4721
2024-06-11,27,1594.1188,688.9738,905.1451
2024-06-11,28,210.8304,177.4717,483.3587
2024-06-11,29,2256.8157,1050.7237,1206.092
2024-06-11,30,1234.6444,1040.398,194.2464
2024-06-12,1,4.5795,1.7988,2.7806
2024-06-12,2,3.7607,2.2396,5.5212
2024-06-12,3,1.0625,1.0625,4.0
2024-06-12,4,2.2063,1.075,1.1314
2024-06-12,5,1.1765,0.6308,2.0457
2024-06-12,6,1.6629,0.7807,0.8822
2024-06-12,7,0.1339,0.1339,0.5
2024-06-12,8,26.4996,26.4996,94.0
2024-06-12,9,10.7614,10.7614,37.0
2024-06-12,10,20.7595,15.3612,32.3983
2024-06-12,11,44.3318,29.04,65.2917
2024-06-12,12,3.1595,3.1595,7.5
2024-06-12,13,4.2378,2.2503,6.4876
2024-06-12,14,45.5872,24.6754,69.9118
2024-06-12,15,9.2199,7.3469,20.873
2024-06-12,16,8.529,8.529,27.0
2024-06-12,17,6.2388,5.9444,18.2944
2024-06-12,18,8.614,8.1053,17.5087
2024-06-12,19,5.7582,4.4702,15.2879
2024-06-12,20,3.3784,3.3784,9.5
2024-06-12,21,16.0,7.7151,23.2849
2024-06-12,22,10.6866,6.0581,15.1285
2024-06-12,23,4.9839,4.9839,11.5
2024-06-12,24,7.0,2.9168,4.0832
2024-06-12,25,0.5563,0.5563,2.0
2024-06-12,26,0.4721,0.4721,1.5
2024-06-12,27,905.1451,905.1451,2750.0
2024-06-12,28,483.3587,235.2966,698.0621
2024-06-12,29,1408.2408,1169.302,238.93880000000013
2024-06-12,30,707.1181,1160.9034,0.0
2024-06-13,1,2.7806,1.386,4.3947
2024-06-13,2,5.5212,1.1536,4.3676
2024-06-13,3,4.0,1.0026,2.9974
2024-06-13,4,1.1314,0.5536,2.0778
2024-06-13,5,2.0457,0.4807,1.5651
2024-06-13,6,0.8822,0.7476,1.6345
2024-06-13,7,0.5,0.0827,0.4173
2024-06-13,8,94.0,26.5738,67.4262
2024-06-13,9,37.0,11.6314,25.3686
2024-06-13,10,32.3983,7.5594,24.839
2024-06-13,11,65.2917,20.0221,45.2697
2024-06-13,12,7.5,2.0529,5.4471
2024-06-13,13,6.4876,1.8115,4.6761
2024-06-13,14,69.9118,17.633,52.2788
2024-06-13,15,20.873,5.4643,15.4087
2024-06-13,16,27.0,6.7746,20.2254
2024-06-13,17,18.2944,4.7489,13.5455
2024-06-13,18,17.5087,3.7514,13.7573
2024-06-13,19,15.2879,3.8674,11.4205
2024-06-13,20,9.5,3.5267,5.9733
2024-06-13,21,23.2849,4.6592,18.6257
2024-06-13,22,15.1285,5.5939,9.5346
2024-06-13,23,11.5,3.6835,7.8165
2024-06-13,24,4.0832,2.4879,6.5953
2024-06-13,25,2.0,0.4888,1.5112
2024-06-13,26,1.5,0.421,1.079
2024-06-13,27,2750.0,699.7859,2050.2141
2024-06-13,28,698.0621,146.7408,551.3214
2024-06-13,29,3500.0,909.2317,2590.7682999999997
2024-06-13,30,2100.0,916.7138,1183.2862
2024-06-14,1,4.3947,1.5289,2.8657
2024-06-14,2,4.3676,1.6186,2.749
2024-06-14,3,2.9974,0.9164,2.0811
2024-06-14,4,2.0778,0.8891,1.1887
2024-06-14,5,1.5651,0.517,1.0481
2024-06-14,6,1.6345,0.5901,1.0444
2024-06-14,7,0.4173,0.1023,0.315
2024-06-14,8,67.4262,22.642,44.7842
2024-06-14,9,25.3686,10.1414,15.2272
2024-06-14,10,24.839,7.7005,17.1384
2024-06-14,11,45.2697,19.0705,26.1992
2024-06-14,12,5.4471,2.3906,3.0565
2024-06-14,13,4.6761,1.5807,3.0954
2024-06-14,14,52.2788,16.9738,35.305
2024-06-14,15,15.4087,5.7867,9.622
2024-06-14,16,20.2254,6.4984,13.727
2024-06-14,17,13.5455,4.863,8.6826
2024-06-14,18,13.7573,3.9017,9.8556
2024-06-14,19,11.4205,4.7262,6.6943
2024-06-14,20,5.9733,2.8392,3.134
2024-06-14,21,18.6257,5.8738,12.7519
2024-06-14,22,9.5346,4.2644,5.2702
2024-06-14,23,7.8165,3.5618,4.2548
2024-06-14,24,6.5953,3.761,2.8343
2024-06-14,25,1.5112,0.3343,1.1769
2024-06-14,26,1.079,0.4036,0.6755
2024-06-14,27,2050.2141,620.5317,1429.6824
2024-06-14,28,551.3214,161.3199,390.0015
2024-06-14,29,2578.7161,925.8486,1652.8675
2024-06-14,30,1629.6034,918.1899,711.4135
2024-06-15,1,2.8657,2.3867,5.479
2024-06-15,2,2.749,1.383,4.866
2024-06-15,3,2.0811,1.0507,3.5304
2024-06-15,4,1.1887,0.7884,2.4004
2024-06-15,5,1.0481,0.7509,1.7972
2024-06-15,6,1.0444,0.0,1.0444
2024-06-15,7,0.315,0.1314,0.1836
2024-06-15,8,44.7842,31.3909,83.3933
2024-06-15,9,15.2272,12.1306,33.0966
2024-06-15,10,17.1384,0.0,17.1384
2024-06-15,11,26.1992,26.1992,58.0
2024-06-15,12,3.0565,1.8582,6.1984
2024-06-15,13,3.0954,1.7199,5.3755
2024-06-15,14,35.305,21.1736,60.1313
2024-06-15,15,9.622,7.037,18.585
2024-06-15,16,13.727,8.1422,22.5848
2024-06-15,17,8.6826,5.2792,15.4033
2024-06-15,18,9.8556,6.5932,15.2624
2024-06-15,19,6.6943,5.0661,13.1282
2024-06-15,20,3.134,3.134,8.5
2024-06-15,21,12.7519,4.6917,8.0602
2024-06-15,22,5.2702,4.8426,13.4276
2024-06-15,23,4.2548,3.2256,10.0292
2024-06-15,24,2.8343,1.9347,8.8996
2024-06-15,25,1.1769,0.64,1.5369
2024-06-15,26,0.6755,0.4438,1.2317
2024-06-15,27,1429.6824,949.338,2330.3445
2024-06-15,28,390.0015,215.5108,624.4906
2024-06-15,29,1560.95,1386.5233,174.42669999999998
2024-06-15,30,1155.4523,1403.0562,0.0
2024-06-16,1,5.479,2.2255,3.2535
2024-06-16,2,4.866,2.0264,2.8396
2024-06-16,3,3.5304,0.0,3.5304
2024-06-16,4,2.4004,0.7076,1.6927
2024-06-16,5,1.7972,0.6503,1.1469
2024-06-16,6,1.0444,0.5597,1.9847
2024-06-16,7,0.1836,0.1783,0.5053
2024-06-16,8,83.3933,33.0145,50.3789
2024-06-16,9,33.0966,14.0844,19.0122
2024-06-16,10,17.1384,12.8377,28.3007
2024-06-16,11,58.0,36.6895,59.3105
2024-06-16,12,6.1984,2.5365,3.6619
2024-06-16,13,5.3755,2.0533,3.3223
2024-06-16,14,60.1313,22.1704,37.9609
2024-06-16,15,18.585,6.7751,11.8099
2024-06-16,16,22.5848,9.769,12.8159
2024-06-16,17,15.4033,5.146,10.2573
2024-06-16,18,15.2624,6.4723,8.79
2024-06-16,19,13.1282,5.4342,7.694
2024-06-16,20,8.5,3.6907,4.8093
2024-06-16,21,8.0602,8.0602,21.0
2024-06-16,22,13.4276,6.6953,6.7323
2024-06-16,23,10.0292,4.2197,5.8095
2024-06-16,24,8.8996,3.6714,5.2282
2024-06-16,25,1.5369,0.6348,0.9021
2024-06-16,26,1.2317,0.5963,0.6353
2024-06-16,27,2330.3445,887.2229,1443.1215
2024-06-16,28,624.4906,211.626,412.8647
2024-06-16,29,2910.9139,1352.8365,1558.0774000000001
2024-06-16,30,1803.8302,1357.6251,446.20510000000013
2024-06-17,1,3.2535,1.6718,4.5818
2024-06-17,2,2.8396,1.6601,3.6795
2024-06-17,3,3.5304,0.7343,2.7961
2024-06-17,4,1.6927,0.7261,0.9667
2024-06-17,5,1.1469,0.4196,0.7272
2024-06-17,6,1.9847,0.58,1.4048
2024-06-17,7,0.5053,0.1694,0.3359
2024-06-17,8,50.3789,23.2054,27.1735
2024-06-17,9,19.0122,10.0052,25.0071
2024-06-17,10,28.3007,8.2873,20.0134
2024-06-17,11,59.3105,19.9088,39.4017
2024-06-17,12,3.6619,2.0328,5.1291
2024-06-17,13,3.3223,1.306,2.0162
2024-06-17,14,37.9609,21.4414,45.5195
2024-06-17,15,11.8099,5.4718,6.3381
2024-06-17,16,12.8159,6.0311,17.7848
2024-06-17,17,10.2573,3.8847,6.3726
2024-06-17,18,8.79,4.8805,11.9096
2024-06-17,19,7.694,4.9617,10.2324
2024-06-17,20,4.8093,2.8921,6.4171
2024-06-17,21,21.0,5.4428,15.5572
2024-06-17,22,6.7323,3.697,10.0353
2024-06-17,23,5.8095,3.3381,7.4714
2024-06-17,24,5.2282,1.8045,3.4237
2024-06-17,25,0.9021,0.6251,1.277
2024-06-17,26,0.6353,0.4362,1.1992
2024-06-17,27,1443.1215,667.402,775.7196
2024-06-17,28,412.8647,179.0913,233.7734
2024-06-17,29,1350.9422,961.6332,389.30899999999997
2024-06-17,30,1059.2784,972.1115,87.16689999999994
2024-06-18,1,4.5818,0.0,4.5818
2024-06-18,2,3.6795,1.6838,1.9956
2024-06-18,3,2.7961,0.6692,2.1269
2024-06-18,4,0.9667,0.8019,2.1648
2024-06-18,5,0.7272,0.5581,1.6691
2024-06-18,6,1.4048,0.5709,0.8339
2024-06-18,7,0.3359,0.0623,0.2736
2024-06-18,8,27.1735,20.2372,61.9362
2024-06-18,9,25.0071,8.6056,16.4015
2024-06-18,10,20.0134,8.391,11.6225
2024-06-18,11,39.4017,20.2512,19.1505
2024-06-18,12,5.1291,1.4748,3.6543
2024-06-18,13,2.0162,1.6211,4.3951
2024-06-18,14,45.5195,14.7939,30.7256
2024-06-18,15,6.3381,6.2921,14.046
2024-06-18,16,17.7848,5.8901,11.8947
2024-06-18,17,6.3726,4.4775,11.8952
2024-06-18,18,11.9096,4.5695,7.3401
2024-06-18,19,10.2324,3.9053,6.3271
2024-06-18,20,6.4171,1.8222,4.5949
2024-06-18,21,15.5572,5.1499,10.4073
2024-06-18,22,10.0353,2.788,7.2473
2024-06-18,23,7.4714,2.859,4.6124
2024-06-18,24,3.4237,1.892,6.5317
2024-06-18,25,1.277,0.426,0.851
2024-06-18,26,1.1992,0.3847,0.8144
2024-06-18,27,775.7196,700.1329,1825.5867
2024-06-18,28,233.7734,172.4191,461.3542
2024-06-18,29,2265.1449,982.2487,1282.8961999999997
2024-06-18,30,550.5548,983.0599,0.0
2024-06-19,1,4.5818,1.3537,3.2281
2024-06-19,2,1.9956,1.6544,3.8413
2024-06-19,3,2.1269,1.09,1.0369
2024-06-19,4,2.1648,0.6794,1.4855
2024-06-19,5,1.6691,0.4879,1.1812
2024-06-19,6,0.8339,0.4036,1.9303
2024-06-19,7,0.2736,0.0902,0.1834
2024-06-19,8,61.9362,20.6275,41.3087
2024-06-19,9,16.4015,10.5514,24.8502
2024-06-19,10,11.6225,7.0533,21.5691
2024-06-19,11,19.1505,15.928,43.2225
2024-06-19,12,3.6543,2.3908,4.7635
2024-06-19,13,4.3951,1.3612,3.034
2024-06-19,14,30.7256,15.1291,45.5964
2024-06-19,15,14.046,4.2723,9.7737
2024-06-19,16,11.8947,7.7216,17.173
2024-06-19,17,11.8952,4.0394,7.8557
2024-06-19,18,7.3401,5.4778,11.8623
2024-06-19,19,6.3271,3.644,9.683
2024-06-19,20,4.5949,1.6492,2.9457
2024-06-19,21,10.4073,4.041,6.3663
2024-06-19,22,7.2473,4.376,9.8713
2024-06-19,23,4.6124,3.248,7.3644
2024-06-19,24,6.5317,2.9912,3.5405
2024-06-19,25,0.851,0.3476,0.5035
2024-06-19,26,0.8144,0.2996,0.5148
2024-06-19,27,1825.5867,658.3429,1167.2438
2024-06-19,28,461.3542,186.4321,274.9221
2024-06-19,29,1434.9225,946.8075,488.1149999999999
2024-06-19,30,1423.9721,934.2695,489.70259999999996
2024-06-20,1,3.2281,1.2575,1.9705
2024-06-20,2,3.8413,1.4223,2.4189
2024-06-20,3,1.0369,1.0369,2.5
2024-06-20,4,1.4855,0.6858,0.7996
2024-06-20,5,1.1812,0.4406,0.7406
2024-06-20,6,1.9303,0.5852,1.3451
2024-06-20,7,0.1834,0.0812,0.6022
2024-06-20,8,41.3087,26.7792,61.5296
2024-06-20,9,24.8502,8.9682,15.882
2024-06-20,10,21.5691,7.0658,14.5033
2024-06-20,11,43.2225,13.7595,29.4631
2024-06-20,12,4.7635,1.9825,2.7809
2024-06-20,13,3.034,1.9385,4.0955
2024-06-20,14,45.5964,19.0734,26.523
2024-06-20,15,9.7737,5.3738,14.3999
2024-06-20,16,17.173,6.7698,10.4032
2024-06-20,17,7.8557,4.3352,11.5205
2024-06-20,18,11.8623,3.4821,8.3802
2024-06-20,19,9.683,4.7432,4.9399
2024-06-20,20,2.9457,2.2402,6.2055
2024-06-20,21,6.3663,6.3663,15.0
2024-06-20,22,9.8713,3.178,6.6933
2024-06-20,23,7.3644,4.4675,7.3969
2024-06-20,24,3.5405,2.2423,6.2982
2024-06-20,25,0.5035,0.5013,1.5021
2024-06-20,26,0.5148,0.2079,1.3069
2024-06-20,27,1167.2438,771.1266,1796.1172
2024-06-20,28,274.9221,159.0353,465.8868
2024-06-20,29,2294.1436,1009.8273,1284.3163
2024-06-20,30,874.0854,1023.021,0.0
2024-06-21,1,1.9705,1.3419,4.6286
2024-06-21,2,2.4189,1.1941,3.7248
2024-06-21,3,2.5,0.8696,1.6304
2024-06-21,4,0.7996,0.6502,2.1494
2024-06-21,5,0.7406,0.5924,1.6482
2024-06-21,6,1.3451,0.5605,0.7845
2024-06-21,7,0.6022,0.1183,0.4839
2024-06-21,8,61.5296,23.2576,38.272
2024-06-21,9,15.882,8.3006,24.5814
2024-06-21,10,14.5033,5.9936,8.5097
2024-06-21,11,29.4631,22.4634,43.9997
2024-06-21,12,2.7809,1.9147,4.8662
2024-06-21,13,4.0955,1.4666,2.6289
2024-06-21,14,26.523,17.9897,45.5333
2024-06-21,15,14.3999,5.4635,8.9364
2024-06-21,16,10.4032,7.4407,17.9626
2024-06-21,17,11.5205,3.9692,7.5513
2024-06-21,18,8.3802,5.1003,12.2799
2024-06-21,19,4.9399,3.4807,9.9592
2024-06-21,20,6.2055,2.4686,3.7369
2024-06-21,21,15.0,4.1074,10.8926
2024-06-21,22,6.6933,2.7244,10.4689
2024-06-21,23,7.3969,2.0131,5.3838
2024-06-21,24,6.2982,1.4479,4.8503
2024-06-21,25,1.5021,0.482,1.0201
2024-06-21,26,1.3069,0.3437,0.9633
2024-06-21,27,1796.1172,689.3614,1106.7558
2024-06-21,28,465.8868,159.2308,306.656
2024-06-21,29,1267.5798,876.8554,390.72439999999995
2024-06-21,30,1439.6016,870.9984,568.6032
2024-06-22,1,4.6286,2.3763,2.2523
2024-06-22,2,3.7248,1.2778,2.447
2024-06-22,3,1.6304,1.1555,3.4749
2024-06-22,4,2.1494,0.0,2.1494
2024-06-22,5,1.6482,0.4775,1.1707
2024-06-22,6,0.7845,0.5893,2.1952
2024-06-22,7,0.4839,0.1459,0.3379
2024-06-22,8,38.272,32.2834,82.9886
2024-06-22,9,24.5814,0.0,24.5814
2024-06-22,10,8.5097,8.5097,28.0
2024-06-22,11,43.9997,23.429,57.5707
2024-06-22,12,4.8662,2.0176,2.8487
2024-06-22,13,2.6289,2.2344,5.3945
2024-06-22,14,45.5333,19.6768,25.8565
2024-06-22,15,8.9364,7.1895,18.747
2024-06-22,16,17.9626,7.1378,10.8248
2024-06-22,17,7.5513,7.5513,15.0
2024-06-22,18,12.2799,6.5476,15.7323
2024-06-22,19,9.9592,4.116,5.8432
2024-06-22,20,3.7369,3.0596,8.1773
2024-06-22,21,10.8926,5.4661,20.4264
2024-06-22,22,10.4689,5.7239,13.2451
2024-06-22,23,5.3838,4.9856,9.8982
2024-06-22,24,4.8503,4.2458,8.6045
2024-06-22,25,1.0201,0.7822,1.7379
2024-06-22,26,0.9633,0.596,1.3673
2024-06-22,27,1106.7558,943.6715,2363.0843
2024-06-22,28,306.656,229.5176,627.1384
2024-06-22,29,2336.2378,1368.4541,967.7837
2024-06-22,30,1002.7583,1388.6693,0.0
2024-06-23,1,2.2523,1.9739,5.7784
2024-06-23,2,2.447,2.325,5.122
2024-06-23,3,3.4749,1.1364,2.3384
2024-06-23,4,2.1494,0.9137,1.2357
2024-06-23,5,1.1707,0.5061,0.6645
2024-06-23,6,2.1952,0.6991,1.4961
2024-06-23,7,0.3379,0.1015,0.2364
2024-06-23,8,82.9886,23.4941,59.4945
2024-06-23,9,24.5814,13.5647,32.0166
2024-06-23,10,28.0,9.8326,18.1674
2024-06-23,11,57.5707,22.4078,35.1629
2024-06-23,12,2.8487,2.3394,6.5093
2024-06-23,13,5.3945,1.8614,3.5331
2024-06-23,14,25.8565,25.0462,59.8103
2024-06-23,15,18.747,8.1723,10.5747
2024-06-23,16,10.8248,7.7219,23.1029
2024-06-23,17,15.0,6.1508,8.8492
2024-06-23,18,15.7323,5.8129,9.9193
2024-06-23,19,5.8432,5.8432,13.0
2024-06-23,20,8.1773,2.1867,5.9906
2024-06-23,21,20.4264,5.2786,15.1478
2024-06-23,22,13.2451,4.9543,8.2907
2024-06-23,23,9.8982,4.8643,5.0339
2024-06-23,24,8.6045,3.9994,4.6051
2024-06-23,25,1.7379,0.6724,1.0656
2024-06-23,26,1.3673,0.459,0.9083
2024-06-23,27,2363.0843,947.4163,1415.6681
2024-06-23,28,627.1384,226.063,401.0754
2024-06-23,29,1217.2165,1377.6253,0.0
2024-06-23,30,1764.2241,1363.9848,400.23929999999996
2024-06-24,1,5.7784,1.8021,3.9762
2024-06-24,2,5.122,1.6011,3.5209
2024-06-24,3,2.3384,1.1062,1.2322
2024-06-24,4,1.2357,0.8156,1.9201
2024-06-24,5,0.6645,0.4908,1.6737
2024-06-24,6,1.4961,0.6102,0.8859
2024-06-24,7,0.2364,0.0983,0.1382
2024-06-24,8,59.4945,24.1288,35.3657
2024-06-24,9,32.0166,11.0862,20.9304
2024-06-24,10,18.1674,6.8557,11.3117
2024-06-24,11,35.1629,17.2327,17.9302
2024-06-24,12,6.5093,1.6626,4.8467
2024-06-24,13,3.5331,1.3009,2.2322
2024-06-24,14,59.8103,22.5432,37.2671
2024-06-24,15,10.5747,5.6683,13.9063
2024-06-24,16,23.1029,6.2091,16.8938
2024-06-24,17,8.8492,5.9062,11.943
2024-06-24,18,9.9193,3.9312,5.9881
2024-06-24,19,13.0,6.0075,6.9925
2024-06-24,20,5.9906,2.5056,3.485
2024-06-24,21,15.1478,4.8332,10.3147
2024-06-24,22,8.2907,2.7993,5.4915
2024-06-24,23,5.0339,3.517,8.0169
2024-06-24,24,4.6051,3.525,7.0801
2024-06-24,25,1.0656,0.2939,0.7717
2024-06-24,26,0.9083,0.2049,0.7035
2024-06-24,27,1415.6681,729.9961,1835.672
2024-06-24,28,401.0754,172.6793,228.3961
2024-06-24,29,2916.9616,937.806,1979.1556
2024-06-24,30,1053.1121,942.3418,110.77030000000002
2024-06-25,1,3.9762,1.2773,2.699
2024-06-25,2,3.5209,1.0831,2.4377
2024-06-25,3,1.2322,0.911,2.8212
2024-06-25,4,1.9201,0.8105,1.1096
2024-06-25,5,1.6737,0.4742,1.1995
2024-06-25,6,0.8859,0.673,1.7128
2024-06-25,7,0.1382,0.1382,0.5
2024-06-25,8,35.3657,26.8364,63.5293
2024-06-25,9,20.9304,9.4209,11.5096
2024-06-25,10,11.3117,7.1234,21.1884
2024-06-25,11,17.9302,15.302,43.6283
2024-06-25,12,4.8467,1.7923,3.0544
2024-06-25,13,2.2322,1.8092,4.423
2024-06-25,14,37.2671,20.4119,45.8552
2024-06-25,15,13.9063,4.865,9.0413
2024-06-25,16,16.8938,6.7199,10.1739
2024-06-25,17,11.943,3.5715,8.3716
2024-06-25,18,5.9881,4.0122,11.9759
2024-06-25,19,6.9925,4.0635,9.929
2024-06-25,20,3.485,2.8945,6.5905
2024-06-25,21,10.3147,7.4472,15.8675
2024-06-25,22,5.4915,5.4915,10.5
2024-06-25,23,8.0169,2.3496,5.6673
2024-06-25,24,7.0801,1.9844,5.0957
2024-06-25,25,0.7717,0.4371,1.3345
2024-06-25,26,0.7035,0.3323,0.3711
2024-06-25,27,1835.672,770.8767,1064.7953
2024-06-25,28,228.3961,178.1008,450.2953
2024-06-25,29,2013.135,1103.1002,910.0347999999999
2024-06-25,30,546.9647,1089.7906,0.0
2024-06-26,1,2.699,1.6449,1.054
2024-06-26,2,2.4377,0.0,2.4377
2024-06-26,3,2.8212,0.8073,2.0139
2024-06-26,4,1.1096,0.6887,0.421
2024-06-26,5,1.1995,0.4356,0.7639
2024-06-26,6,1.7128,0.8944,0.8185
2024-06-26,7,0.5,0.1822,0.3178
2024-06-26,8,63.5293,27.0335,36.4958
2024-06-26,9,11.5096,10.4188,1.0908
2024-06-26,10,21.1884,8.1912,12.9971
2024-06-26,11,43.6283,17.67,25.9582
2024-06-26,12,3.0544,2.0099,1.0445
2024-06-26,13,4.423,1.9879,2.4351
2024-06-26,14,45.8552,13.4349,32.4203
2024-06-26,15,9.0413,6.303,2.7382
2024-06-26,16,10.1739,6.7679,3.406
2024-06-26,17,8.3716,5.1992,3.1723
2024-06-26,18,11.9759,3.7854,8.1905
2024-06-26,19,9.929,2.9375,6.9915
2024-06-26,20,6.5905,2.4212,4.1693
2024-06-26,21,15.8675,4.4641,11.4034
2024-06-26,22,10.5,4.5156,5.9844
2024-06-26,23,5.6673,3.3768,2.2905
2024-06-26,24,5.0957,1.8714,3.2243
2024-06-26,25,1.3345,0.8979,0.4367
2024-06-26,26,0.3711,0.3711,0.0
2024-06-26,27,1064.7953,666.1441,398.6512
2024-06-26,28,450.2953,152.639,297.6564
2024-06-26,29,1089.8835,960.0355,129.84799999999996
2024-06-26,30,1411.9195,971.7772,440.1423
2024-06-27,1,1.054,1.054,0.0
2024-06-27,2,2.4377,1.7097,0.7281
2024-06-27,3,2.0139,1.2475,0.7664
2024-06-27,4,0.421,0.421,0.0
2024-06-27,5,0.7639,0.3763,0.3877
2024-06-27,6,0.8185,0.5755,0.243
2024-06-27,7,0.3178,0.1084,0.2094
2024-06-27,8,36.4958,26.9931,9.5027
2024-06-27,9,1.0908,1.0908,0.0
2024-06-27,10,12.9971,8.9355,4.0616
2024-06-27,11,25.9582,19.2535,6.7048
2024-06-27,12,1.0445,0.0,1.0445
2024-06-27,13,2.4351,1.45,0.9851
2024-06-27,14,32.4203,23.8621,8.5582
2024-06-27,15,2.7382,2.7382,0.0
2024-06-27,16,3.406,3.406,0.0
2024-06-27,17,3.1723,3.1723,0.0
2024-06-27,18,8.1905,3.8451,4.3454
2024-06-27,19,6.9915,4.7254,2.2661
2024-06-27,20,4.1693,2.4314,1.7379
2024-06-27,21,11.4034,0.0,11.4034
2024-06-27,22,5.9844,2.8583,3.1261
2024-06-27,23,2.2905,2.2905,0.0
2024-06-27,24,3.2243,2.3123,0.912
2024-06-27,25,0.4367,0.4264,0.0102
2024-06-27,26,0.0,0.0,0.0
2024-06-27,27,398.6512,398.6512,0.0
2024-06-27,28,297.6564,229.1609,68.4955
2024-06-27,29,237.0552,666.644,0.0
2024-06-27,30,852.0686,660.9005,191.16809999999998
2024-06-28,1,0.0,0.0,4.5
2024-06-28,2,0.7281,0.7281,4.0
2024-06-28,3,0.7664,0.7664,3.0
2024-06-28,4,0.0,0.0,2.0
2024-06-28,5,0.3877,0.3877,1.5
2024-06-28,6,0.243,0.243,2.0
2024-06-28,7,0.2094,0.1123,0.5971
2024-06-28,8,9.5027,9.5027,68.0
2024-06-28,9,0.0,0.0,26.0
2024-06-28,10,4.0616,4.0616,22.0
2024-06-28,11,6.7048,6.7048,47.0
2024-06-28,12,1.0445,1.0445,5.0
2024-06-28,13,0.9851,0.9851,4.5
2024-06-28,14,8.5582,8.5582,46.0
2024-06-28,15,0.0,0.0,14.0
2024-06-28,16,0.0,0.0,18.0
2024-06-28,17,0.0,0.0,12.0
2024-06-28,18,4.3454,4.3454,12.0
2024-06-28,19,2.2661,2.2661,11.0
2024-06-28,20,1.7379,1.7379,6.5
2024-06-28,21,11.4034,4.9162,6.4871
2024-06-28,22,3.1261,3.1261,11.0
2024-06-28,23,0.0,0.0,8.0
2024-06-28,24,0.912,0.912,7.0
2024-06-28,25,0.0102,0.0102,1.5
2024-06-28,26,0.0,0.0,1.0
2024-06-28,27,0.0,0.0,1800.0
2024-06-28,28,68.4955,68.4955,450.0
2024-06-28,29,0.0,67.9989,0.0
2024-06-28,30,261.0964,68.6262,192.47020000000003
2024-06-29,1,4.5,2.1863,2.3137
2024-06-29,2,4.0,2.2022,4.7978
2024-06-29,3,3.0,1.0296,1.9704
2024-06-29,4,2.0,1.039,0.961
2024-06-29,5,1.5,0.5048,0.9952
2024-06-29,6,2.0,0.8851,1.1149
2024-06-29,7,0.5971,0.1325,0.4646
2024-06-29,8,68.0,34.845,33.155
2024-06-29,9,26.0,11.6831,14.3169
2024-06-29,10,22.0,8.8024,13.1976
2024-06-29,11,47.0,28.8838,57.1162
2024-06-29,12,5.0,1.872,3.128
2024-06-29,13,4.5,1.7427,2.7573
2024-06-29,14,46.0,28.0079,59.9921
2024-06-29,15,14.0,6.5794,7.4206
2024-06-29,16,18.0,7.6125,10.3875
2024-06-29,17,12.0,6.0262,5.9738
2024-06-29,18,12.0,5.6648,6.3352
2024-06-29,19,11.0,4.3675,6.6325
2024-06-29,20,6.5,3.5337,8.4663
2024-06-29,21,6.4871,4.8049,20.6822
2024-06-29,22,11.0,5.0611,5.9389
2024-06-29,23,8.0,2.5071,5.4929
2024-06-29,24,7.0,4.4318,8.5682
2024-06-29,25,1.5,1.1473,1.8527
2024-06-29,26,1.0,0.3578,0.6422
2024-06-29,27,1800.0,946.1455,2353.8545
2024-06-29,28,450.0,193.2053,256.7947
2024-06-29,29,2300.0,1345.0349,954.9650999999999
2024-06-29,30,1400.0,1337.6409,62.3590999999999
2024-06-30,1,2.3137,2.2674,5.5463
2024-06-30,2,4.7978,1.729,3.0688
2024-06-30,3,1.9704,1.0795,3.3909
2024-06-30,4,0.961,0.895,2.566
2024-06-30,5,0.9952,0.5833,1.912
2024-06-30,6,1.1149,0.9,2.2149
2024-06-30,7,0.4646,0.1183,0.3463
2024-06-30,8,33.155,23.9487,79.2063
2024-06-30,9,14.3169,13.9293,31.3877
2024-06-30,10,13.1976,11.0743,27.1233
2024-06-30,11,57.1162,17.5223,39.5939
2024-06-30,12,3.128,1.923,6.205
2024-06-30,13,2.7573,1.651,5.6063
2024-06-30,14,59.9921,22.6171,37.375
2024-06-30,15,7.4206,7.4206,18.0
2024-06-30,16,10.3875,10.276,22.1115
2024-06-30,17,5.9738,5.4856,15.4881
2024-06-30,18,6.3352,6.3352,15.0
2024-06-30,19,6.6325,3.9258,12.7067
2024-06-30,20,8.4663,2.8114,5.655
2024-06-30,21,20.6822,6.9246,13.7576
2024-06-30,22,5.9389,5.9389,13.0
2024-06-30,23,5.4929,2.4695,9.5234
2024-06-30,24,8.5682,3.629,4.9393
2024-06-30,25,1.8527,0.4908,1.3619
2024-06-30,26,0.6422,0.4479,1.1944
2024-06-30,27,2353.8545,839.07,1514.7845
2024-06-30,28,256.7947,227.5161,629.2786
2024-06-30,29,1307.0865,1107.7345,199.35199999999986
2024-06-30,30,744.4402,1121.9455,0.0
2024-07-01,1,5.5463,1.5879,3.9584
2024-07-01,2,3.0688,1.3524,1.7164
2024-07-01,3,3.3909,0.8575,2.5334
2024-07-01,4,2.566,0.6143,1.9517
2024-07-01,5,1.912,0.6251,1.2868
2024-07-01,6,2.2149,0.6229,1.592
2024-07-01,7,0.3463,0.0919,0.2544
2024-07-01,8,79.2063,22.7207,56.4856
2024-07-01,9,31.3877,8.7712,22.6164
2024-07-01,10,27.1233,6.9621,20.1612
2024-07-01,11,39.5939,17.1355,22.4585
2024-07-01,12,6.205,1.9626,4.2424
2024-07-01,13,5.6063,1.4678,4.1385
2024-07-01,14,37.375,14.9691,22.4059
2024-07-01,15,18.0,5.9416,12.0584
2024-07-01,16,22.1115,5.5088,16.6027
2024-07-01,17,15.4881,4.2555,11.2327
2024-07-01,18,15.0,4.4137,10.5863
2024-07-01,19,12.7067,2.9837,9.723
2024-07-01,20,5.655,1.7789,3.8761
2024-07-01,21,13.7576,4.9625,8.7951
2024-07-01,22,13.0,4.8676,8.1324
2024-07-01,23,9.5234,3.1121,6.4112
2024-07-01,24,4.9393,3.5807,6.3586
2024-07-01,25,1.3619,0.459,0.9028
2024-07-01,26,1.1944,0.5997,0.5946
2024-07-01,27,1514.7845,808.7758,1806.0087
2024-07-01,28,629.2786,178.0557,451.2229
2024-07-01,29,2900.0,1067.2448,1832.7552
2024-07-01,30,1788.9449,1052.1162,736.8287
2024-07-02,1,3.9584,1.7041,2.2543
2024-07-02,2,1.7164,1.7164,4.0
2024-07-02,3,2.5334,1.1057,1.4277
2024-07-02,4,1.9517,0.6485,1.3033
2024-07-02,5,1.2868,0.4363,0.8505
2024-07-02,6,1.592,0.4002,1.1918
2024-07-02,7,0.2544,0.1251,0.1293
2024-07-02,8,56.4856,29.3708,27.1148
2024-07-02,9,22.6164,9.3566,13.2599
2024-07-02,10,20.1612,6.7842,13.3769
2024-07-02,11,22.4585,0.0,22.4585
2024-07-02,12,4.2424,2.3489,1.8935
2024-07-02,13,4.1385,2.0468,2.0917
2024-07-02,14,22.4059,17.6964,45.7095
2024-07-02,15,12.0584,4.9412,7.1172
2024-07-02,16,16.6027,5.5858,11.0169
2024-07-02,17,11.2327,4.018,7.2147
2024-07-02,18,10.5863,3.8923,6.694
2024-07-02,19,9.723,4.0618,5.6612
2024-07-02,20,3.8761,2.8902,6.4858
2024-07-02,21,8.7951,4.3018,15.4933
2024-07-02,22,8.1324,4.7367,10.3957
2024-07-02,23,6.4112,2.6439,3.7673
2024-07-02,24,6.3586,2.1079,4.2507
2024-07-02,25,0.9028,0.6186,1.2842
2024-07-02,26,0.5946,0.5946,1.0
2024-07-02,27,1806.0087,582.8844,1223.1243
2024-07-02,28,451.2229,188.9831,262.2398
2024-07-02,29,1919.0292,854.129,1064.9002
2024-07-02,30,1142.5144,854.4802,288.03420000000006
2024-07-03,1,2.2543,1.4135,4.3409
2024-07-03,2,4.0,1.1378,2.8622
2024-07-03,3,1.4277,1.2911,2.6367
2024-07-03,4,1.3033,0.6042,2.199
2024-07-03,5,0.8505,0.4255,1.425
2024-07-03,6,1.1918,0.6275,1.5643
2024-07-03,7,0.1293,0.1157,0.5135
2024-07-03,8,27.1148,18.1034,62.0115
2024-07-03,9,13.2599,10.2065,24.0534
2024-07-03,10,13.3769,6.8957,21.4812
2024-07-03,11,22.4585,15.1891,43.2693
2024-07-03,12,1.8935,1.4887,4.9048
2024-07-03,13,2.0917,1.6211,4.4706
2024-07-03,14,45.7095,16.229,29.4804
2024-07-03,15,7.1172,6.7069,14.4104
2024-07-03,16,11.0169,7.5117,17.5052
2024-07-03,17,7.2147,5.0755,12.1392
2024-07-03,18,6.694,4.2358,11.4582
2024-07-03,19,5.6612,5.6612,10.0
2024-07-03,20,6.4858,2.304,4.1819
2024-07-03,21,15.4933,5.9063,9.5871
2024-07-03,22,10.3957,3.6209,6.7747
2024-07-03,23,3.7673,3.0032,7.7641
2024-07-03,24,4.2507,3.8525,6.3982
2024-07-03,25,1.2842,0.4773,0.8069
2024-07-03,26,1.0,0.2352,0.7648
2024-07-03,27,1223.1243,777.5401,1795.5842
2024-07-03,28,262.2398,182.7085,479.5313
2024-07-03,29,1152.8195,1082.3308,70.48870000000011
2024-07-03,30,600.2313,1081.1823,0.0
2024-07-04,1,4.3409,1.6093,2.7315
2024-07-04,2,2.8622,1.4318,1.4304
2024-07-04,3,2.6367,0.7617,1.875
2024-07-04,4,2.199,0.6066,1.5924
2024-07-04,5,1.425,0.5076,0.9174
2024-07-04,6,1.5643,0.77,0.7943
2024-07-04,7,0.5135,0.1035,0.41
2024-07-04,8,62.0115,21.7106,40.3008
2024-07-04,9,24.0534,0.0,24.0534
2024-07-04,10,21.4812,7.3584,14.1228
2024-07-04,11,43.2693,15.6358,27.6336
2024-07-04,12,4.9048,1.3696,3.5353
2024-07-04,13,4.4706,1.273,3.1976
2024-07-04,14,29.4804,16.0587,45.4217
2024-07-04,15,14.4104,6.563,7.8474
2024-07-04,16,17.5052,7.2638,10.2413
2024-07-04,17,12.1392,4.1078,8.0314
2024-07-04,18,11.4582,4.1847,7.2735
2024-07-04,19,10.0,4.152,5.848
2024-07-04,20,4.1819,2.5141,6.1678
2024-07-04,21,9.5871,5.3721,15.215
2024-07-04,22,6.7747,2.996,10.2788
2024-07-04,23,7.7641,3.0259,4.7382
2024-07-04,24,6.3982,2.5839,3.8143
2024-07-04,25,0.8069,0.5916,1.2154
2024-07-04,26,0.7648,0.2043,0.5605
2024-07-04,27,1795.5842,717.0655,1078.5187
2024-07-04,28,479.5313,159.3603,320.171
2024-07-04,29,2228.8008,1042.2706,1186.5302
2024-07-04,30,1343.7117,1032.5192,311.1925000000001
2024-07-05,1,2.7315,1.757,4.4745
2024-07-05,2,1.4304,1.3223,3.6082
2024-07-05,3,1.875,0.7927,1.0823
2024-07-05,4,1.5924,0.7296,0.8628
2024-07-05,5,0.9174,0.5452,1.3722
2024-07-05,6,0.7943,0.7739,1.5204
2024-07-05,7,0.41,0.0699,0.3401
2024-07-05,8,40.3008,21.9015,63.3994
2024-07-05,9,24.0534,10.7082,13.3452
2024-07-05,10,14.1228,7.9899,21.1329
2024-07-05,11,27.6336,12.2619,43.3717
2024-07-05,12,3.5353,2.246,4.7893
2024-07-05,13,3.1976,1.7375,4.46
2024-07-05,14,45.4217,16.1661,29.2556
2024-07-05,15,7.8474,5.4735,14.3738
2024-07-05,16,10.2413,6.3337,16.9077
2024-07-05,17,8.0314,3.9129,12.1185
2024-07-05,18,7.2735,4.2476,12.0259
2024-07-05,19,5.848,2.6799,10.1681
2024-07-05,20,6.1678,3.2784,2.8894
2024-07-05,21,15.215,8.5509,6.6641
2024-07-05,22,10.2788,0.0,10.2788
2024-07-05,23,4.7382,2.1475,7.5907
2024-07-05,24,3.8143,1.8822,6.932
2024-07-05,25,1.2154,0.6092,0.6062
2024-07-05,26,0.5605,0.4829,1.0776
2024-07-05,27,1078.5187,831.2636,1797.2552
2024-07-05,28,320.171,164.2499,455.9211
2024-07-05,29,1419.8552,1175.0008,244.85439999999994
2024-07-05,30,853.2217,1156.7706,0.0
2024-07-06,1,4.4745,1.4797,2.9948
2024-07-06,2,3.6082,1.8066,4.8016
2024-07-06,3,1.0823,1.0392,3.543
2024-07-06,4,0.8628,0.8628,2.5
2024-07-06,5,1.3722,0.6215,0.7507
2024-07-06,6,1.5204,1.0498,1.9706
2024-07-06,7,0.3401,0.1942,0.6459
2024-07-06,8,63.3994,34.8725,80.5269
2024-07-06,9,13.3452,13.3452,32.0
2024-07-06,10,21.1329,12.3956,26.7373
2024-07-06,11,43.3717,25.1911,56.1805
2024-07-06,12,4.7893,2.233,2.5563
2024-07-06,13,4.46,1.8673,2.5928
2024-07-06,14,29.2556,26.5118,58.7439
2024-07-06,15,14.3738,6.1174,8.2565
2024-07-06,16,16.9077,0.0,16.9077
2024-07-06,17,12.1185,5.5933,6.5253
2024-07-06,18,12.0259,6.057,5.9689
2024-07-06,19,10.1681,6.6917,12.9764
2024-07-06,20,2.8894,2.8602,8.0292
2024-07-06,21,6.6641,6.6641,20.0
2024-07-06,22,10.2788,2.8227,7.4561
2024-07-06,23,7.5907,3.6354,3.9552
2024-07-06,24,6.932,0.0,6.932
2024-07-06,25,0.6062,0.4737,1.6325
2024-07-06,26,1.0776,0.376,0.7016
2024-07-06,27,1797.2552,836.9487,960.3065
2024-07-06,28,455.9211,222.4744,233.4467
2024-07-06,29,2229.8093,1169.5092,1060.3001
2024-07-06,30,1378.7237,1167.5669,211.15679999999998
2024-07-07,1,2.9948,2.1001,5.3948
2024-07-07,2,4.8016,1.8561,2.9455
2024-07-07,3,3.543,1.2797,2.2634
2024-07-07,4,2.5,0.6537,1.8463
2024-07-07,5,0.7507,0.5055,1.7452
2024-07-07,6,1.9706,0.6231,1.3474
2024-07-07,7,0.6459,0.0,0.6459
2024-07-07,8,80.5269,33.4875,47.0394
2024-07-07,9,32.0,14.0256,17.9744
2024-07-07,10,26.7373,10.3726,16.3647
2024-07-07,11,56.1805,20.449,35.7316
2024-07-07,12,2.5563,2.5563,6.0
2024-07-07,13,2.5928,2.2398,5.353
2024-07-07,14,58.7439,24.4089,34.335
2024-07-07,15,8.2565,7.7301,17.5264
2024-07-07,16,16.9077,8.3189,22.5887
2024-07-07,17,6.5253,6.1454,15.3799
2024-07-07,18,5.9689,5.6529,15.316
2024-07-07,19,12.9764,4.6695,8.3069
2024-07-07,20,8.0292,3.1351,4.8941
2024-07-07,21,20.0,5.2962,14.7038
2024-07-07,22,7.4561,4.6263,12.8297
2024-07-07,23,3.9552,2.2869,9.6683
2024-07-07,24,6.932,3.2558,3.6762
2024-07-07,25,1.6325,0.4093,1.2231
2024-07-07,26,0.7016,0.4842,1.2173
2024-07-07,27,960.3065,896.5314,2313.7751
2024-07-07,28,233.4467,233.4467,600.0
2024-07-07,29,2907.3359,1230.3084,1677.0275000000001
2024-07-07,30,1737.9925,1231.1738,506.81870000000004
2024-07-08,1,5.3948,1.282,4.1127
2024-07-08,2,2.9455,1.4134,1.5321
2024-07-08,3,2.2634,0.6764,1.587
2024-07-08,4,1.8463,0.857,0.9893
2024-07-08,5,1.7452,0.5844,1.1607
2024-07-08,6,1.3474,0.485,0.8625
2024-07-08,7,0.6459,0.0906,0.5553
2024-07-08,8,47.0394,22.639,24.4004
2024-07-08,9,17.9744,9.218,23.7564
2024-07-08,10,16.3647,6.8252,9.5394
2024-07-08,11,35.7316,17.8186,17.913
2024-07-08,12,6.0,1.9394,4.0606
2024-07-08,13,5.353,1.7691,3.5839
2024-07-08,14,34.335,17.7418,44.5931
2024-07-08,15,17.5264,4.8608,12.6656
2024-07-08,16,22.5887,5.8376,16.7512
2024-07-08,17,15.3799,4.2152,11.1647
2024-07-08,18,15.316,4.8493,10.4667
2024-07-08,19,8.3069,2.7744,5.5325
2024-07-08,20,4.8941,2.1607,2.7334
2024-07-08,21,14.7038,8.1659,6.5378
2024-07-08,22,12.8297,2.3369,10.4928
2024-07-08,23,9.6683,1.8509,7.8174
2024-07-08,24,3.6762,2.8254,5.8508
2024-07-08,25,1.2231,0.4867,0.7364
2024-07-08,26,1.2173,0.518,0.6993
2024-07-08,27,2313.7751,756.952,1556.8231
2024-07-08,28,600.0,226.0947,373.9053
2024-07-08,29,1677.6577,1056.4209,621.2367999999999
2024-07-08,30,1080.24,1052.6799,27.56009999999992
2024-07-09,1,4.1127,0.0,4.1127
2024-07-09,2,1.5321,1.5321,3.5
2024-07-09,3,1.587,0.9491,2.6378
2024-07-09,4,0.9893,0.8637,2.1257
2024-07-09,5,1.1607,0.3885,0.7723
2024-07-09,6,0.8625,0.0,0.8625
2024-07-09,7,0.5553,0.0932,0.4621
2024-07-09,8,24.4004,24.4004,61.0
2024-07-09,9,23.7564,9.5993,14.157
2024-07-09,10,9.5394,6.931,20.6085
2024-07-09,11,17.913,17.913,42.0
2024-07-09,12,4.0606,1.8225,2.2381
2024-07-09,13,3.5839,1.535,2.0489
2024-07-09,14,44.5931,15.0563,29.5368
2024-07-09,15,12.6656,5.1836,7.4821
2024-07-09,16,16.7512,7.8367,8.9145
2024-07-09,17,11.1647,4.8553,6.3094
2024-07-09,18,10.4667,4.4601,6.0066
2024-07-09,19,5.5325,5.5325,10.0
2024-07-09,20,2.7334,2.7334,6.0
2024-07-09,21,6.5378,6.5378,15.0
2024-07-09,22,10.4928,3.028,7.4648
2024-07-09,23,7.8174,2.5156,5.3018
2024-07-09,24,5.8508,1.4815,4.3693
2024-07-09,25,0.7364,0.3037,1.4327
2024-07-09,26,0.6993,0.2609,0.4385
2024-07-09,27,1556.8231,917.328,1789.4951
2024-07-09,28,373.9053,195.8452,178.0601
2024-07-09,29,2265.8108,1245.7184,1020.0924000000002
2024-07-09,30,564.0744,1262.8601,0.0
2024-07-10,1,4.1127,0.0,4.1127
2024-07-10,2,3.5,0.9018,2.5982
2024-07-10,3,2.6378,0.8387,1.7992
2024-07-10,4,2.1257,0.6028,1.5229
2024-07-10,5,0.7723,0.3753,1.3969
2024-07-10,6,0.8625,0.7234,1.6391
2024-07-10,7,0.4621,0.1144,0.3477
2024-07-10,8,61.0,21.224,39.776
2024-07-10,9,14.157,9.6684,24.4886
2024-07-10,10,20.6085,8.3604,12.248
2024-07-10,11,42.0,18.2926,23.7074
2024-07-10,12,2.2381,1.81,4.9281
2024-07-10,13,2.0489,1.5137,4.0352
2024-07-10,14,29.5368,15.3524,45.1844
2024-07-10,15,7.4821,5.2073,14.2748
2024-07-10,16,8.9145,6.5546,17.3598
2024-07-10,17,6.3094,4.1771,12.1323
2024-07-10,18,6.0066,4.1513,11.8553
2024-07-10,19,10.0,3.4917,6.5083
2024-07-10,20,6.0,2.4116,3.5884
2024-07-10,21,15.0,4.0538,10.9462
2024-07-10,22,7.4648,3.0504,4.4145
2024-07-10,23,5.3018,3.0151,7.7867
2024-07-10,24,4.3693,2.617,6.7523
2024-07-10,25,1.4327,0.588,0.8446
2024-07-10,26,0.4385,0.4385,1.0
2024-07-10,27,1789.4951,733.0442,1056.4509
2024-07-10,28,178.0601,157.1688,470.8913
2024-07-10,29,1284.4582,1064.6999,219.75829999999996
2024-07-10,30,1412.4188,1055.3215,357.0972999999999
2024-07-11,1,4.1127,1.4045,2.7082
2024-07-11,2,2.5982,1.2295,3.8686
2024-07-11,3,1.7992,0.8378,0.9614
2024-07-11,4,1.5229,0.4404,1.0825
2024-07-11,5,1.3969,0.3877,1.0092
2024-07-11,6,1.6391,0.4422,1.1969
2024-07-11,7,0.3477,0.0951,0.2526
2024-07-11,8,39.776,20.3102,61.4658
2024-07-11,9,24.4886,10.6592,13.8294
2024-07-11,10,12.248,7.3165,20.9316
2024-07-11,11,23.7074,13.6678,43.0396
2024-07-11,12,4.9281,2.1499,2.7782
2024-07-11,13,4.0352,1.6644,2.3708
2024-07-11,14,45.1844,16.3247,28.8596
2024-07-11,15,14.2748,0.0,14.2748
2024-07-11,16,17.3598,5.6878,11.672
2024-07-11,17,12.1323,4.174,7.9583
2024-07-11,18,11.8553,4.6041,7.2512
2024-07-11,19,6.5083,4.2337,9.7747
2024-07-11,20,3.5884,2.4731,6.1153
2024-07-11,21,10.9462,8.2545,14.6917
2024-07-11,22,4.4145,4.4145,10.0
2024-07-11,23,7.7867,2.3891,5.3976
2024-07-11,24,6.7523,1.897,4.8553
2024-07-11,25,0.8446,0.4377,1.4069
2024-07-11,26,1.0,0.7996,1.2004
2024-07-11,27,1056.4509,733.3714,1773.0796
2024-07-11,28,470.8913,158.8131,312.0782
2024-07-11,29,2217.9636,1039.3549,1178.6087
2024-07-11,30,921.4992,1031.6004,0.0
2024-07-12,1,2.7082,1.9658,4.2424
2024-07-12,2,3.8686,1.2256,2.643
2024-07-12,3,0.9614,0.9614,2.5
2024-07-12,4,1.0825,0.783,1.7995
2024-07-12,5,1.0092,0.4436,0.5656
2024-07-12,6,1.1969,0.7107,1.4862
2024-07-12,7,0.2526,0.1193,0.1333
2024-07-12,8,61.4658,21.8333,39.6325
2024-07-12,9,13.8294,8.5048,23.3246
2024-07-12,10,20.9316,8.2086,12.723
2024-07-12,11,43.0396,17.5761,25.4634
2024-07-12,12,2.7782,2.0369,4.7413
2024-07-12,13,2.3708,1.2429,4.1279
2024-07-12,14,28.8596,17.9258,44.9338
2024-07-12,15,14.2748,4.9906,9.2842
2024-07-12,16,11.672,6.2784,17.3935
2024-07-12,17,7.9583,3.8688,11.0894
2024-07-12,18,7.2512,3.8658,11.3854
2024-07-12,19,9.7747,2.622,7.1527
2024-07-12,20,6.1153,2.2784,3.8368
2024-07-12,21,14.6917,7.5935,7.0982
2024-07-12,22,10.0,2.1686,7.8314
2024-07-12,23,5.3976,3.3791,7.0185
2024-07-12,24,4.8553,2.664,6.1913
2024-07-12,25,1.4069,0.4143,0.9926
2024-07-12,26,1.2004,0.4289,0.7716
2024-07-12,27,1773.0796,755.9314,1017.1481
2024-07-12,28,312.0782,182.0054,480.0728
2024-07-12,29,1312.8993,1023.401,289.4983000000001
2024-07-12,30,1338.6779,1019.4746,319.2032999999999
2024-07-13,1,4.2424,2.0709,2.1715
2024-07-13,2,2.643,2.2858,4.8572
2024-07-13,3,2.5,1.1321,1.3679
2024-07-13,4,1.7995,0.9943,2.3052
2024-07-13,5,0.5656,0.5656,1.5
2024-07-13,6,1.4862,0.6386,0.8476
2024-07-13,7,0.1333,0.1228,0.5105
2024-07-13,8,39.6325,34.8929,79.7396
2024-07-13,9,23.3246,10.1392,13.1854
2024-07-13,10,12.723,10.1947,26.5283
2024-07-13,11,25.4634,23.4664,54.997
2024-07-13,12,4.7413,2.0038,2.7375
2024-07-13,13,4.1279,1.7261,2.4018
2024-07-13,14,44.9338,28.7398,58.1941
2024-07-13,15,9.2842,7.7723,17.5119
2024-07-13,16,17.3935,7.9007,9.4929
2024-07-13,17,11.0894,4.9289,6.1605
2024-07-13,18,11.3854,5.3423,6.0432
2024-07-13,19,7.1527,5.399,12.7537
2024-07-13,20,3.8368,2.9425,7.8943
2024-07-13,21,7.0982,5.6871,19.4112
2024-07-13,22,7.8314,5.6797,12.6517
2024-07-13,23,7.0185,2.6169,4.4016
2024-07-13,24,6.1913,3.2958,7.8955
2024-07-13,25,0.9926,0.9926,1.5
2024-07-13,26,0.7716,0.4663,1.3053
2024-07-13,27,1017.1481,919.1989,2297.9492
2024-07-13,28,480.0728,207.3134,272.7594
2024-07-13,29,2182.9608,1293.866,889.0947999999999
2024-07-13,30,806.8671,1295.4686,0.0
2024-07-14,1,2.1715,2.0029,5.6686
2024-07-14,2,4.8572,2.6147,2.2425
2024-07-14,3,1.3679,0.994,3.3739
2024-07-14,4,2.3052,0.8082,1.497
2024-07-14,5,1.5,0.7411,0.7589
2024-07-14,6,0.8476,0.7343,2.1133
2024-07-14,7,0.5105,0.1087,0.4018
2024-07-14,8,79.7396,40.5855,39.1541
2024-07-14,9,13.1854,10.961,31.2244
2024-07-14,10,26.5283,14.2108,12.3175
2024-07-14,11,54.997,22.7654,32.2316
2024-07-14,12,2.7375,2.372,6.3655
2024-07-14,13,2.4018,2.1211,5.2807
2024-07-14,14,58.1941,21.6184,36.5756
2024-07-14,15,17.5119,7.2823,10.2297
2024-07-14,16,9.4929,8.2337,22.2592
2024-07-14,17,6.1605,6.004,15.1565
2024-07-14,18,6.0432,4.8376,15.2055
2024-07-14,19,12.7537,6.206,6.5477
2024-07-14,20,7.8943,0.0,7.8943
2024-07-14,21,19.4112,5.7303,13.6808
2024-07-14,22,12.6517,3.9958,8.6559
2024-07-14,23,4.4016,3.3981,9.5035
2024-07-14,24,7.8955,3.0693,4.8262
2024-07-14,25,1.5,0.7536,0.7464
2024-07-14,26,1.3053,0.7783,0.527
2024-07-14,27,2297.9492,859.7787,1438.1705
2024-07-14,28,272.7594,204.0942,568.6652
2024-07-14,29,2882.0156,1101.7912,1780.2244000000003
2024-07-14,30,1764.2743,1106.4423,657.8320000000001
2024-07-15,1,5.6686,1.4819,4.1867
2024-07-15,2,2.2425,1.1615,3.581
2024-07-15,3,3.3739,0.9107,2.4633
2024-07-15,4,1.497,0.6971,0.8
2024-07-15,5,0.7589,0.564,1.1949
2024-07-15,6,2.1133,0.5032,1.6101
2024-07-15,7,0.4018,0.0824,0.3195
2024-07-15,8,39.1541,29.0461,59.108
2024-07-15,9,31.2244,9.6906,21.5338
2024-07-15,10,12.3175,9.252,20.0655
2024-07-15,11,32.2316,17.0672,41.1644
2024-07-15,12,6.3655,1.9097,4.4558
2024-07-15,13,5.2807,1.632,3.6487
2024-07-15,14,36.5756,20.254,44.3217
2024-07-15,15,10.2297,6.4725,13.7572
2024-07-15,16,22.2592,6.2909,15.9683
2024-07-15,17,15.1565,4.5005,10.656
2024-07-15,18,15.2055,4.2282,10.9773
2024-07-15,19,6.5477,2.4855,4.0622
2024-07-15,20,7.8943,2.382,5.5124
2024-07-15,21,13.6808,7.6897,5.9912
2024-07-15,22,8.6559,3.6156,5.0404
2024-07-15,23,9.5035,2.2787,7.2248
2024-07-15,24,4.8262,2.4108,2.4154
2024-07-15,25,0.7464,0.4777,1.2687
2024-07-15,26,0.527,0.3633,1.1637
2024-07-15,27,1438.1705,701.9399,736.2306
2024-07-15,28,568.6652,209.8849,358.7804
2024-07-15,29,1601.2164,1008.2755,592.9409
2024-07-15,30,1026.6769,996.8185,29.85839999999996
2024-07-16,1,4.1867,1.3106,2.8761
2024-07-16,2,3.581,0.8888,2.6923
2024-07-16,3,2.4633,0.8437,1.6196
2024-07-16,4,0.8,0.8,2.0
2024-07-16,5,1.1949,0.3822,0.8127
2024-07-16,6,1.6101,0.6249,0.9853
2024-07-16,7,0.3195,0.1068,0.2126
2024-07-16,8,59.108,28.2559,30.8521
2024-07-16,9,21.5338,9.8675,11.6663
2024-07-16,10,20.0655,10.0651,10.0005
2024-07-16,11,41.1644,18.1922,22.9722
2024-07-16,12,4.4558,1.2403,3.2155
2024-07-16,13,3.6487,1.5806,2.0681
2024-07-16,14,44.3217,15.9794,28.3423
2024-07-16,15,13.7572,5.3419,8.4153
2024-07-16,16,15.9683,5.5565,10.4118
2024-07-16,17,10.656,5.6407,5.0153
2024-07-16,18,10.9773,3.8539,7.1234
2024-07-16,19,4.0622,4.0622,9.5
2024-07-16,20,5.5124,2.2918,3.2205
2024-07-16,21,5.9912,4.2026,14.7885
2024-07-16,22,5.0404,3.6716,9.8687
2024-07-16,23,7.2248,3.9452,3.2796
2024-07-16,24,2.4154,2.0899,6.3255
2024-07-16,25,1.2687,0.4739,0.7948
2024-07-16,26,1.1637,0.4826,0.6811
2024-07-16,27,736.2306,720.3553,1765.8753
2024-07-16,28,358.7804,180.8986,177.8818
2024-07-16,29,2232.6812,1042.5788,1190.1024
2024-07-16,30,533.957,1027.7837,0.0
2024-07-17,1,2.8761,1.5964,4.2797
2024-07-17,2,2.6923,2.0455,3.6468
2024-07-17,3,1.6196,1.0783,2.5413
2024-07-17,4,2.0,0.0,2.0
2024-07-17,5,0.8127,0.4708,1.3419
2024-07-17,6,0.9853,0.8301,1.6552
2024-07-17,7,0.2126,0.1006,0.112
2024-07-17,8,30.8521,28.5803,60.2718
2024-07-17,9,11.6663,11.6663,24.0
2024-07-17,10,10.0005,8.1378,20.8626
2024-07-17,11,22.9722,18.0993,41.8729
2024-07-17,12,3.2155,1.8937,4.8217
2024-07-17,13,2.0681,1.314,4.2541
2024-07-17,14,28.3423,18.6015,43.7407
2024-07-17,15,8.4153,6.0553,13.36
2024-07-17,16,10.4118,6.8418,16.5699
2024-07-17,17,5.0153,5.0153,11.0
2024-07-17,18,7.1234,4.4204,11.703
2024-07-17,19,9.5,3.8956,5.6044
2024-07-17,20,3.2205,1.6053,6.1152
2024-07-17,21,14.7885,3.835,10.9536
2024-07-17,22,9.8687,5.6171,4.2516
2024-07-17,23,3.2796,3.2665,7.5131
2024-07-17,24,6.3255,1.7195,4.606
2024-07-17,25,0.7948,0.3278,0.467
2024-07-17,26,0.6811,0.252,0.4291
2024-07-17,27,1765.8753,691.5956,1074.2797
2024-07-17,28,177.8818,177.8818,450.0
2024-07-17,29,1475.5091,975.1585,500.3506
2024-07-17,30,1300.0,974.6689,325.3311
2024-07-18,1,4.2797,1.1855,3.0943
2024-07-18,2,3.6468,0.0,3.6468
2024-07-18,3,2.5413,1.2663,1.275
2024-07-18,4,2.0,0.0,2.0
2024-07-18,5,1.3419,0.4677,0.8743
2024-07-18,6,1.6552,0.5709,1.0843
2024-07-18,7,0.112,0.111,0.501
2024-07-18,8,60.2718,27.5914,32.6804
2024-07-18,9,24.0,11.0698,12.9302
2024-07-18,10,20.8626,8.9283,11.9343
2024-07-18,11,41.8729,15.6664,26.2065
2024-07-18,12,4.8217,1.6034,3.2183
2024-07-18,13,4.2541,1.4699,2.7842
2024-07-18,14,43.7407,18.3589,25.3819
2024-07-18,15,13.36,5.0822,8.2777
2024-07-18,16,16.5699,7.6353,8.9347
2024-07-18,17,11.0,3.8279,7.1721
2024-07-18,18,11.703,4.4793,7.2237
2024-07-18,19,5.6044,2.8599,9.2445
2024-07-18,20,6.1152,1.8242,4.291
2024-07-18,21,10.9536,4.9309,6.0226
2024-07-18,22,4.2516,0.0,4.2516
2024-07-18,23,7.5131,2.1557,5.3574
2024-07-18,24,4.606,3.5406,6.0654
2024-07-18,25,0.467,0.467,1.5
2024-07-18,26,0.4291,0.3693,1.0598
2024-07-18,27,1074.2797,648.9497,1725.33
2024-07-18,28,450.0,178.9294,271.0706
2024-07-18,29,2250.8649,809.4454,1441.4195
2024-07-18,30,783.4716,812.1216,0.0
2024-07-19,1,3.0943,1.109,1.9852
2024-07-19,2,3.6468,1.0694,2.5774
2024-07-19,3,1.275,0.8204,2.4546
2024-07-19,4,2.0,0.6573,1.3427
2024-07-19,5,0.8743,0.4302,1.4441
2024-07-19,6,1.0843,0.6331,1.4512
2024-07-19,7,0.501,0.1054,0.3956
2024-07-19,8,32.6804,18.0992,60.5812
2024-07-19,9,12.9302,10.1337,23.7965
2024-07-19,10,11.9343,6.0219,19.9124
2024-07-19,11,26.2065,14.267,41.9394
2024-07-19,12,3.2183,1.5758,4.6425
2024-07-19,13,2.7842,1.4847,4.2995
2024-07-19,14,25.3819,16.6281,43.7537
2024-07-19,15,8.2777,4.9778,13.3
2024-07-19,16,8.9347,6.659,16.2757
2024-07-19,17,7.1721,5.1632,11.0089
2024-07-19,18,7.2237,3.6035,11.6202
2024-07-19,19,9.2445,2.5676,6.6769
2024-07-19,20,4.291,3.1315,6.1595
2024-07-19,21,6.0226,6.0226,15.0
2024-07-19,22,4.2516,4.2516,10.0
2024-07-19,23,5.3574,2.0446,3.3128
2024-07-19,24,6.0654,0.0,6.0654
2024-07-19,25,1.5,0.3149,1.1851
2024-07-19,26,1.0598,0.2796,0.7802
2024-07-19,27,1725.33,630.4888,1094.8412
2024-07-19,28,271.0706,169.4172,451.6534
2024-07-19,29,1441.9644,924.3249,517.6395000000001
2024-07-19,30,1333.6181,919.3713,414.2467999999999
2024-07-20,1,1.9852,1.8444,5.6409
2024-07-20,2,2.5774,1.6012,4.4763
2024-07-20,3,2.4546,1.1479,1.3067
2024-07-20,4,1.3427,0.9404,2.4023
2024-07-20,5,1.4441,0.48,0.964
2024-07-20,6,1.4512,0.6918,0.7594
2024-07-20,7,0.3956,0.1349,0.2607
2024-07-20,8,60.5812,35.9737,78.6076
2024-07-20,9,23.7965,10.736,13.0605
2024-07-20,10,19.9124,8.9168,10.9956
2024-07-20,11,41.9394,17.972,23.9674
2024-07-20,12,4.6425,2.324,2.3185
2024-07-20,13,4.2995,1.8776,2.4219
2024-07-20,14,43.7537,24.6813,57.0724
2024-07-20,15,13.3,6.2723,7.0277
2024-07-20,16,16.2757,0.0,16.2757
2024-07-20,17,11.0089,5.771,14.2379
2024-07-20,18,11.6202,5.8796,5.7406
2024-07-20,19,6.6769,6.6769,12.5
2024-07-20,20,6.1595,2.6983,3.4612
2024-07-20,21,15.0,6.2719,8.7281
2024-07-20,22,10.0,6.0688,12.4312
2024-07-20,23,3.3128,2.6324,9.6803
2024-07-20,24,6.0654,2.7225,3.3429
2024-07-20,25,1.1851,0.3442,0.841
2024-07-20,26,0.7802,0.7375,1.5427
2024-07-20,27,1094.8412,886.5749,2258.2663
2024-07-20,28,451.6534,192.4652,259.1882
2024-07-20,29,2145.8992,1241.5698,904.3293999999999
2024-07-20,30,840.9152,1246.2423,0.0
2024-07-21,1,5.6409,2.0269,3.614
2024-07-21,2,4.4763,1.6831,2.7931
2024-07-21,3,1.3067,1.0738,3.2328
2024-07-21,4,2.4023,1.0692,1.3332
2024-07-21,5,0.964,0.6114,1.8526
2024-07-21,6,0.7594,0.6854,2.074
2024-07-21,7,0.2607,0.1191,0.6416
2024-07-21,8,78.6076,35.9497,42.6579
2024-07-21,9,13.0605,13.0605,31.0
2024-07-21,10,10.9956,8.4012,26.5945
2024-07-21,11,23.9674,17.7836,54.1838
2024-07-21,12,2.3185,2.1994,6.1191
2024-07-21,13,2.4219,1.1116,5.3103
2024-07-21,14,57.0724,18.9163,38.1562
2024-07-21,15,7.0277,7.0277,17.0
2024-07-21,16,16.2757,6.858,9.4177
2024-07-21,17,14.2379,5.8561,8.3818
2024-07-21,18,5.7406,5.3616,14.3791
2024-07-21,19,12.5,3.9459,8.5541
2024-07-21,20,3.4612,3.4397,8.0215
2024-07-21,21,8.7281,8.7281,19.0
2024-07-21,22,12.4312,3.9951,8.4361
2024-07-21,23,9.6803,5.0333,4.647
2024-07-21,24,3.3429,3.1869,8.156
2024-07-21,25,0.841,0.5664,1.7746
2024-07-21,26,1.5427,0.678,0.8647
2024-07-21,27,2258.2663,1103.3897,1154.8766
2024-07-21,28,259.1882,202.9779,556.2103
2024-07-21,29,2862.111,1533.6826,1328.4283999999998
2024-07-21,30,1718.3304,1548.5795,169.7509
2024-07-22,1,3.614,1.493,2.1209
2024-07-22,2,2.7931,1.9428,3.8503
2024-07-22,3,3.2328,0.82,2.4129
2024-07-22,4,1.3332,0.5474,0.7857
2024-07-22,5,1.8526,0.5218,1.3308
2024-07-22,6,2.074,0.4631,1.6108
2024-07-22,7,0.6416,0.1575,0.4842
2024-07-22,8,42.6579,27.2666,60.3912
2024-07-22,9,31.0,7.1324,23.8676
2024-07-22,10,26.5945,9.872,16.7225
2024-07-22,11,54.1838,25.4171,28.7667
2024-07-22,12,6.1191,1.7067,4.4124
2024-07-22,13,5.3103,1.0524,4.258
2024-07-22,14,38.1562,13.0238,25.1323
2024-07-22,15,17.0,5.4182,11.5818
2024-07-22,16,9.4177,7.3418,17.0759
2024-07-22,17,8.3818,4.2234,11.1584
2024-07-22,18,14.3791,5.2324,9.1466
2024-07-22,19,8.5541,3.0295,5.5246
2024-07-22,20,8.0215,2.7336,5.288
2024-07-22,21,19.0,3.7524,15.2476
2024-07-22,22,8.4361,5.2152,9.7209
2024-07-22,23,4.647,2.1334,7.5136
2024-07-22,24,8.156,2.0324,6.1236
2024-07-22,25,1.7746,0.3031,1.4715
2024-07-22,26,0.8647,0.3647,0.5
2024-07-22,27,1154.8766,637.0109,1717.8657
2024-07-22,28,556.2103,177.7277,378.4826
2024-07-22,29,2862.111,960.1997,1901.9112999999998
2024-07-22,30,1029.2164,950.8676,78.34879999999998
2024-07-23,1,2.1209,1.4413,4.1796
2024-07-23,2,3.8503,1.0479,2.8025
2024-07-23,3,2.4129,0.9113,1.5015
2024-07-23,4,0.7857,0.6473,1.6384
2024-07-23,5,1.3308,0.4164,0.9144
2024-07-23,6,1.6108,0.977,0.6338
2024-07-23,7,0.4842,0.0986,0.3855
2024-07-23,8,60.3912,25.3999,34.9913
2024-07-23,9,23.8676,7.011,16.8566
2024-07-23,10,16.7225,5.5384,11.1841
2024-07-23,11,28.7667,12.4159,16.3508
2024-07-23,12,4.4124,1.1016,3.3108
2024-07-23,13,4.258,1.2191,3.0388
2024-07-23,14,25.1323,17.6229,42.5094
2024-07-23,15,11.5818,4.5384,7.0435
2024-07-23,16,17.0759,7.2517,9.8242
2024-07-23,17,11.1584,4.0219,7.1364
2024-07-23,18,9.1466,4.3115,4.8351
2024-07-23,19,5.5246,4.0202,9.0045
2024-07-23,20,5.288,1.9547,3.3332
2024-07-23,21,15.2476,6.1001,9.1475
2024-07-23,22,9.7209,4.2262,5.4947
2024-07-23,23,7.5136,4.5243,2.9893
2024-07-23,24,6.1236,2.0351,4.0885
2024-07-23,25,1.4715,0.2244,1.2471
2024-07-23,26,0.5,0.3075,1.1925
2024-07-23,27,1717.8657,538.1365,1179.7293
2024-07-23,28,378.4826,146.7787,231.7039
2024-07-23,29,2061.0669,732.0117,1329.0551999999998
2024-07-23,30,519.3812,723.5232,0.0
2024-07-24,1,4.1796,1.3988,2.7809
2024-07-24,2,2.8025,1.2893,1.5132
2024-07-24,3,1.5015,1.2906,2.2109
2024-07-24,4,1.6384,0.6907,0.9476
2024-07-24,5,0.9144,0.376,0.5383
2024-07-24,6,0.6338,0.5024,1.6314
2024-07-24,7,0.3855,0.1012,0.2843
2024-07-24,8,34.9913,18.767,56.2243
2024-07-24,9,16.8566,8.8249,23.0317
2024-07-24,10,11.1841,5.3322,19.8519
2024-07-24,11,16.3508,16.3508,39.0
2024-07-24,12,3.3108,1.6903,4.6205
2024-07-24,13,3.0388,1.8186,4.2202
2024-07-24,14,42.5094,15.0218,27.4876
2024-07-24,15,7.0435,4.014,13.0294
2024-07-24,16,9.8242,5.7645,16.0598
2024-07-24,17,7.1364,4.1031,11.0334
2024-07-24,18,4.8351,0.0,4.8351
2024-07-24,19,9.0045,0.0,9.0045
2024-07-24,20,3.3332,2.3339,5.9993
2024-07-24,21,9.1475,7.4162,13.7314
2024-07-24,22,5.4947,3.5719,9.4228
2024-07-24,23,2.9893,2.6431,6.8462
2024-07-24,24,4.0885,2.3715,5.717
2024-07-24,25,1.2471,0.2822,0.9649
2024-07-24,26,1.1925,0.2507,0.9418
2024-07-24,27,1179.7293,665.8659,1713.8634
2024-07-24,28,231.7039,145.713,435.9909
2024-07-24,29,2061.0669,871.7518,1189.3150999999998
2024-07-24,30,1300.0,874.3394,425.66060000000004
2024-07-25,1,2.7809,1.0471,1.7338
2024-07-25,2,1.5132,1.2595,0.2536
2024-07-25,3,2.2109,0.8962,1.3148
2024-07-25,4,0.9476,0.5877,0.36
2024-07-25,5,0.5383,0.4805,0.0579
2024-07-25,6,1.6314,0.5392,1.0923
2024-07-25,7,0.2843,0.1074,0.1769
2024-07-25,8,56.2243,28.4939,27.7304
2024-07-25,9,23.0317,10.952,12.0798
2024-07-25,10,19.8519,7.9552,11.8966
2024-07-25,11,39.0,16.1087,22.8913
2024-07-25,12,4.6205,1.4017,3.2188
2024-07-25,13,4.2202,1.5595,2.6607
2024-07-25,14,27.4876,22.4114,5.0763
2024-07-25,15,13.0294,4.9437,8.0858
2024-07-25,16,16.0598,5.4978,10.562
2024-07-25,17,11.0334,3.5384,7.4949
2024-07-25,18,4.8351,3.7807,1.0544
2024-07-25,19,9.0045,0.0,9.0045
2024-07-25,20,5.9993,1.3799,4.6194
2024-07-25,21,13.7314,5.623,8.1083
2024-07-25,22,9.4228,5.1187,4.3041
2024-07-25,23,6.8462,1.9104,4.9358
2024-07-25,24,5.717,2.305,3.412
2024-07-25,25,0.9649,0.4909,0.474
2024-07-25,26,0.9418,0.4447,0.4971
2024-07-25,27,1713.8634,675.1848,1038.6786
2024-07-25,28,435.9909,157.4186,278.5723
2024-07-25,29,1160.0286,949.8468,210.18180000000007
2024-07-25,30,860.2155,961.6142,0.0
2024-07-26,1,1.7338,1.6883,4.0455
2024-07-26,2,0.2536,0.2536,3.5
2024-07-26,3,1.3148,1.0461,2.2687
2024-07-26,4,0.36,0.36,2.0
2024-07-26,5,0.0579,0.0579,1.5
2024-07-26,6,1.0923,0.4887,0.6036
2024-07-26,7,0.1769,0.1393,0.5376
2024-07-26,8,27.7304,21.3156,58.4149
2024-07-26,9,12.0798,9.6753,23.4045
2024-07-26,10,11.8966,6.3796,19.517
2024-07-26,11,22.8913,18.5065,40.3847
2024-07-26,12,3.2188,1.4285,1.7903
2024-07-26,13,2.6607,2.1299,4.0308
2024-07-26,14,5.0763,5.0763,43.0
2024-07-26,15,8.0858,4.8075,13.2783
2024-07-26,16,10.562,6.2892,16.2727
2024-07-26,17,7.4949,3.8342,10.6607
2024-07-26,18,1.0544,1.0544,11.0
2024-07-26,19,9.0045,3.6171,5.3874
2024-07-26,20,4.6194,2.1913,2.4281
2024-07-26,21,8.1083,6.8764,14.2319
2024-07-26,22,4.3041,2.6557,9.6484
2024-07-26,23,4.9358,1.8637,3.072
2024-07-26,24,3.412,2.0773,6.3348
2024-07-26,25,0.474,0.4253,1.5486
2024-07-26,26,0.4971,0.1757,1.3214
2024-07-26,27,1038.6786,640.3402,1698.3384
2024-07-26,28,278.5723,173.0367,455.5356
2024-07-26,29,399.722,937.4937,0.0
2024-07-26,30,366.5197,937.4081,0.0
2024-07-27,1,4.0455,1.7531,2.2924
2024-07-27,2,3.5,1.9673,1.5327
2024-07-27,3,2.2687,1.2239,1.0448
2024-07-27,4,2.0,0.6416,1.3584
2024-07-27,5,1.5,0.5116,0.9884
2024-07-27,6,0.6036,0.6036,0.0
2024-07-27,7,0.5376,0.1455,0.3921
2024-07-27,8,58.4149,28.6196,29.7953
2024-07-27,9,23.4045,12.3614,11.0431
2024-07-27,10,19.517,8.6898,10.8273
2024-07-27,11,40.3847,22.5732,17.8115
2024-07-27,12,1.7903,1.7903,0.0
2024-07-27,13,4.0308,2.3287,1.7021
2024-07-27,14,43.0,22.368,20.632
2024-07-27,15,13.2783,6.4904,6.7879
2024-07-27,16,16.2727,8.7161,7.5566
2024-07-27,17,10.6607,5.4965,5.1642
2024-07-27,18,11.0,5.5821,5.4179
2024-07-27,19,5.3874,4.9289,0.4584
2024-07-27,20,2.4281,2.4281,0.0
2024-07-27,21,14.2319,6.056,8.1759
2024-07-27,22,9.6484,8.2748,1.3736
2024-07-27,23,3.072,3.072,0.0
2024-07-27,24,6.3348,2.0849,4.2498
2024-07-27,25,1.5486,0.5745,0.9742
2024-07-27,26,1.3214,0.3021,1.0193
2024-07-27,27,1698.3384,915.7653,782.5732
2024-07-27,28,455.5356,204.4172,251.1184
2024-07-27,29,2100.0,1271.6322,828.3678
2024-07-27,30,1300.0,1272.1982,27.801799999999957
2024-07-28,1,2.2924,2.1764,5.616
2024-07-28,2,1.5327,1.5327,4.5
2024-07-28,3,1.0448,1.0448,3.5
2024-07-28,4,1.3584,0.5995,2.2589
2024-07-28,5,0.9884,0.5494,1.939
2024-07-28,6,0.0,0.0,2.0
2024-07-28,7,0.3921,0.1224,0.2697
2024-07-28,8,29.7953,29.7953,82.0
2024-07-28,9,11.0431,11.0431,32.0
2024-07-28,10,10.8273,10.8273,26.0
2024-07-28,11,17.8115,17.8115,56.0
2024-07-28,12,0.0,0.0,6.0
2024-07-28,13,1.7021,1.7021,5.0
2024-07-28,14,20.632,20.632,56.0
2024-07-28,15,6.7879,5.7667,17.0212
2024-07-28,16,7.5566,7.2242,21.3324
2024-07-28,17,5.1642,5.1642,14.0
2024-07-28,18,5.4179,0.0,14.4179
2024-07-28,19,0.4584,0.4584,13.0
2024-07-28,20,0.0,0.0,8.0
2024-07-28,21,8.1759,8.1759,20.0
2024-07-28,22,1.3736,1.3736,13.5
2024-07-28,23,0.0,0.0,10.0
2024-07-28,24,4.2498,2.7012,8.5487
2024-07-28,25,0.9742,0.4977,1.4765
2024-07-28,26,1.0193,0.4759,0.5434
2024-07-28,27,782.5732,734.7241,2197.8491
2024-07-28,28,251.1184,178.3492,572.7692
2024-07-28,29,915.4434,1133.5989,0.0
2024-07-28,30,701.8658,1134.9951,0.0
2024-07-29,1,5.616,1.5633,4.0527
2024-07-29,2,4.5,1.2656,3.2344
2024-07-29,3,3.5,0.657,2.843
2024-07-29,4,2.2589,0.5978,1.6611
2024-07-29,5,1.939,0.3992,1.5398
2024-07-29,6,2.0,0.5623,1.4377
2024-07-29,7,0.2697,0.0692,0.2005
2024-07-29,8,82.0,22.5122,59.4878
2024-07-29,9,32.0,7.5129,24.4871
2024-07-29,10,26.0,7.241,18.759
2024-07-29,11,56.0,15.0043,40.9957
2024-07-29,12,6.0,1.656,4.344
2024-07-29,13,5.0,1.561,3.439
2024-07-29,14,56.0,21.1268,34.8732
2024-07-29,15,17.0212,4.5831,12.4381
2024-07-29,16,21.3324,8.0015,13.3309
2024-07-29,17,14.0,4.2289,9.7711
2024-07-29,18,14.4179,3.8871,10.5308
2024-07-29,19,13.0,3.9132,9.0868
2024-07-29,20,8.0,1.6125,6.3875
2024-07-29,21,20.0,3.4884,16.5116
2024-07-29,22,13.5,2.3944,11.1056
2024-07-29,23,10.0,2.3803,7.6197
2024-07-29,24,8.5487,2.3086,6.2401
2024-07-29,25,1.4765,0.2636,1.2129
2024-07-29,26,0.5434,0.5188,1.0247
2024-07-29,27,2197.8491,751.2056,1446.6435
2024-07-29,28,572.7692,160.7945,411.9747
2024-07-29,29,2700.0,1042.8905,1657.1095
2024-07-29,30,1700.0,1036.2712,663.7288000000001
2024-07-30,1,4.0527,1.1306,2.9221
2024-07-30,2,3.2344,1.3248,1.9097
2024-07-30,3,2.843,0.9573,1.8857
2024-07-30,4,1.6611,0.712,0.949
2024-07-30,5,1.5398,0.3627,1.1771
2024-07-30,6,1.4377,0.419,1.0186
2024-07-30,7,0.2005,0.1608,0.5397
2024-07-30,8,59.4878,19.7848,39.703
2024-07-30,9,24.4871,0.0,24.4871
2024-07-30,10,18.759,7.3709,11.388
2024-07-30,11,40.9957,14.4392,26.5564
2024-07-30,12,4.344,1.6703,2.6738
2024-07-30,13,3.439,1.6794,1.7596
2024-07-30,14,34.8732,17.8934,16.9798
2024-07-30,15,12.4381,4.6817,7.7564
2024-07-30,16,13.3309,5.5214,7.8095
2024-07-30,17,9.7711,3.8391,5.932
2024-07-30,18,10.5308,4.0031,6.5277
2024-07-30,19,9.0868,4.1419,4.9448
2024-07-30,20,6.3875,2.2136,4.1739
2024-07-30,21,16.5116,8.3781,8.1334
2024-07-30,22,11.1056,2.471,8.6346
2024-07-30,23,7.6197,3.9885,3.6311
2024-07-30,24,6.2401,2.7326,3.5075
2024-07-30,25,1.2129,0.2958,0.9171
2024-07-30,26,1.0247,0.1967,0.828
2024-07-30,27,1446.6435,640.7804,805.8631
2024-07-30,28,411.9747,168.9414,243.0333
2024-07-30,29,1998.4171,950.5423,1047.8748
2024-07-30,30,1197.1967,950.1635,247.03319999999997
2024-07-31,1,2.9221,1.6032,3.8189
2024-07-31,2,1.9097,1.4032,3.5065
2024-07-31,3,1.8857,1.0421,2.3436
2024-07-31,4,0.949,0.5002,1.9488
2024-07-31,5,1.1771,0.4424,0.7347
2024-07-31,6,1.0186,0.4969,1.5217
2024-07-31,7,0.5397,0.1366,0.4031
2024-07-31,8,39.703,25.2141,57.4889
2024-07-31,9,24.4871,9.2124,15.2747
2024-07-31,10,11.388,6.515,19.8731
2024-07-31,11,26.5564,16.8742,39.6822
2024-07-31,12,2.6738,1.7696,4.4042
2024-07-31,13,1.7596,1.4676,3.792
2024-07-31,14,16.9798,16.9798,42.0
2024-07-31,15,7.7564,6.0693,12.6871
2024-07-31,16,7.8095,6.6176,16.1919
2024-07-31,17,5.932,3.9409,10.9911
2024-07-31,18,6.5277,3.7641,10.7635
2024-07-31,19,4.9448,1.7403,9.2045
2024-07-31,20,4.1739,1.8033,2.3706
2024-07-31,21,8.1334,5.9887,14.1447
2024-07-31,22,8.6346,2.8051,5.8295
2024-07-31,23,3.6311,2.9663,7.1648
2024-07-31,24,3.5075,1.6894,5.8181
2024-07-31,25,0.9171,0.3079,0.6091
2024-07-31,26,0.828,0.3599,0.4681
2024-07-31,27,805.8631,610.3485,1645.5146
2024-07-31,28,243.0333,157.9173,435.116
2024-07-31,29,1102.9983,893.2271,209.77120000000002
2024-07-31,30,759.0975,881.9664,0.0
2024-08-01,1,3.8189,1.3003,2.5186
2024-08-01,2,3.5065,1.1362,2.3704
2024-08-01,3,2.3436,0.8249,1.5187
2024-08-01,4,1.9488,0.6318,1.317
2024-08-01,5,0.7347,0.4339,1.3008
2024-08-01,6,1.5217,0.5101,1.0116
2024-08-01,7,0.4031,0.0989,0.3042
2024-08-01,8,57.4889,15.2467,42.2422
2024-08-01,9,15.2747,8.1388,22.136
2024-08-01,10,19.8731,7.4002,12.4728
2024-08-01,11,39.6822,14.332,25.3502
2024-08-01,12,4.4042,1.8777,2.5265
2024-08-01,13,3.792,1.5784,2.2136
2024-08-01,14,42.0,16.7225,25.2775
2024-08-01,15,12.6871,5.5652,7.1219
2024-08-01,16,16.1919,7.3258,8.8661
2024-08-01,17,10.9911,4.9726,6.0184
2024-08-01,18,10.7635,3.3553,7.4083
2024-08-01,19,9.2045,3.4523,5.7522
2024-08-01,20,2.3706,2.3706,5.5
2024-08-01,21,14.1447,4.4336,9.7111
2024-08-01,22,5.8295,4.8143,9.0152
2024-08-01,23,7.1648,2.8852,4.2797
2024-08-01,24,5.8181,2.0447,3.7734
2024-08-01,25,0.6091,0.3211,1.288
2024-08-01,26,0.4681,0.4681,1.0
2024-08-01,27,1645.5146,663.9345,981.5801
2024-08-01,28,435.116,140.0367,295.0793
2024-08-01,29,2068.1541,910.3689,1157.7852000000003
2024-08-01,30,1315.2701,908.169,407.1011
2024-08-02,1,2.5186,1.6745,3.8442
2024-08-02,2,2.3704,1.3946,3.4758
2024-08-02,3,1.5187,1.1177,2.401
2024-08-02,4,1.317,0.5524,0.7647
2024-08-02,5,1.3008,0.4391,0.8617
2024-08-02,6,1.0116,0.483,0.5285
2024-08-02,7,0.3042,0.0702,0.234
2024-08-02,8,42.2422,18.978,23.2641
2024-08-02,9,22.136,8.1252,14.0107
2024-08-02,10,12.4728,5.8001,18.6727
2024-08-02,11,25.3502,13.207,38.1432
2024-08-02,12,2.5265,2.1388,4.3877
2024-08-02,13,2.2136,1.7504,3.9633
2024-08-02,14,25.2775,15.5152,40.7622
2024-08-02,15,7.1219,4.5201,12.6018
2024-08-02,16,8.8661,4.3547,15.5114
2024-08-02,17,6.0184,3.407,10.6115
2024-08-02,18,7.4083,4.0278,10.3805
2024-08-02,19,5.7522,3.4143,8.8379
2024-08-02,20,5.5,1.3322,4.1678
2024-08-02,21,9.7111,4.9039,13.8072
2024-08-02,22,9.0152,4.2515,4.7637
2024-08-02,23,4.2797,2.6632,6.6164
2024-08-02,24,3.7734,2.2352,5.5382
2024-08-02,25,1.288,0.3866,0.9014
2024-08-02,26,1.0,0.3436,0.6564
2024-08-02,27,981.5801,725.4267,1656.1534
2024-08-02,28,295.0793,167.7307,427.3486
2024-08-02,29,1317.9574,861.8517,456.10569999999996
2024-08-02,30,859.5806,863.3577,0.0
2024-08-03,1,3.8442,1.6508,2.1934
2024-08-03,2,3.4758,1.5321,1.9437
2024-08-03,3,2.401,1.2523,1.1486
2024-08-03,4,0.7647,0.7647,2.5
2024-08-03,5,0.8617,0.6344,1.7273
2024-08-03,6,0.5285,0.5285,2.0
2024-08-03,7,0.234,0.1116,0.6224
2024-08-03,8,23.2641,23.2641,73.0
2024-08-03,9,14.0107,11.3251,28.6856
2024-08-03,10,18.6727,9.0401,24.6326
2024-08-03,11,38.1432,19.2632,50.88
2024-08-03,12,4.3877,2.2934,5.5943
2024-08-03,13,3.9633,1.7998,2.1635
2024-08-03,14,40.7622,19.2877,21.4746
2024-08-03,15,12.6018,7.3494,16.2525
2024-08-03,16,15.5114,7.6177,19.8937
2024-08-03,17,10.6115,5.3293,13.2821
2024-08-03,18,10.3805,5.2386,14.1419
2024-08-03,19,8.8379,4.7299,11.608
2024-08-03,20,4.1678,2.0871,7.0807
2024-08-03,21,13.8072,4.7168,9.0903
2024-08-03,22,4.7637,4.2961,11.9676
2024-08-03,23,6.6164,6.1575,8.9589
2024-08-03,24,5.5382,2.3847,3.1535
2024-08-03,25,0.9014,0.497,1.4044
2024-08-03,26,0.6564,0.3049,1.3515
2024-08-03,27,1656.1534,873.6404,2132.5131
2024-08-03,28,427.3486,197.9519,229.3967
2024-08-03,29,2083.8519,1219.7398,864.1121
2024-08-03,30,1238.1031,1218.3001,19.80300000000011
2024-08-04,1,2.1934,1.6533,5.04
2024-08-04,2,1.9437,0.0,1.9437
2024-08-04,3,1.1486,0.9705,3.1781
2024-08-04,4,2.5,0.0,2.5
2024-08-04,5,1.7273,0.5503,1.1769
2024-08-04,6,2.0,0.5119,1.4881
2024-08-04,7,0.6224,0.0925,0.5299
2024-08-04,8,73.0,25.4191,47.5809
2024-08-04,9,28.6856,10.1007,18.5849
2024-08-04,10,24.6326,7.6948,16.9378
2024-08-04,11,50.88,15.0388,35.8412
2024-08-04,12,5.5943,2.4861,3.1082
2024-08-04,13,2.1635,0.0,2.1635
2024-08-04,14,21.4746,17.7229,52.7517
2024-08-04,15,16.2525,6.0528,10.1997
2024-08-04,16,19.8937,8.3533,11.5403
2024-08-04,17,13.2821,5.6815,7.6007
2024-08-04,18,14.1419,5.0419,9.1
2024-08-04,19,11.608,3.142,8.4661
2024-08-04,20,7.0807,2.3515,4.7292
2024-08-04,21,9.0903,7.937,17.1534
2024-08-04,22,11.9676,2.0097,9.9579
2024-08-04,23,8.9589,2.5333,6.4256
2024-08-04,24,3.1535,2.6168,7.5367
2024-08-04,25,1.4044,0.5186,0.8858
2024-08-04,26,1.3515,0.448,0.9035
2024-08-04,27,2132.5131,710.0188,1422.4943
2024-08-04,28,229.3967,204.9175,524.4791
2024-08-04,29,1164.9932,977.579,187.41419999999994
2024-08-04,30,649.9648,984.0015,0.0
2024-08-05,1,5.04,1.6075,3.4326
2024-08-05,2,1.9437,1.4096,0.534
2024-08-05,3,3.1781,0.7002,2.4779
2024-08-05,4,2.5,0.5372,1.9628
2024-08-05,5,1.1769,0.407,0.7699
2024-08-05,6,1.4881,0.6295,0.8586
2024-08-05,7,0.5299,0.0904,0.4395
2024-08-05,8,47.5809,21.3335,26.2474
2024-08-05,9,18.5849,7.6447,10.9402
2024-08-05,10,16.9378,8.5925,8.3452
2024-08-05,11,35.8412,14.6011,21.2401
2024-08-05,12,3.1082,2.0928,1.0154
2024-08-05,13,2.1635,1.4516,0.7119
2024-08-05,14,52.7517,15.4311,37.3206
2024-08-05,15,10.1997,4.6854,5.5143
2024-08-05,16,11.5403,7.3357,4.2046
2024-08-05,17,7.6007,4.0329,3.5678
2024-08-05,18,9.1,3.6534,5.4466
2024-08-05,19,8.4661,3.0815,5.3845
2024-08-05,20,4.7292,2.9407,1.7884
2024-08-05,21,17.1534,3.5754,13.5779
2024-08-05,22,9.9579,2.783,7.175
2024-08-05,23,6.4256,3.3249,3.1008
2024-08-05,24,7.5367,2.4377,5.099
2024-08-05,25,0.8858,0.3033,0.5825
2024-08-05,26,0.9035,0.287,0.6165
2024-08-05,27,1422.4943,597.9551,824.5392
2024-08-05,28,524.4791,186.2501,338.2291
2024-08-05,29,2622.3913,863.0046,1759.3866999999998
2024-08-05,30,1572.388,854.2742,718.1138
2024-08-06,1,3.4326,1.3618,2.0708
2024-08-06,2,0.534,0.534,3.5
2024-08-06,3,2.4779,0.781,1.6969
2024-08-06,4,1.9628,0.7162,1.2466
2024-08-06,5,0.7699,0.3577,0.4122
2024-08-06,6,0.8586,0.4415,1.4172
2024-08-06,7,0.4395,0.059,0.3804
2024-08-06,8,26.2474,20.1072,53.1402
2024-08-06,9,10.9402,5.9916,20.9487
2024-08-06,10,8.3452,7.3809,18.9644
2024-08-06,11,21.2401,16.7283,37.5118
2024-08-06,12,1.0154,1.0154,4.5
2024-08-06,13,0.7119,0.7119,4.0
2024-08-06,14,37.3206,19.787,17.5337
2024-08-06,15,5.5143,5.4041,12.1102
2024-08-06,16,4.2046,4.2046,15.0
2024-08-06,17,3.5678,3.5678,10.0
2024-08-06,18,5.4466,3.8158,10.6308
2024-08-06,19,5.3845,3.2726,8.6119
2024-08-06,20,1.7884,1.7884,5.5
2024-08-06,21,13.5779,0.0,13.5779
2024-08-06,22,7.175,5.5331,8.6419
2024-08-06,23,3.1008,2.4081,6.6927
2024-08-06,24,5.099,1.2173,3.8817
2024-08-06,25,0.5825,0.5825,1.5
2024-08-06,26,0.6165,0.3414,1.2751
2024-08-06,27,824.5392,576.8967,1597.6425
2024-08-06,28,338.2291,140.9915,197.2376
2024-08-06,29,1805.2185,778.619,1026.5994999999998
2024-08-06,30,1108.854,770.0768,338.7772
2024-08-07,1,2.0708,2.0021,0.0686
2024-08-07,2,3.5,1.4044,2.0956
2024-08-07,3,1.6969,0.707,0.9899
2024-08-07,4,1.2466,0.6231,0.6235
2024-08-07,5,0.4122,0.4122,0.0
2024-08-07,6,1.4172,0.4242,0.9929
2024-08-07,7,0.3804,0.0907,0.2897
2024-08-07,8,53.1402,22.6083,30.5319
2024-08-07,9,20.9487,7.2399,13.7088
2024-08-07,10,18.9644,6.8797,12.0846
2024-08-07,11,37.5118,13.0789,24.433
2024-08-07,12,4.5,1.7349,2.7651
2024-08-07,13,4.0,1.305,2.695
2024-08-07,14,17.5337,14.3649,3.1688
2024-08-07,15,12.1102,4.4619,7.6482
2024-08-07,16,15.0,6.4527,8.5473
2024-08-07,17,10.0,4.2347,5.7653
2024-08-07,18,10.6308,4.062,6.5688
2024-08-07,19,8.6119,2.1184,6.4936
2024-08-07,20,5.5,2.0639,3.4361
2024-08-07,21,13.5779,5.019,8.5589
2024-08-07,22,8.6419,2.9512,5.6907
2024-08-07,23,6.6927,2.5848,4.1079
2024-08-07,24,3.8817,2.0831,1.7986
2024-08-07,25,1.5,0.3472,1.1528
2024-08-07,26,1.2751,0.4139,0.8613
2024-08-07,27,1597.6425,660.1098,937.5327
2024-08-07,28,197.2376,152.785,44.4526
2024-08-07,29,892.4135,903.8955,0.0
2024-08-07,30,690.8834,893.0154,0.0
2024-08-08,1,0.0686,0.0686,4.0
2024-08-08,2,2.0956,1.3463,3.2494
2024-08-08,3,0.9899,0.7632,2.2267
2024-08-08,4,0.6235,0.6235,2.0
2024-08-08,5,0.0,0.0,1.5
2024-08-08,6,0.9929,0.6165,1.3765
2024-08-08,7,0.2897,0.074,0.2157
2024-08-08,8,30.5319,25.2841,57.2478
2024-08-08,9,13.7088,8.4195,22.2893
2024-08-08,10,12.0846,6.2783,18.8064
2024-08-08,11,24.433,11.608,38.8249
2024-08-08,12,2.7651,1.5152,4.2499
2024-08-08,13,2.695,1.2944,3.9007
2024-08-08,14,3.1688,3.1688,40.0
2024-08-08,15,7.6482,5.0163,12.632
2024-08-08,16,8.5473,5.3076,15.2396
2024-08-08,17,5.7653,3.9283,10.8369
2024-08-08,18,6.5688,4.6913,10.8775
2024-08-08,19,6.4936,3.2358,9.2578
2024-08-08,20,3.4361,1.6744,5.7618
2024-08-08,21,8.5589,8.5589,14.0
2024-08-08,22,5.6907,2.6341,9.0566
2024-08-08,23,4.1079,3.4372,6.6707
2024-08-08,24,1.7986,1.7986,6.0
2024-08-08,25,1.1528,0.0,1.1528
2024-08-08,26,0.8613,0.3796,0.4817
2024-08-08,27,937.5327,613.0107,1574.522
2024-08-08,28,44.4526,44.4526,400.0
2024-08-08,29,79.1708,785.5242,0.0
2024-08-08,30,246.6608,786.5368,0.0
2024-08-09,1,4.0,1.4546,2.5454
2024-08-09,2,3.2494,1.0387,2.2107
2024-08-09,3,2.2267,0.6782,1.5484
2024-08-09,4,2.0,0.6544,1.3456
2024-08-09,5,1.5,0.3687,1.1313
2024-08-09,6,1.3765,0.4883,0.8881
2024-08-09,7,0.2157,0.1068,0.1089
2024-08-09,8,57.2478,23.9669,33.2809
2024-08-09,9,22.2893,7.8167,14.4726
2024-08-09,10,18.8064,8.2564,10.5499
2024-08-09,11,38.8249,12.9155,25.9094
2024-08-09,12,4.2499,1.9791,2.2708
2024-08-09,13,3.9007,1.8918,2.0088
2024-08-09,14,40.0,21.2297,18.7703
2024-08-09,15,12.632,4.6738,7.9582
2024-08-09,16,15.2396,6.4966,8.743
2024-08-09,17,10.8369,4.0678,6.7691
2024-08-09,18,10.8775,3.8525,7.0251
2024-08-09,19,9.2578,2.6675,6.5903
2024-08-09,20,5.7618,1.7107,4.0511
2024-08-09,21,14.0,4.3437,9.6563
2024-08-09,22,9.0566,4.0824,4.9742
2024-08-09,23,6.6707,1.7706,4.9
2024-08-09,24,6.0,1.8716,4.1284
2024-08-09,25,1.1528,0.3656,0.7872
2024-08-09,26,0.4817,0.2632,1.2185
2024-08-09,27,1574.522,566.2495,1008.2725
2024-08-09,28,400.0,154.0199,245.9801
2024-08-09,29,2000.0,712.3067,1287.6933
2024-08-09,30,1200.0,716.3953,483.6047
2024-08-10,1,2.5454,2.4014,4.644
2024-08-10,2,2.2107,1.6815,4.0291
2024-08-10,3,1.5484,1.0033,3.0452
2024-08-10,4,1.3456,0.5762,2.2693
2024-08-10,5,1.1313,0.5239,0.6074
2024-08-10,6,0.8881,0.7208,1.6673
2024-08-10,7,0.1089,0.1089,0.5
2024-08-10,8,33.2809,24.8617,69.4192
2024-08-10,9,14.4726,11.3684,27.1041
2024-08-10,10,10.5499,10.0108,23.5392
2024-08-10,11,25.9094,16.4334,48.476
2024-08-10,12,2.2708,1.402,5.3688
2024-08-10,13,2.0088,2.0088,5.0
2024-08-10,14,18.7703,18.7703,51.0
2024-08-10,15,7.9582,5.7135,16.2446
2024-08-10,16,8.743,7.5798,19.1633
2024-08-10,17,6.7691,5.2434,13.5257
2024-08-10,18,7.0251,5.1644,12.8607
2024-08-10,19,6.5903,4.8898,11.2005
2024-08-10,20,4.0511,2.328,7.2231
2024-08-10,21,9.6563,8.4399,17.2164
2024-08-10,22,4.9742,4.9742,11.5
2024-08-10,23,4.9,2.8991,8.501
2024-08-10,24,4.1284,2.6744,7.454
2024-08-10,25,0.7872,0.7063,1.5809
2024-08-10,26,1.2185,0.4112,0.8073
2024-08-10,27,1008.2725,806.1161,2052.1564
2024-08-10,28,245.9801,192.5245,503.4555
2024-08-10,29,1394.2839,1115.2957,278.9882
2024-08-10,30,1200.0,1131.8596,68.1404
2024-08-11,1,4.644,1.3859,3.2581
2024-08-11,2,4.0291,1.7562,2.2729
2024-08-11,3,3.0452,0.9348,2.1104
2024-08-11,4,2.2693,0.9813,1.288
2024-08-11,5,0.6074,0.5722,1.5352
2024-08-11,6,1.6673,0.5688,1.0986
2024-08-11,7,0.5,0.1311,0.3689
2024-08-11,8,69.4192,25.8579,43.5613
2024-08-11,9,27.1041,0.0,27.1041
2024-08-11,10,23.5392,9.6347,13.9045
2024-08-11,11,48.476,19.5137,28.9624
2024-08-11,12,5.3688,0.0,5.3688
2024-08-11,13,5.0,2.0152,2.9848
2024-08-11,14,51.0,17.9717,33.0283
2024-08-11,15,16.2446,6.0483,10.1963
2024-08-11,16,19.1633,8.5757,10.5875
2024-08-11,17,13.5257,5.2872,8.2385
2024-08-11,18,12.8607,4.7875,8.0732
2024-08-11,19,11.2005,4.3574,6.8432
2024-08-11,20,7.2231,2.409,4.8141
2024-08-11,21,17.2164,5.2592,11.9572
2024-08-11,22,11.5,2.9976,8.5024
2024-08-11,23,8.501,4.4284,4.0726
2024-08-11,24,7.454,2.2531,5.2009
2024-08-11,25,1.5809,0.4217,1.1593
2024-08-11,26,0.8073,0.4422,1.3651
2024-08-11,27,2052.1564,812.4481,1239.7083
2024-08-11,28,503.4555,214.0074,289.4482
2024-08-11,29,2546.7722,1042.6357,1504.1364999999998
2024-08-11,30,633.8516,1043.2518,0.0
2024-08-12,1,3.2581,1.8093,1.4487
2024-08-12,2,2.2729,1.1183,3.1546
2024-08-12,3,2.1104,0.8648,1.2456
2024-08-12,4,1.288,0.4175,0.8705
2024-08-12,5,1.5352,0.3612,1.1741
2024-08-12,6,1.0986,0.6926,1.4059
2024-08-12,7,0.3689,0.0975,0.2714
2024-08-12,8,43.5613,21.5425,22.0188
2024-08-12,9,27.1041,9.9305,17.1736
2024-08-12,10,13.9045,7.0075,17.897
2024-08-12,11,28.9624,18.6824,35.28
2024-08-12,12,5.3688,1.7171,3.6516
2024-08-12,13,2.9848,1.4926,1.4922
2024-08-12,14,33.0283,13.7171,19.3112
2024-08-12,15,10.1963,5.2286,4.9677
2024-08-12,16,10.5875,5.3215,15.2661
2024-08-12,17,8.2385,3.731,4.5074
2024-08-12,18,8.0732,4.4378,9.6354
2024-08-12,19,6.8432,2.886,3.9572
2024-08-12,20,4.8141,2.0964,2.7177
2024-08-12,21,11.9572,4.4635,7.4937
2024-08-12,22,8.5024,2.3214,6.1809
2024-08-12,23,4.0726,1.9638,6.1087
2024-08-12,24,5.2009,1.7018,3.4991
2024-08-12,25,1.1593,0.3804,0.7789
2024-08-12,26,1.3651,0.2272,1.1379
2024-08-12,27,1239.7083,571.8139,667.8945
2024-08-12,28,289.4482,140.6956,398.7526
2024-08-12,29,1518.5801,674.1565,844.4235999999999
2024-08-12,30,1545.4338,679.6143,865.8195000000001
2024-08-13,1,1.4487,1.4487,3.5
2024-08-13,2,3.1546,1.0925,2.0622
2024-08-13,3,1.2456,0.5786,2.1669
2024-08-13,4,0.8705,0.4306,1.9399
2024-08-13,5,1.1741,0.3931,0.7809
2024-08-13,6,1.4059,0.5328,0.8732
2024-08-13,7,0.2714,0.0842,0.1872
2024-08-13,8,22.0188,22.0188,53.0
2024-08-13,9,17.1736,8.1324,9.0412
2024-08-13,10,17.897,5.9076,11.9894
2024-08-13,11,35.28,11.8301,23.4499
2024-08-13,12,3.6516,1.9723,1.6793
2024-08-13,13,1.4922,1.2196,3.7726
2024-08-13,14,19.3112,14.166,39.1452
2024-08-13,15,4.9677,4.3065,11.6612
2024-08-13,16,15.2661,0.0,15.2661
2024-08-13,17,4.5074,3.3344,10.1731
2024-08-13,18,9.6354,4.2661,5.3693
2024-08-13,19,3.9572,2.6401,8.3171
2024-08-13,20,2.7177,2.6694,5.5483
2024-08-13,21,7.4937,5.4549,13.0388
2024-08-13,22,6.1809,2.7943,3.3866
2024-08-13,23,6.1087,2.4176,3.6912
2024-08-13,24,3.4991,1.5384,5.9607
2024-08-13,25,0.7789,0.5119,1.2669
2024-08-13,26,1.1379,0.1552,0.9827
2024-08-13,27,667.8945,667.8945,1550.0
2024-08-13,28,398.7526,124.03,274.7226
2024-08-13,29,1938.7135,786.315,1152.3985
2024-08-13,30,1099.8806,785.6984,314.18219999999997
2024-08-14,1,3.5,1.7533,1.7467
2024-08-14,2,2.0622,0.979,3.0832
2024-08-14,3,2.1669,0.7304,1.4366
2024-08-14,4,1.9399,0.5596,1.3803
2024-08-14,5,0.7809,0.3843,1.3966
2024-08-14,6,0.8732,0.8235,1.5497
2024-08-14,7,0.1872,0.1088,0.5784
2024-08-14,8,53.0,26.3049,26.6951
2024-08-14,9,9.0412,7.764,21.2772
2024-08-14,10,11.9894,9.61,18.3794
2024-08-14,11,23.4499,14.2811,37.1688
2024-08-14,12,1.6793,1.6793,4.5
2024-08-14,13,3.7726,1.2409,2.5317
2024-08-14,14,39.1452,14.0946,25.0506
2024-08-14,15,11.6612,5.0154,6.6458
2024-08-14,16,15.2661,7.8104,7.4557
2024-08-14,17,10.1731,4.7373,5.4358
2024-08-14,18,5.3693,3.8426,10.5268
2024-08-14,19,8.3171,2.9062,5.4109
2024-08-14,20,5.5483,2.2598,3.2885
2024-08-14,21,13.0388,7.6,5.4387
2024-08-14,22,3.3866,2.7782,8.6084
2024-08-14,23,3.6912,2.7132,6.4779
2024-08-14,24,5.9607,2.024,3.9367
2024-08-14,25,1.2669,0.3651,0.9019
2024-08-14,26,0.9827,0.3378,0.6449
2024-08-14,27,1550.0,643.1594,906.8406
2024-08-14,28,274.7226,155.679,419.0436
2024-08-14,29,1192.646,877.5378,315.1082
2024-08-14,30,587.7499,865.7175,0.0
2024-08-15,1,1.7467,1.6771,3.5696
2024-08-15,2,3.0832,1.4262,1.657
2024-08-15,3,1.4366,0.5891,0.8475
2024-08-15,4,1.3803,0.5451,0.8352
2024-08-15,5,1.3966,0.3062,1.0904
2024-08-15,6,1.5497,0.4564,1.0933
2024-08-15,7,0.5784,0.0845,0.4939
2024-08-15,8,26.6951,21.5849,49.1102
2024-08-15,9,21.2772,6.775,14.5022
2024-08-15,10,18.3794,8.2624,10.117
2024-08-15,11,37.1688,12.7369,24.4319
2024-08-15,12,4.5,1.5197,2.9803
2024-08-15,13,2.5317,1.1008,1.431
2024-08-15,14,25.0506,13.4723,38.5783
2024-08-15,15,6.6458,3.8699,11.7758
2024-08-15,16,7.4557,6.2661,14.1896
2024-08-15,17,5.4358,3.2584,10.1774
2024-08-15,18,10.5268,3.3905,7.1362
2024-08-15,19,5.4109,2.9695,7.9413
2024-08-15,20,3.2885,1.4801,4.8084
2024-08-15,21,5.4387,0.0,5.4387
2024-08-15,22,8.6084,3.5097,5.0986
2024-08-15,23,6.4779,2.8955,3.5825
2024-08-15,24,3.9367,2.4337,5.503
2024-08-15,25,0.9019,0.4085,0.4934
2024-08-15,26,0.6449,0.2815,0.3635
2024-08-15,27,906.8406,599.2519,1507.5886
2024-08-15,28,419.0436,143.0202,276.0234
2024-08-15,29,1192.646,765.3689,427.2770999999999
2024-08-15,30,1260.4117,773.0886,487.32310000000007
2024-08-16,1,3.5696,1.6539,1.9157
2024-08-16,2,1.657,1.0321,3.1249
2024-08-16,3,0.8475,0.8475,2.0
2024-08-16,4,0.8352,0.5979,1.7373
2024-08-16,5,1.0904,0.3877,0.7028
2024-08-16,6,1.0933,0.8633,1.23
2024-08-16,7,0.4939,0.1386,0.3553
2024-08-16,8,49.1102,18.9547,30.1555
2024-08-16,9,14.5022,8.3786,20.1237
2024-08-16,10,10.117,5.8324,17.2846
2024-08-16,11,24.4319,13.1299,34.302
2024-08-16,12,2.9803,1.7033,4.277
2024-08-16,13,1.431,1.1648,3.7661
2024-08-16,14,38.5783,13.3578,25.2206
2024-08-16,15,11.7758,4.9795,6.7963
2024-08-16,16,14.1896,5.6187,8.5709
2024-08-16,17,10.1774,3.4829,6.6944
2024-08-16,18,7.1362,3.8327,10.3035
2024-08-16,19,7.9413,2.5849,5.3565
2024-08-16,20,4.8084,1.8991,2.9092
2024-08-16,21,5.4387,4.7202,11.7186
2024-08-16,22,5.0986,2.1196,7.979
2024-08-16,23,3.5825,3.3106,6.2718
2024-08-16,24,5.503,0.9315,4.5715
2024-08-16,25,0.4934,0.3284,1.165
2024-08-16,26,0.3635,0.3635,1.0
2024-08-16,27,1507.5886,673.1226,834.466
2024-08-16,28,276.0234,117.3922,158.6313
2024-08-16,29,1886.5889,834.1984,1052.3905
2024-08-16,30,744.0358,819.6465,0.0
2024-08-17,1,1.9157,1.8779,4.5378
2024-08-17,2,3.1249,1.4552,1.6697
2024-08-17,3,2.0,1.0158,2.9842
2024-08-17,4,1.7373,0.8945,0.8429
2024-08-17,5,0.7028,0.3945,1.3083
2024-08-17,6,1.23,0.7972,1.9328
2024-08-17,7,0.3553,0.1065,0.2488
2024-08-17,8,30.1555,18.579,65.5765
2024-08-17,9,20.1237,10.1736,25.9501
2024-08-17,10,17.2846,7.6085,9.6761
2024-08-17,11,34.302,15.9034,18.3986
2024-08-17,12,4.277,2.4703,5.3067
2024-08-17,13,3.7661,1.573,2.1932
2024-08-17,14,25.2206,21.3725,48.8481
2024-08-17,15,6.7963,6.405,15.3913
2024-08-17,16,8.5709,7.7023,18.8686
2024-08-17,17,6.6944,5.4085,12.2859
2024-08-17,18,10.3035,4.4125,5.891
2024-08-17,19,5.3565,2.4347,10.4218
2024-08-17,20,2.9092,2.4011,6.5081
2024-08-17,21,11.7186,7.5397,16.1789
2024-08-17,22,7.979,7.9716,10.5075
2024-08-17,23,6.2718,3.4742,7.7976
2024-08-17,24,4.5715,2.9985,6.5731
2024-08-17,25,1.165,0.4804,0.6845
2024-08-17,26,1.0,0.466,0.534
2024-08-17,27,834.466,763.4879,1920.9782
2024-08-17,28,158.6313,158.6313,500.0
2024-08-17,29,1203.6001,1007.8298,195.77030000000013
2024-08-17,30,1162.9892,996.8605,166.12869999999998
2024-08-18,1,4.5378,1.8262,2.7116
2024-08-18,2,1.6697,1.5145,3.6551
2024-08-18,3,2.9842,0.8493,2.1349
2024-08-18,4,0.8429,0.6316,2.2113
2024-08-18,5,1.3083,0.3986,0.9097
2024-08-18,6,1.9328,0.6344,1.2983
2024-08-18,7,0.2488,0.1542,0.5947
2024-08-18,8,65.5765,27.04,38.5365
2024-08-18,9,25.9501,11.2263,14.7237
2024-08-18,10,9.6761,7.9451,21.731
2024-08-18,11,18.3986,18.3986,44.0
2024-08-18,12,5.3067,1.7447,3.5619
2024-08-18,13,2.1932,1.0966,4.5965
2024-08-18,14,48.8481,23.2313,25.6168
2024-08-18,15,15.3913,4.7806,10.6107
2024-08-18,16,18.8686,8.3413,10.5272
2024-08-18,17,12.2859,3.4523,8.8336
2024-08-18,18,5.891,5.026,12.865
2024-08-18,19,10.4218,4.8375,5.5843
2024-08-18,20,6.5081,4.0375,2.4706
2024-08-18,21,16.1789,3.8951,12.2838
2024-08-18,22,10.5075,4.2092,6.2982
2024-08-18,23,7.7976,3.2041,4.5935
2024-08-18,24,6.5731,0.0,6.5731
2024-08-18,25,0.6845,0.4707,1.2139
2024-08-18,26,0.534,0.3026,1.2314
2024-08-18,27,1920.9782,723.6695,1197.3087
2024-08-18,28,500.0,228.271,271.729
2024-08-18,29,2429.2593,997.1304,1432.1289000000002
2024-08-18,30,1533.0193,985.4942,547.5251
2024-08-19,1,2.7116,1.2698,1.4418
2024-08-19,2,3.6551,1.0358,2.6194
2024-08-19,3,2.1349,0.6904,1.4445
2024-08-19,4,2.2113,0.4319,1.7794
2024-08-19,5,0.9097,0.4811,0.4285
2024-08-19,6,1.2983,0.5033,0.795
2024-08-19,7,0.5947,0.119,0.4756
2024-08-19,8,38.5365,18.1476,20.3889
2024-08-19,9,14.7237,8.3219,19.4019
2024-08-19,10,21.731,5.1453,16.5857
2024-08-19,11,44.0,13.602,30.398
2024-08-19,12,3.5619,1.5818,1.9801
2024-08-19,13,4.5965,1.5774,3.0191
2024-08-19,14,25.6168,12.2028,37.414
2024-08-19,15,10.6107,4.6076,6.0031
2024-08-19,16,10.5272,5.0189,14.5084
2024-08-19,17,8.8336,3.5639,5.2697
2024-08-19,18,12.865,3.6123,9.2527
2024-08-19,19,5.5843,4.5566,8.0277
2024-08-19,20,2.4706,2.1074,4.8633
2024-08-19,21,12.2838,4.3286,7.9552
2024-08-19,22,6.2982,2.6445,3.6537
2024-08-19,23,4.5935,1.836,2.7575
2024-08-19,24,6.5731,1.5713,5.0018
2024-08-19,25,1.2139,0.4248,0.7891
2024-08-19,26,1.2314,0.2446,0.9867
2024-08-19,27,1197.3087,470.1405,727.1682
2024-08-19,28,271.729,125.804,145.925
2024-08-19,29,1591.4493,645.1463,946.303
2024-08-19,30,1028.7924,639.0035,389.7889
2024-08-20,1,1.4418,1.3025,3.6394
2024-08-20,2,2.6194,1.1231,1.4963
2024-08-20,3,1.4445,0.6091,0.8354
2024-08-20,4,1.7794,0.5077,1.2717
2024-08-20,5,0.4285,0.3815,1.047
2024-08-20,6,0.795,0.3869,1.4081
2024-08-20,7,0.4756,0.0726,0.403
2024-08-20,8,20.3889,20.3889,48.0
2024-08-20,9,19.4019,5.9849,13.4169
2024-08-20,10,16.5857,8.4397,8.146
2024-08-20,11,30.398,12.9613,17.4367
2024-08-20,12,1.9801,1.369,4.1112
2024-08-20,13,3.0191,1.3634,1.6557
2024-08-20,14,37.414,17.1135,20.3004
2024-08-20,15,6.0031,4.4546,11.5485
2024-08-20,16,14.5084,6.2232,8.2852
2024-08-20,17,5.2697,3.7194,9.5503
2024-08-20,18,9.2527,3.3268,5.9259
2024-08-20,19,8.0277,2.9169,5.1108
2024-08-20,20,4.8633,1.1265,3.7368
2024-08-20,21,7.9552,6.1244,11.8308
2024-08-20,22,3.6537,3.6537,8.0
2024-08-20,23,2.7575,1.9409,5.8165
2024-08-20,24,5.0018,2.5346,2.4672
2024-08-20,25,0.7891,0.4957,1.2933
2024-08-20,26,0.9867,0.1725,0.8143
2024-08-20,27,727.1682,583.022,1494.1462
2024-08-20,28,145.925,127.1253,368.7997
2024-08-20,29,845.6058,762.5988,83.00700000000006
2024-08-20,30,645.849,756.5764,0.0
2024-08-21,1,3.6394,1.0983,2.541
2024-08-21,2,1.4963,0.9049,3.0913
2024-08-21,3,0.8354,0.8136,2.0218
2024-08-21,4,1.2717,0.399,0.8727
2024-08-21,5,1.047,0.2701,0.7769
2024-08-21,6,1.4081,0.0,1.4081
2024-08-21,7,0.403,0.076,0.327
2024-08-21,8,48.0,16.9892,31.0108
2024-08-21,9,13.4169,6.8446,18.5724
2024-08-21,10,8.146,6.4856,16.6604
2024-08-21,11,17.4367,9.1394,33.2973
2024-08-21,12,4.1112,1.258,2.8532
2024-08-21,13,1.6557,1.36,3.2957
2024-08-21,14,20.3004,14.4813,36.8192
2024-08-21,15,11.5485,4.4038,7.1446
2024-08-21,16,8.2852,5.412,13.8732
2024-08-21,17,9.5503,3.6155,5.9348
2024-08-21,18,5.9259,3.1312,9.7948
2024-08-21,19,5.1108,4.1927,7.4181
2024-08-21,20,3.7368,1.3676,2.3692
2024-08-21,21,11.8308,5.2547,6.5761
2024-08-21,22,8.0,2.9794,5.0206
2024-08-21,23,5.8165,2.0625,3.7541
2024-08-21,24,2.4672,1.4449,5.0223
2024-08-21,25,1.2933,0.0,1.2933
2024-08-21,26,0.8143,0.2356,0.5787
2024-08-21,27,1494.1462,570.9594,923.1868
2024-08-21,28,368.7997,151.3875,217.4123
2024-08-21,29,1867.2296,749.6119,1117.6176999999998
2024-08-21,30,1106.6336,750.9693,355.6642999999999
2024-08-22,1,2.541,1.2416,3.7994
2024-08-22,2,3.0913,0.8132,2.2781
2024-08-22,3,2.0218,0.7724,1.2494
2024-08-22,4,0.8727,0.6182,1.7545
2024-08-22,5,0.7769,0.4378,1.3392
2024-08-22,6,1.4081,0.4288,0.9793
2024-08-22,7,0.327,0.1048,0.2222
2024-08-22,8,31.0108,19.1782,50.8326
2024-08-22,9,18.5724,6.4246,12.1478
2024-08-22,10,16.6604,5.939,10.7214
2024-08-22,11,33.2973,13.4982,19.7992
2024-08-22,12,2.8532,1.7778,4.0754
2024-08-22,13,3.2957,1.1972,2.0985
2024-08-22,14,36.8192,14.5382,22.281
2024-08-22,15,7.1446,4.5012,11.6434
2024-08-22,16,13.8732,5.4248,8.4484
2024-08-22,17,5.9348,3.2259,9.7089
2024-08-22,18,9.7948,4.1676,5.6271
2024-08-22,19,7.4181,3.997,3.4211
2024-08-22,20,2.3692,1.9043,4.9649
2024-08-22,21,6.5761,3.583,12.9932
2024-08-22,22,5.0206,2.1372,8.3834
2024-08-22,23,3.7541,2.073,6.181
2024-08-22,24,5.0223,1.8497,3.1726
2024-08-22,25,1.2933,0.4255,0.8678
2024-08-22,26,0.5787,0.3617,1.2169
2024-08-22,27,923.1868,624.9773,1448.2095
2024-08-22,28,217.4123,123.5707,393.8416
2024-08-22,29,1125.6298,809.1303,316.4994999999999
2024-08-22,30,698.7429,812.8129,0.0
2024-08-23,1,3.7994,1.5386,2.2608
2024-08-23,2,2.2781,1.1979,3.0802
2024-08-23,3,1.2494,0.7464,2.003
2024-08-23,4,1.7545,0.6285,1.126
2024-08-23,5,1.3392,0.2903,1.0489
2024-08-23,6,0.9793,0.4481,0.5312
2024-08-23,7,0.2222,0.0647,0.1574
2024-08-23,8,50.8326,23.4058,27.4268
2024-08-23,9,12.1478,7.2898,18.858
2024-08-23,10,10.7214,7.8895,16.8319
2024-08-23,11,19.7992,11.1497,33.6495
2024-08-23,12,4.0754,1.3265,2.7489
2024-08-23,13,2.0985,1.0498,3.5487
2024-08-23,14,22.281,0.0,22.281
2024-08-23,15,11.6434,3.9079,7.7354
2024-08-23,16,8.4484,5.0878,14.3606
2024-08-23,17,9.7089,3.5142,6.1947
2024-08-23,18,5.6271,3.7041,8.9231
2024-08-23,19,3.4211,3.4211,8.0
2024-08-23,20,4.9649,2.4472,2.5177
2024-08-23,21,12.9932,5.6408,7.3524
2024-08-23,22,8.3834,2.7202,5.6632
2024-08-23,23,6.181,1.5604,4.6207
2024-08-23,24,3.1726,1.672,5.5006
2024-08-23,25,0.8678,0.2651,0.6027
2024-08-23,26,1.2169,0.245,0.9719
2024-08-23,27,1448.2095,485.3562,962.8533
2024-08-23,28,393.8416,150.3423,243.4992
2024-08-23,29,1836.9564,696.3197,1140.6367
2024-08-23,30,1087.5977,698.6797,388.918
2024-08-24,1,2.2608,1.3706,4.3902
2024-08-24,2,3.0802,1.5633,1.5169
2024-08-24,3,2.003,0.9323,1.0707
2024-08-24,4,1.126,0.5975,2.0286
2024-08-24,5,1.0489,0.414,0.6349
2024-08-24,6,0.5312,0.5312,1.5
2024-08-24,7,0.1574,0.0881,0.5693
2024-08-24,8,27.4268,18.5135,56.9133
2024-08-24,9,18.858,10.2094,22.6485
2024-08-24,10,16.8319,8.7443,21.0876
2024-08-24,11,33.6495,14.5931,19.0564
2024-08-24,12,2.7489,1.4645,4.7844
2024-08-24,13,3.5487,1.9679,4.0809
2024-08-24,14,22.281,19.0597,46.2213
2024-08-24,15,7.7354,5.2522,14.4833
2024-08-24,16,14.3606,7.4061,6.9545
2024-08-24,17,6.1947,4.252,11.9428
2024-08-24,18,8.9231,4.4385,11.4846
2024-08-24,19,8.0,2.5628,5.4372
2024-08-24,20,2.5177,2.2427,5.7751
2024-08-24,21,7.3524,7.3524,14.0
2024-08-24,22,5.6632,3.4437,9.2195
2024-08-24,23,4.6207,2.8874,7.2333
2024-08-24,24,5.5006,2.4876,3.013
2024-08-24,25,0.6027,0.2661,1.3366
2024-08-24,26,0.9719,0.3288,0.643
2024-08-24,27,962.8533,598.9787,1863.8747
2024-08-24,28,243.4992,171.5087,471.9906
2024-08-24,29,1101.3806,741.7883,359.5922999999999
2024-08-24,30,574.6724,749.7853,0.0
2024-08-25,1,4.3902,1.1454,3.2448
2024-08-25,2,1.5169,1.4037,3.6131
2024-08-25,3,1.0707,1.0618,2.5089
2024-08-25,4,2.0286,0.6864,1.3422
2024-08-25,5,0.6349,0.4592,1.1757
2024-08-25,6,1.5,0.4223,1.0777
2024-08-25,7,0.5693,0.0907,0.4786
2024-08-25,8,56.9133,19.8699,37.0434
2024-08-25,9,22.6485,7.9242,14.7243
2024-08-25,10,21.0876,10.0693,11.0183
2024-08-25,11,19.0564,11.0817,41.9747
2024-08-25,12,4.7844,1.7058,3.0786
2024-08-25,13,4.0809,2.0533,2.0276
2024-08-25,14,46.2213,14.9977,31.2236
2024-08-25,15,14.4833,6.3702,8.1131
2024-08-25,16,6.9545,6.0982,17.8563
2024-08-25,17,11.9428,5.3829,6.5599
2024-08-25,18,11.4846,5.2735,6.2111
2024-08-25,19,5.4372,3.2634,9.6738
2024-08-25,20,5.7751,1.6679,4.1072
2024-08-25,21,14.0,6.355,7.645
2024-08-25,22,9.2195,0.0,9.2195
2024-08-25,23,7.2333,3.2401,3.9932
2024-08-25,24,3.013,1.6586,6.3544
2024-08-25,25,1.3366,0.4254,0.9113
2024-08-25,26,0.643,0.3258,1.3172
2024-08-25,27,1863.8747,740.3462,1123.5285
2024-08-25,28,471.9906,175.2928,296.6978
2024-08-25,29,2335.0419,966.1945,1368.8474
2024-08-25,30,1423.7279,972.3888,451.33910000000014
2024-08-26,1,3.2448,1.1731,2.0717
2024-08-26,2,3.6131,1.1372,2.476
2024-08-26,3,2.5089,0.5527,1.9562
2024-08-26,4,1.3422,0.6023,0.7399
2024-08-26,5,1.1757,0.4175,0.7582
2024-08-26,6,1.0777,0.3233,0.7544
2024-08-26,7,0.4786,0.0931,0.3855
2024-08-26,8,37.0434,14.6166,22.4269
2024-08-26,9,14.7243,7.2451,7.4792
2024-08-26,10,11.0183,9.9931,16.0252
2024-08-26,11,41.9747,9.1432,32.8315
2024-08-26,12,3.0786,0.8646,2.214
2024-08-26,13,2.0276,1.7584,3.2692
2024-08-26,14,31.2236,13.1932,18.0304
2024-08-26,15,8.1131,3.938,4.1751
2024-08-26,16,17.8563,5.7129,12.1435
2024-08-26,17,6.5599,3.3501,9.2098
2024-08-26,18,6.2111,2.8413,9.3698
2024-08-26,19,9.6738,2.456,7.2178
2024-08-26,20,4.1072,1.4885,2.6187
2024-08-26,21,7.645,3.5941,11.0509
2024-08-26,22,9.2195,1.2882,7.9313
2024-08-26,23,3.9932,1.8528,2.1405
2024-08-26,24,6.3544,1.2364,5.118
2024-08-26,25,0.9113,0.2742,0.6371
2024-08-26,26,1.3172,0.2453,1.0719
2024-08-26,27,1123.5285,451.6723,671.8562
2024-08-26,28,296.6978,136.6359,160.0619
2024-08-26,29,1335.3517,604.2842,731.0674999999999
2024-08-26,30,909.423,599.6321,309.79089999999997
2024-08-27,1,2.0717,0.9021,3.1696
2024-08-27,2,2.476,1.0382,1.4378
2024-08-27,3,1.9562,0.6159,1.3402
2024-08-27,4,0.7399,0.3788,1.361
2024-08-27,5,0.7582,0.3228,0.4354
2024-08-27,6,0.7544,0.4793,1.2752
2024-08-27,7,0.3855,0.09,0.2954
2024-08-27,8,22.4269,20.5318,46.8951
2024-08-27,9,7.4792,7.4792,19.0
2024-08-27,10,16.0252,5.0443,10.9809
2024-08-27,11,32.8315,14.5472,18.2842
2024-08-27,12,2.214,1.46,3.7541
2024-08-27,13,3.2692,1.1268,2.1424
2024-08-27,14,18.0304,13.261,34.7695
2024-08-27,15,4.1751,4.1751,11.0
2024-08-27,16,12.1435,5.6186,6.5248
2024-08-27,17,9.2098,3.2108,5.999
2024-08-27,18,9.3698,3.1872,6.1826
2024-08-27,19,7.2178,1.9986,5.2192
2024-08-27,20,2.6187,1.7807,4.838
2024-08-27,21,11.0509,4.3675,6.6834
2024-08-27,22,7.9313,4.0081,3.9232
2024-08-27,23,2.1405,2.1405,5.5
2024-08-27,24,5.118,1.5398,3.5783
2024-08-27,25,0.6371,0.2634,0.3737
2024-08-27,26,1.0719,0.2984,0.7735
2024-08-27,27,671.8562,624.7958,1397.0604
2024-08-27,28,160.0619,0.0,160.0619
2024-08-27,29,764.3858,676.946,87.43979999999999
2024-08-27,30,531.1488,679.7065,0.0
2024-08-28,1,3.1696,1.5677,1.6019
2024-08-28,2,1.4378,0.763,2.6748
2024-08-28,3,1.3402,0.6999,2.1403
2024-08-28,4,1.361,0.4415,0.9195
2024-08-28,5,0.4354,0.2541,1.1814
2024-08-28,6,1.2752,0.3757,0.8994
2024-08-28,7,0.2954,0.0485,0.2469
2024-08-28,8,46.8951,18.2652,28.6299
2024-08-28,9,19.0,5.5417,13.4583
2024-08-28,10,10.9809,7.7633,16.2176
2024-08-28,11,18.2842,10.3042,30.9801
2024-08-28,12,3.7541,1.2345,2.5196
2024-08-28,13,2.1424,0.9838,3.1585
2024-08-28,14,34.7695,12.0596,22.7099
2024-08-28,15,11.0,4.1683,6.8317
2024-08-28,16,6.5248,5.5591,12.9657
2024-08-28,17,5.999,3.816,9.183
2024-08-28,18,6.1826,3.2824,8.9002
2024-08-28,19,5.2192,3.492,7.2273
2024-08-28,20,4.838,1.3061,3.532
2024-08-28,21,6.6834,4.5112,11.1722
2024-08-28,22,3.9232,0.0,3.9232
2024-08-28,23,5.5,2.3885,3.1115
2024-08-28,24,3.5783,1.6507,1.9275
2024-08-28,25,0.3737,0.3271,1.0466
2024-08-28,26,0.7735,0.1795,0.594
2024-08-28,27,1397.0604,513.1162,883.9442
2024-08-28,28,160.0619,148.4371,361.6248
2024-08-28,29,1772.226,575.7758,1196.4502000000002
2024-08-28,30,1059.9657,571.7787,488.187
2024-08-29,1,1.6019,1.1852,3.4167
2024-08-29,2,2.6748,0.8364,1.8383
2024-08-29,3,2.1403,0.5504,1.5899
2024-08-29,4,0.9195,0.5112,1.4084
2024-08-29,5,1.1814,0.332,0.8494
2024-08-29,6,0.8994,0.4458,0.4537
2024-08-29,7,0.2469,0.0723,0.1747
2024-08-29,8,28.6299,14.9465,44.6833
2024-08-29,9,13.4583,6.4973,6.961
2024-08-29,10,16.2176,5.7595,10.4582
2024-08-29,11,30.9801,6.7425,24.2376
2024-08-29,12,2.5196,1.4482,3.5714
2024-08-29,13,3.1585,0.8846,2.274
2024-08-29,14,22.7099,16.2055,34.5044
2024-08-29,15,6.8317,4.8893,10.9423
2024-08-29,16,12.9657,4.1296,8.8361
2024-08-29,17,9.183,3.2217,5.9613
2024-08-29,18,8.9002,3.1274,5.7728
2024-08-29,19,7.2273,2.3466,4.8807
2024-08-29,20,3.532,1.8127,4.7192
2024-08-29,21,11.1722,2.9602,8.212
2024-08-29,22,3.9232,2.2571,7.1661
2024-08-29,23,3.1115,1.4995,5.612
2024-08-29,24,1.9275,1.9275,5.0
2024-08-29,25,1.0466,0.5554,0.4912
2024-08-29,26,0.594,0.2224,0.3716
2024-08-29,27,883.9442,559.5563,1374.388
2024-08-29,28,361.6248,152.8265,208.7983
2024-08-29,29,1086.561,747.7392,338.82179999999994
2024-08-29,30,669.0259,737.5745,0.0
2024-08-30,1,3.4167,0.8741,2.5426
2024-08-30,2,1.8383,1.086,2.7523
2024-08-30,3,1.5899,0.5286,1.0613
2024-08-30,4,1.4084,0.4235,0.9848
2024-08-30,5,0.8494,0.3212,0.5282
2024-08-30,6,0.4537,0.3219,1.1318
2024-08-30,7,0.1747,0.0797,0.0949
2024-08-30,8,44.6833,16.7529,27.9304
2024-08-30,9,6.961,6.0754,17.8857
2024-08-30,10,10.4582,7.3399,16.1182
2024-08-30,11,24.2376,8.3082,15.9294
2024-08-30,12,3.5714,1.1209,2.4505
2024-08-30,13,2.274,1.2617,3.0123
2024-08-30,14,34.5044,12.8013,21.7031
2024-08-30,15,10.9423,0.0,10.9423
2024-08-30,16,8.8361,5.0261,12.8101
2024-08-30,17,5.9613,3.5117,8.4496
2024-08-30,18,5.7728,3.6303,9.1425
2024-08-30,19,4.8807,3.0555,7.3252
2024-08-30,20,4.7192,2.3935,2.3258
2024-08-30,21,8.212,4.1723,11.0398
2024-08-30,22,7.1661,2.1819,4.9842
2024-08-30,23,5.612,2.4856,3.1264
2024-08-30,24,5.0,1.7772,3.2228
2024-08-30,25,0.4912,0.338,1.1532
2024-08-30,26,0.3716,0.2775,1.0941
2024-08-30,27,1374.388,537.1501,837.2379
2024-08-30,28,208.7983,133.0384,375.7599
2024-08-30,29,1749.5161,720.6815,1028.8346000000001
2024-08-30,30,1056.7918,716.5257,340.26609999999994
2024-08-31,1,2.5426,1.2439,4.2987
2024-08-31,2,2.7523,1.3993,1.353
2024-08-31,3,1.0613,0.8045,2.2568
2024-08-31,4,0.9848,0.666,1.8188
2024-08-31,5,0.5282,0.5282,1.5
2024-08-31,6,1.1318,0.6756,1.4562
2024-08-31,7,0.0949,0.0949,0.5
2024-08-31,8,27.9304,21.6063,58.3242
2024-08-31,9,17.8857,9.8667,23.0189
2024-08-31,10,16.1182,8.6573,20.4609
2024-08-31,11,15.9294,15.9294,40.0
2024-08-31,12,2.4505,1.96,4.4904
2024-08-31,13,3.0123,1.2543,1.758
2024-08-31,14,21.7031,20.0759,43.6271
2024-08-31,15,10.9423,4.616,6.3263
2024-08-31,16,12.8101,8.1556,16.6545
2024-08-31,17,8.4496,4.7112,11.7384
2024-08-31,18,9.1425,4.8879,11.2546
2024-08-31,19,7.3252,2.7886,4.5366
2024-08-31,20,2.3258,2.3258,6.0
2024-08-31,21,11.0398,3.8808,7.1589
2024-08-31,22,4.9842,3.2116,9.2726
2024-08-31,23,3.1264,1.4792,7.1473
2024-08-31,24,3.2228,0.0,3.2228
2024-08-31,25,1.1532,0.5622,0.591
2024-08-31,26,1.0941,0.1842,0.9099
2024-08-31,27,837.2379,698.2698,1738.9681
2024-08-31,28,375.7599,160.5637,215.1963
2024-08-31,29,1148.119,846.9379,301.1810999999999
2024-08-31,30,627.7586,847.6045,0.0
2024-09-01,1,4.2987,1.5486,2.7501
2024-09-01,2,1.353,1.353,3.5
2024-09-01,3,2.2568,0.8938,1.363
2024-09-01,4,1.8188,0.5676,1.2512
2024-09-01,5,1.5,0.3709,1.1291
2024-09-01,6,1.4562,0.4908,0.9654
2024-09-01,7,0.5,0.0538,0.4462
2024-09-01,8,58.3242,20.9718,37.3524
2024-09-01,9,23.0189,8.1305,14.8884
2024-09-01,10,20.4609,8.9804,11.4805
2024-09-01,11,40.0,16.4179,23.5821
2024-09-01,12,4.4904,1.725,2.7654
2024-09-01,13,1.758,1.3079,3.9501
2024-09-01,14,43.6271,14.9547,28.6724
2024-09-01,15,6.3263,5.3544,12.972
2024-09-01,16,16.6545,6.3745,10.28
2024-09-01,17,11.7384,4.4605,7.2779
2024-09-01,18,11.2546,4.7469,6.5077
2024-09-01,19,4.5366,2.5377,8.9989
2024-09-01,20,6.0,2.367,3.633
2024-09-01,21,7.1589,3.4274,13.7316
2024-09-01,22,9.2726,3.9885,5.2842
2024-09-01,23,7.1473,2.4331,4.7142
2024-09-01,24,3.2228,2.1291,6.0937
2024-09-01,25,0.591,0.5323,1.5587
2024-09-01,26,0.9099,0.218,0.6919
2024-09-01,27,1738.9681,549.6388,1189.3293
2024-09-01,28,215.1963,190.2674,474.9288
2024-09-01,29,2238.0565,699.66,1538.3965000000003
2024-09-01,30,1345.699,707.2421,638.4569
2024-09-02,1,2.7501,1.5199,1.2302
2024-09-02,2,3.5,1.3283,2.1717
2024-09-02,3,1.363,0.6619,0.7011
2024-09-02,4,1.2512,0.5715,0.6798
2024-09-02,5,1.1291,0.3078,0.8213
2024-09-02,6,0.9654,0.4612,0.5042
2024-09-02,7,0.4462,0.0597,0.3865
2024-09-02,8,37.3524,16.7292,20.6232
2024-09-02,9,14.8884,6.1239,8.7645
2024-09-02,10,11.4805,5.8138,15.6667
2024-09-02,11,23.5821,14.1534,29.4287
2024-09-02,12,2.7654,1.2222,1.5432
2024-09-02,13,3.9501,1.7752,2.1749
2024-09-02,14,28.6724,16.8398,32.8326
2024-09-02,15,12.972,4.738,8.234
2024-09-02,16,10.28,5.0082,5.2718
2024-09-02,17,7.2779,4.3095,8.9685
2024-09-02,18,6.5077,3.5357,8.9721
2024-09-02,19,8.9989,1.7245,7.2744
2024-09-02,20,3.633,1.1422,2.4907
2024-09-02,21,13.7316,4.2127,9.5189
2024-09-02,22,5.2842,1.8039,3.4802
2024-09-02,23,4.7142,3.063,5.1511
2024-09-02,24,6.0937,1.1735,4.9203
2024-09-02,25,1.5587,0.2764,1.2823
2024-09-02,26,0.6919,0.1762,0.5156
2024-09-02,27,1189.3293,500.7051,688.6242
2024-09-02,28,474.9288,143.0664,331.8625
2024-09-02,29,1259.666,662.0132,597.6528
2024-09-02,30,804.9118,655.5518,149.36
2024-09-03,1,1.2302,1.2302,3.0
2024-09-03,2,2.1717,0.8023,1.3693
2024-09-03,3,0.7011,0.674,2.0271
2024-09-03,4,0.6798,0.3448,1.335
2024-09-03,5,0.8213,0.0,0.8213
2024-09-03,6,0.5042,0.3137,1.1905
2024-09-03,7,0.3865,0.0659,0.3207
2024-09-03,8,20.6232,13.2602,41.363
2024-09-03,9,8.7645,7.2063,16.5582
2024-09-03,10,15.6667,7.5955,8.0712
2024-09-03,11,29.4287,8.1448,21.2839
2024-09-03,12,1.5432,1.3282,3.715
2024-09-03,13,2.1749,1.2763,2.8986
2024-09-03,14,32.8326,13.4535,19.3791
2024-09-03,15,8.234,3.0239,5.21
2024-09-03,16,5.2718,5.249,13.0228
2024-09-03,17,8.9685,3.6993,5.2692
2024-09-03,18,8.9721,3.3323,5.6397
2024-09-03,19,7.2744,2.1561,5.1183
2024-09-03,20,2.4907,1.3742,4.1165
2024-09-03,21,9.5189,2.4433,7.0756
2024-09-03,22,3.4802,3.2286,6.7517
2024-09-03,23,5.1511,2.3905,2.7607
2024-09-03,24,4.9203,1.6401,3.2801
2024-09-03,25,1.2823,0.3248,0.9575
2024-09-03,26,0.5156,0.1699,0.3458
2024-09-03,27,688.6242,483.6768,1304.9475
2024-09-03,28,331.8625,107.436,224.4265
2024-09-03,29,1691.8533,596.4332,1095.4200999999998
2024-09-03,30,979.05,594.8358,384.2142
2024-09-04,1,3.0,1.0374,1.9626
2024-09-04,2,1.3693,1.3693,2.5
2024-09-04,3,2.0271,0.6484,1.3787
2024-09-04,4,1.335,0.4927,0.8423
2024-09-04,5,0.8213,0.2646,0.5567
2024-09-04,6,1.1905,0.3557,0.8348
2024-09-04,7,0.3207,0.0632,0.2575
2024-09-04,8,41.363,18.3854,22.9776
2024-09-04,9,16.5582,6.4623,10.0959
2024-09-04,10,8.0712,3.3166,14.7545
2024-09-04,11,21.2839,11.266,29.0179
2024-09-04,12,3.715,0.9548,2.7601
2024-09-04,13,2.8986,0.9618,1.9368
2024-09-04,14,19.3791,10.1358,32.2433
2024-09-04,15,5.21,3.6591,10.5509
2024-09-04,16,13.0228,0.0,13.0228
2024-09-04,17,5.2692,4.0649,8.2042
2024-09-04,18,5.6397,3.6527,8.987
2024-09-04,19,5.1183,1.6131,3.5052
2024-09-04,20,4.1165,1.4537,2.6628
2024-09-04,21,7.0756,3.9246,10.151
2024-09-04,22,6.7517,2.6054,4.1463
2024-09-04,23,2.7607,1.5153,5.2454
2024-09-04,24,3.2801,0.9997,2.2805
2024-09-04,25,0.9575,0.4969,0.4606
2024-09-04,26,0.3458,0.2364,1.1094
2024-09-04,27,1304.9475,521.7471,783.2003
2024-09-04,28,224.4265,145.0819,329.3446
2024-09-04,29,1085.1361,672.3897,412.7464
2024-09-04,30,979.05,672.1472,306.90279999999996
2024-09-05,1,1.9626,1.5797,3.3829
2024-09-05,2,2.5,1.0978,1.4022
2024-09-05,3,1.3787,0.5719,0.8068
2024-09-05,4,0.8423,0.4645,1.3777
2024-09-05,5,0.5567,0.3554,1.2013
2024-09-05,6,0.8348,0.3205,0.5143
2024-09-05,7,0.2575,0.1185,0.139
2024-09-05,8,22.9776,18.4366,43.541
2024-09-05,9,10.0959,7.0906,17.0053
2024-09-05,10,14.7545,5.3879,9.3666
2024-09-05,11,29.0179,13.4638,15.5541
2024-09-05,12,2.7601,1.1081,1.6521
2024-09-05,13,1.9368,0.9788,2.9579
2024-09-05,14,32.2433,13.6589,18.5845
2024-09-05,15,10.5509,4.5158,6.0351
2024-09-05,16,13.0228,4.123,8.8998
2024-09-05,17,8.2042,3.5098,4.6944
2024-09-05,18,8.987,2.8392,6.1479
2024-09-05,19,3.5052,2.4574,7.0478
2024-09-05,20,2.6628,1.3381,4.3247
2024-09-05,21,10.151,2.4746,7.6764
2024-09-05,22,4.1463,1.4926,7.1536
2024-09-05,23,5.2454,2.1322,3.1132
2024-09-05,24,2.2805,2.2805,5.0
2024-09-05,25,0.4606,0.2994,1.1612
2024-09-05,26,1.1094,0.3511,0.7583
2024-09-05,27,783.2003,442.6836,1290.5167
2024-09-05,28,329.3446,142.3205,187.0241
2024-09-05,29,1618.591,653.3218,965.2691999999998
2024-09-05,30,979.05,650.7323,328.31769999999995
2024-09-06,1,3.3829,0.9127,2.4702
2024-09-06,2,1.4022,0.8439,2.5582
2024-09-06,3,0.8068,0.5586,1.7482
2024-09-06,4,1.3777,0.4067,0.9711
2024-09-06,5,1.2013,0.3317,0.8695
2024-09-06,6,0.5143,0.3675,1.1468
2024-09-06,7,0.139,0.0474,0.0916
2024-09-06,8,43.541,15.0462,28.4948
2024-09-06,9,17.0053,6.0809,10.9244
2024-09-06,10,9.3666,3.8691,14.4976
2024-09-06,11,15.5541,14.3009,29.2532
2024-09-06,12,1.6521,1.4825,3.6696
2024-09-06,13,2.9579,1.2268,1.7312
2024-09-06,14,18.5845,11.868,31.7164
2024-09-06,15,6.0351,3.5465,9.4886
2024-09-06,16,8.8998,5.1617,12.7381
2024-09-06,17,4.6944,3.0421,8.6523
2024-09-06,18,6.1479,3.7281,8.4198
2024-09-06,19,7.0478,2.3557,4.6921
2024-09-06,20,4.3247,1.5018,2.8229
2024-09-06,21,7.6764,4.0319,10.6445
2024-09-06,22,7.1536,2.7013,4.4523
2024-09-06,23,3.1132,1.662,4.9512
2024-09-06,24,5.0,1.7115,3.2885
2024-09-06,25,1.1612,0.3316,0.8295
2024-09-06,26,0.7583,0.2914,0.4668
2024-09-06,27,1290.5167,490.3769,800.1398
2024-09-06,28,187.0241,116.3211,320.703
2024-09-06,29,1120.1174,636.2341,483.8833000000001
2024-09-06,30,615.3577,627.2263,0.0
2024-09-07,1,2.4702,1.3401,3.63
2024-09-07,2,2.5582,1.2225,1.3357
2024-09-07,3,1.7482,0.6411,1.1071
2024-09-07,4,0.9711,0.635,1.8361
2024-09-07,5,0.8695,0.3794,0.4901
2024-09-07,6,1.1468,0.4902,0.6566
2024-09-07,7,0.0916,0.0617,0.5298
2024-09-07,8,28.4948,20.4952,49.9996
2024-09-07,9,10.9244,9.6707,20.2537
2024-09-07,10,14.4976,5.8976,8.5999
2024-09-07,11,29.2532,11.6061,17.6471
2024-09-07,12,3.6696,1.0066,2.6629
2024-09-07,13,1.7312,1.293,3.9381
2024-09-07,14,31.7164,17.2532,40.4632
2024-09-07,15,9.4886,4.339,5.1496
2024-09-07,16,12.7381,7.3484,15.3897
2024-09-07,17,8.6523,3.6316,5.0206
2024-09-07,18,8.4198,3.6344,4.7854
2024-09-07,19,4.6921,2.5705,8.1216
2024-09-07,20,2.8229,2.6566,5.1664
2024-09-07,21,10.6445,5.3558,5.2886
2024-09-07,22,4.4523,2.8295,8.1229
2024-09-07,23,4.9512,1.7144,3.2368
2024-09-07,24,3.2885,2.0585,5.2301
2024-09-07,25,0.8295,0.4703,1.3592
2024-09-07,26,0.4668,0.4668,1.0
2024-09-07,27,800.1398,640.5829,1659.5569
2024-09-07,28,320.703,151.6895,169.0135
2024-09-07,29,638.8008,759.3619,0.0
2024-09-07,30,960.6788,768.1157,192.56310000000008
2024-09-08,1,3.63,1.9202,1.7099
2024-09-08,2,1.3357,1.1875,3.1482
2024-09-08,3,1.1071,0.8811,2.2259
2024-09-08,4,1.8361,0.5548,1.2813
2024-09-08,5,0.4901,0.3921,1.0981
2024-09-08,6,0.6566,0.5712,1.5854
2024-09-08,7,0.5298,0.1096,0.4202
2024-09-08,8,49.9996,17.7709,32.2287
2024-09-08,9,20.2537,7.7206,12.5331
2024-09-08,10,8.5999,6.6483,18.9516
2024-09-08,11,17.6471,15.6008,37.0464
2024-09-08,12,2.6629,1.4557,4.2072
2024-09-08,13,3.9381,1.5741,2.364
2024-09-08,14,40.4632,13.036,27.4272
2024-09-08,15,5.1496,5.1496,13.0
2024-09-08,16,15.3897,6.3021,9.0875
2024-09-08,17,5.0206,4.2999,10.7208
2024-09-08,18,4.7854,3.7298,11.0556
2024-09-08,19,8.1216,3.842,4.2796
2024-09-08,20,5.1664,1.9365,3.2298
2024-09-08,21,5.2886,4.6874,13.6012
2024-09-08,22,8.1229,2.5041,5.6187
2024-09-08,23,3.2368,1.8211,6.4157
2024-09-08,24,5.2301,1.563,3.6671
2024-09-08,25,1.3592,0.3677,0.9915
2024-09-08,26,1.0,0.2403,0.7597
2024-09-08,27,1659.5569,631.5852,1027.9718
2024-09-08,28,169.0135,155.2704,413.7431
2024-09-08,29,2100.0,831.86,1268.1399999999999
2024-09-08,30,1291.7807,833.5665,458.2142
2024-09-09,1,1.7099,1.282,2.9279
2024-09-09,2,3.1482,1.0909,2.0574
2024-09-09,3,2.2259,0.6475,1.5785
2024-09-09,4,1.2813,0.3689,0.9124
2024-09-09,5,1.0981,0.4519,0.6461
2024-09-09,6,1.5854,0.4035,1.182
2024-09-09,7,0.4202,0.0588,0.3614
2024-09-09,8,32.2287,17.6011,41.6276
2024-09-09,9,12.5331,6.3296,17.2035
2024-09-09,10,18.9516,5.2875,13.6641
2024-09-09,11,37.0464,12.2915,24.7549
2024-09-09,12,4.2072,0.9112,3.296
2024-09-09,13,2.364,1.0961,1.2679
2024-09-09,14,27.4272,12.7671,14.6601
2024-09-09,15,13.0,3.2338,9.7662
2024-09-09,16,9.0875,4.8337,12.2539
2024-09-09,17,10.7208,3.3721,7.3487
2024-09-09,18,11.0556,3.1583,7.8973
2024-09-09,19,4.2796,2.4433,6.8363
2024-09-09,20,3.2298,1.7481,4.4818
2024-09-09,21,13.6012,2.8782,10.723
2024-09-09,22,5.6187,2.7621,2.8566
2024-09-09,23,6.4157,3.1512,3.2645
2024-09-09,24,3.6671,0.9812,2.6859
2024-09-09,25,0.9915,0.289,0.7025
2024-09-09,26,0.7597,0.2571,0.5026
2024-09-09,27,1027.9718,481.3106,546.6612
2024-09-09,28,413.7431,121.5132,292.23
2024-09-09,29,1194.3891,674.499,519.8901000000001
2024-09-09,30,829.2912,675.0806,154.2106
2024-09-10,1,2.9279,0.8254,2.1025
2024-09-10,2,2.0574,0.7244,1.333
2024-09-10,3,1.5785,0.6333,0.9452
2024-09-10,4,0.9124,0.4735,1.4388
2024-09-10,5,0.6461,0.0,0.6461
2024-09-10,6,1.182,0.3616,0.8204
2024-09-10,7,0.3614,0.0469,0.3144
2024-09-10,8,41.6276,16.1769,25.4506
2024-09-10,9,17.2035,0.0,17.2035
2024-09-10,10,13.6641,6.5323,7.1318
2024-09-10,11,24.7549,14.0422,27.7127
2024-09-10,12,3.296,1.7533,1.5427
2024-09-10,13,1.2679,0.0,1.2679
2024-09-10,14,14.6601,12.9329,30.7272
2024-09-10,15,9.7662,3.6385,6.1276
2024-09-10,16,12.2539,4.3249,7.929
2024-09-10,17,7.3487,2.568,4.7807
2024-09-10,18,7.8973,2.6218,5.2756
2024-09-10,19,6.8363,1.9919,4.8445
2024-09-10,20,4.4818,1.2172,3.2646
2024-09-10,21,10.723,2.0235,8.6995
2024-09-10,22,2.8566,1.8781,6.4785
2024-09-10,23,3.2645,1.9051,4.8594
2024-09-10,24,2.6859,2.1754,4.5104
2024-09-10,25,0.7025,0.2629,0.4396
2024-09-10,26,0.5026,0.2246,0.278
2024-09-10,27,546.6612,486.8055,1209.8557
2024-09-10,28,292.23,0.0,292.23
2024-09-10,29,1529.9677,513.3904,1016.5772999999999
2024-09-10,30,829.2912,518.3673,310.9239
2024-09-11,1,2.1025,0.9637,1.1387
2024-09-11,2,1.333,1.1489,2.6842
2024-09-11,3,0.9452,0.5799,1.8652
2024-09-11,4,1.4388,0.3797,1.0592
2024-09-11,5,0.6461,0.263,0.3831
2024-09-11,6,0.8204,0.3357,0.4847
2024-09-11,7,0.3144,0.1186,0.1958
2024-09-11,8,25.4506,15.4644,36.9863
2024-09-11,9,17.2035,7.7408,9.4627
2024-09-11,10,7.1318,6.2562,13.8756
2024-09-11,11,27.7127,11.2142,16.4984
2024-09-11,12,1.5427,0.7495,3.2932
2024-09-11,13,1.2679,0.9743,2.7936
2024-09-11,14,30.7272,9.9499,20.7773
2024-09-11,15,6.1276,3.1949,9.9328
2024-09-11,16,7.929,4.5463,11.3827
2024-09-11,17,4.7807,2.8381,7.9425
2024-09-11,18,5.2756,3.2284,8.0472
2024-09-11,19,4.8445,1.9997,2.8448
2024-09-11,20,3.2646,1.2256,2.0389
2024-09-11,21,8.6995,4.3274,4.3722
2024-09-11,22,6.4785,2.2889,4.1896
2024-09-11,23,4.8594,1.487,3.3724
2024-09-11,24,4.5104,1.7708,2.7396
2024-09-11,25,0.4396,0.325,1.1146
2024-09-11,26,0.278,0.278,1.0
2024-09-11,27,1209.8557,499.0613,710.7944
2024-09-11,28,292.23,134.4142,157.8157
2024-09-11,29,1003.749,579.9164,423.83260000000007
2024-09-11,30,447.6583,582.9021,0.0
2024-09-12,1,1.1387,1.1387,3.0
2024-09-12,2,2.6842,0.9951,1.689
2024-09-12,3,1.8652,0.5702,1.295
2024-09-12,4,1.0592,0.5399,0.5193
2024-09-12,5,0.3831,0.2548,1.1284
2024-09-12,6,0.4847,0.3036,1.1811
2024-09-12,7,0.1958,0.0774,0.1184
2024-09-12,8,36.9863,16.3575,20.6288
2024-09-12,9,9.4627,5.2867,15.1759
2024-09-12,10,13.8756,4.6714,9.2042
2024-09-12,11,16.4984,7.2544,26.2441
2024-09-12,12,3.2932,0.9969,2.2963
2024-09-12,13,2.7936,1.33,1.4636
2024-09-12,14,20.7773,9.8695,29.9078
2024-09-12,15,9.9328,3.3594,6.5733
2024-09-12,16,11.3827,4.3126,7.0701
2024-09-12,17,7.9425,2.7315,5.211
2024-09-12,18,8.0472,0.0,8.0472
2024-09-12,19,2.8448,1.7831,6.0617
2024-09-12,20,2.0389,0.0,2.0389
2024-09-12,21,4.3722,2.9875,9.3847
2024-09-12,22,4.1896,2.329,6.3606
2024-09-12,23,3.3724,1.6123,4.7602
2024-09-12,24,2.7396,1.7058,4.0338
2024-09-12,25,1.1146,0.0,1.1146
2024-09-12,26,1.0,0.2314,0.7686
2024-09-12,27,710.7944,486.4192,1224.3753
2024-09-12,28,157.8157,120.6696,337.1461
2024-09-12,29,1512.4065,597.4484,914.9581000000001
2024-09-12,30,922.0265,591.0709,330.9556
2024-09-13,1,3.0,0.7193,2.2807
2024-09-13,2,1.689,0.9577,2.7314
2024-09-13,3,1.295,0.5121,0.7829
2024-09-13,4,0.5193,0.4249,1.5943
2024-09-13,5,1.1284,0.2569,0.8715
2024-09-13,6,1.1811,0.2257,0.9555
2024-09-13,7,0.1184,0.0741,0.5444
2024-09-13,8,20.6288,20.6288,39.0
2024-09-13,9,15.1759,5.7375,9.4384
2024-09-13,10,9.2042,5.5804,13.6238
2024-09-13,11,26.2441,10.6774,15.5667
2024-09-13,12,2.2963,1.3059,2.9904
2024-09-13,13,1.4636,0.6285,2.8351
2024-09-13,14,29.9078,12.2672,17.6406
2024-09-13,15,6.5733,3.5145,9.0588
2024-09-13,16,7.0701,4.5139,11.5562
2024-09-13,17,5.211,2.5271,7.6839
2024-09-13,18,8.0472,3.2326,4.8146
2024-09-13,19,6.0617,1.9815,4.0801
2024-09-13,20,2.0389,1.4158,4.1231
2024-09-13,21,9.3847,3.4774,5.9073
2024-09-13,22,6.3606,2.6335,3.7271
2024-09-13,23,4.7602,1.7216,3.0385
2024-09-13,24,4.0338,1.8828,2.151
2024-09-13,25,1.1146,0.2212,0.8934
2024-09-13,26,0.7686,0.3878,0.3808
2024-09-13,27,1224.3753,555.2693,669.1059
2024-09-13,28,337.1461,122.9228,214.2233
2024-09-13,29,979.9689,725.684,254.2849
2024-09-13,30,549.07,716.0802,0.0
2024-09-14,1,2.2807,1.0515,1.2291
2024-09-14,2,2.7314,0.8696,1.8618
2024-09-14,3,0.7829,0.7829,0.0
2024-09-14,4,1.5943,0.8355,0.7589
2024-09-14,5,0.8715,0.5702,0.3013
2024-09-14,6,0.9555,0.3209,0.6346
2024-09-14,7,0.5444,0.068,0.4764
2024-09-14,8,39.0,22.8987,16.1013
2024-09-14,9,9.4384,6.4875,2.9509
2024-09-14,10,13.6238,8.1959,5.4279
2024-09-14,11,15.5667,9.2247,6.342
2024-09-14,12,2.9904,1.7214,1.269
2024-09-14,13,2.8351,1.5696,1.2655
2024-09-14,14,17.6406,11.8726,5.768
2024-09-14,15,9.0588,4.3905,4.6683
2024-09-14,16,11.5562,5.4184,6.1378
2024-09-14,17,7.6839,3.399,4.2849
2024-09-14,18,4.8146,4.1627,0.6519
2024-09-14,19,4.0801,2.2621,1.818
2024-09-14,20,4.1231,1.5759,2.5472
2024-09-14,21,5.9073,5.9073,0.0
2024-09-14,22,3.7271,2.8559,0.8712
2024-09-14,23,3.0385,2.3029,0.7356
2024-09-14,24,2.151,1.216,0.9351
2024-09-14,25,0.8934,0.2495,0.6439
2024-09-14,26,0.3808,0.3142,0.0666
2024-09-14,27,669.1059,547.9024,121.2035
2024-09-14,28,214.2233,126.491,87.7323
2024-09-14,29,1559.1788,654.6897,904.4890999999999
2024-09-14,30,549.07,652.676,0.0
2024-09-15,1,1.2291,1.2291,3.5
2024-09-15,2,1.8618,0.0,1.8618
2024-09-15,3,0.0,0.0,2.0
2024-09-15,4,0.7589,0.5484,1.7105
2024-09-15,5,0.3013,0.3013,1.0
2024-09-15,6,0.6346,0.5114,1.6232
2024-09-15,7,0.4764,0.1235,0.3529
2024-09-15,8,16.1013,16.1013,48.0
2024-09-15,9,2.9509,2.9509,19.0
2024-09-15,10,5.4279,5.4279,17.0
2024-09-15,11,6.342,0.0,33.342
2024-09-15,12,1.269,1.269,4.0
2024-09-15,13,1.2655,1.2655,3.5
2024-09-15,14,5.768,5.768,38.0
2024-09-15,15,4.6683,4.6683,12.0
2024-09-15,16,6.1378,5.1958,14.942
2024-09-15,17,4.2849,4.2849,10.0
2024-09-15,18,0.6519,0.6519,10.0
2024-09-15,19,1.818,1.818,8.0
2024-09-15,20,2.5472,2.5472,5.0
2024-09-15,21,0.0,0.0,12.0
2024-09-15,22,0.8712,0.8712,8.0
2024-09-15,23,0.7356,0.0,5.7356
2024-09-15,24,0.9351,0.9351,5.0
2024-09-15,25,0.6439,0.3022,1.3417
2024-09-15,26,0.0666,0.0666,1.0
2024-09-15,27,121.2035,121.2035,1500.0
2024-09-15,28,87.7323,87.7323,400.0
2024-09-15,29,652.2222,209.2286,442.9936
2024-09-15,30,114.7695,209.4936,0.0
2024-09-16,1,3.5,0.7936,2.7064
2024-09-16,2,1.8618,0.6863,1.1755
2024-09-16,3,2.0,0.7156,1.2844
2024-09-16,4,1.7105,0.3958,1.3147
2024-09-16,5,1.0,0.2649,0.7351
2024-09-16,6,1.6232,0.314,1.3092
2024-09-16,7,0.3529,0.0678,0.2851
2024-09-16,8,48.0,14.5835,33.4165
2024-09-16,9,19.0,5.3807,13.6193
2024-09-16,10,17.0,5.1802,11.8198
2024-09-16,11,33.342,11.198,22.144
2024-09-16,12,4.0,0.0,4.0
2024-09-16,13,3.5,1.2057,2.2943
2024-09-16,14,38.0,14.0743,23.9257
2024-09-16,15,12.0,2.8032,9.1968
2024-09-16,16,14.942,3.4177,11.5243
2024-09-16,17,10.0,3.3123,6.6877
2024-09-16,18,10.0,3.1284,6.8716
2024-09-16,19,8.0,2.0852,5.9148
2024-09-16,20,5.0,1.2924,3.7076
2024-09-16,21,12.0,2.5794,9.4206
2024-09-16,22,8.0,2.775,5.225
2024-09-16,23,5.7356,1.5031,4.2325
2024-09-16,24,5.0,1.8863,3.1137
2024-09-16,25,1.3417,0.3725,0.9693
2024-09-16,26,1.0,0.2456,0.7544
2024-09-16,27,1500.0,442.1209,1057.8791
2024-09-16,28,400.0,104.9151,295.0849
2024-09-16,29,1900.0,536.2534,1363.7466
2024-09-16,30,1200.0,537.991,662.009
2024-09-17,1,2.7064,0.9871,1.7193
2024-09-17,2,1.1755,0.8436,2.332
2024-09-17,3,1.2844,0.5022,0.7822
2024-09-17,4,1.3147,0.3481,0.9667
2024-09-17,5,0.7351,0.1772,0.5579
2024-09-17,6,1.3092,0.4354,0.8738
2024-09-17,7,0.2851,0.0597,0.2254
2024-09-17,8,33.4165,10.4633,22.9531
2024-09-17,9,13.6193,5.5978,8.0215
2024-09-17,10,11.8198,3.8083,8.0114
2024-09-17,11,22.144,7.0987,15.0453
2024-09-17,12,4.0,1.7225,2.2775
2024-09-17,13,2.2943,0.7227,1.5716
2024-09-17,14,23.9257,12.2825,11.6432
2024-09-17,15,9.1968,4.0739,5.1229
2024-09-17,16,11.5243,3.5774,7.9468
2024-09-17,17,6.6877,3.1704,3.5173
2024-09-17,18,6.8716,2.9308,3.9409
2024-09-17,19,5.9148,2.2918,3.623
2024-09-17,20,3.7076,0.9451,2.7626
2024-09-17,21,9.4206,3.3506,6.07
2024-09-17,22,5.225,2.5021,2.7229
2024-09-17,23,4.2325,1.9077,2.3248
2024-09-17,24,3.1137,1.2425,1.8712
2024-09-17,25,0.9693,0.3139,0.6554
2024-09-17,26,0.7544,0.2767,0.4777
2024-09-17,27,1057.8791,372.6085,685.2706
2024-09-17,28,295.0849,118.0353,177.0496
2024-09-17,29,1280.8879,466.541,814.3469
2024-09-17,30,835.1249,462.1129,373.012
2024-09-18,1,1.7193,1.0971,2.6223
2024-09-18,2,2.332,0.8851,1.4469
2024-09-18,3,0.7822,0.4913,1.7909
2024-09-18,4,0.9667,0.4972,0.4695
2024-09-18,5,0.5579,0.3307,0.7272
2024-09-18,6,0.8738,0.2988,0.5751
2024-09-18,7,0.2254,0.0649,0.1605
2024-09-18,8,22.9531,15.1522,34.8009
2024-09-18,9,8.0215,6.0895,13.932
2024-09-18,10,8.0114,3.9412,13.0703
2024-09-18,11,15.0453,7.4059,24.6394
2024-09-18,12,2.2775,1.2305,3.047
2024-09-18,13,1.5716,1.5716,2.5
2024-09-18,14,11.6432,9.798,27.8452
2024-09-18,15,5.1229,3.7257,8.3971
2024-09-18,16,7.9468,4.3293,10.6175
2024-09-18,17,3.5173,2.5873,7.93
2024-09-18,18,3.9409,2.801,7.1399
2024-09-18,19,3.623,2.0181,5.605
2024-09-18,20,2.7626,1.3483,1.4143
2024-09-18,21,6.07,4.0961,8.9739
2024-09-18,22,2.7229,2.5568,5.6662
2024-09-18,23,2.3248,1.9553,4.3695
2024-09-18,24,1.8712,1.2967,3.5745
2024-09-18,25,0.6554,0.2923,0.3631
2024-09-18,26,0.4777,0.3947,0.583
2024-09-18,27,685.2706,421.1466,1114.124
2024-09-18,28,177.0496,112.0892,314.9604
2024-09-18,29,758.8764,530.5418,228.33460000000002
2024-09-18,30,500.1225,528.9118,0.0
2024-09-19,1,2.6223,0.9313,1.691
2024-09-19,2,1.4469,0.6915,2.2554
2024-09-19,3,1.7909,0.619,1.1719
2024-09-19,4,0.4695,0.4078,1.0617
2024-09-19,5,0.7272,0.2886,0.4386
2024-09-19,6,0.5751,0.364,1.2111
2024-09-19,7,0.1605,0.0671,0.0933
2024-09-19,8,34.8009,13.3986,21.4023
2024-09-19,9,13.932,6.2747,7.6573
2024-09-19,10,13.0703,4.254,8.8163
2024-09-19,11,24.6394,7.3112,17.3282
2024-09-19,12,3.047,1.0494,1.9976
2024-09-19,13,2.5,0.8999,1.6001
2024-09-19,14,27.8452,11.2783,16.5669
2024-09-19,15,8.3971,3.5581,4.8391
2024-09-19,16,10.6175,3.796,6.8215
2024-09-19,17,7.93,2.2404,5.6895
2024-09-19,18,7.1399,2.6862,4.4537
2024-09-19,19,5.605,2.3654,3.2395
2024-09-19,20,1.4143,1.3142,3.6001
2024-09-19,21,8.9739,2.5875,6.3864
2024-09-19,22,5.6662,1.4463,4.2199
2024-09-19,23,4.3695,1.9086,2.4609
2024-09-19,24,3.5745,0.0,3.5745
2024-09-19,25,0.3631,0.2469,1.1162
2024-09-19,26,0.583,0.161,0.4221
2024-09-19,27,1114.124,480.3906,633.7334
2024-09-19,28,314.9604,0.0,314.9604
2024-09-19,29,1479.6225,399.0075,1080.615
2024-09-19,30,905.7802,405.7941,499.9861
2024-09-20,1,1.691,0.9045,2.7865
2024-09-20,2,2.2554,0.8423,1.4131
2024-09-20,3,1.1719,0.5433,0.6286
2024-09-20,4,1.0617,0.3302,0.7314
2024-09-20,5,0.4386,0.2317,0.7069
2024-09-20,6,1.2111,0.3719,0.8392
2024-09-20,7,0.0933,0.0832,0.5101
2024-09-20,8,21.4023,14.6083,33.7941
2024-09-20,9,7.6573,4.7118,13.9455
2024-09-20,10,8.8163,4.1743,12.642
2024-09-20,11,17.3282,8.9587,24.3695
2024-09-20,12,1.9976,1.1293,2.8682
2024-09-20,13,1.6001,1.1486,2.4515
2024-09-20,14,16.5669,11.9907,27.5761
2024-09-20,15,4.8391,3.3521,8.487
2024-09-20,16,6.8215,4.5181,11.3034
2024-09-20,17,5.6895,2.6819,3.0076
2024-09-20,18,4.4537,3.0491,7.4047
2024-09-20,19,3.2395,2.1748,5.5648
2024-09-20,20,3.6001,1.1432,2.4569
2024-09-20,21,6.3864,2.1489,4.2375
2024-09-20,22,4.2199,2.5789,5.6409
2024-09-20,23,2.4609,0.8114,1.6495
2024-09-20,24,3.5745,1.4329,2.1416
2024-09-20,25,1.1162,0.2146,0.9016
2024-09-20,26,0.4221,0.1667,0.2554
2024-09-20,27,633.7334,441.0939,1142.6395
2024-09-20,28,314.9604,110.0615,204.8989
2024-09-20,29,926.4003,515.502,410.89830000000006
2024-09-20,30,539.4567,515.5778,23.87889999999993
2024-09-21,1,2.7865,1.1671,1.6194
2024-09-21,2,1.4131,1.1273,2.7857
2024-09-21,3,0.6286,0.6286,2.0
2024-09-21,4,0.7314,0.5345,1.697
2024-09-21,5,0.7069,0.3504,1.3565
2024-09-21,6,0.8392,0.325,0.5142
2024-09-21,7,0.5101,0.0933,0.4168
2024-09-21,8,33.7941,23.4309,45.3632
2024-09-21,9,13.9455,7.8149,18.1306
2024-09-21,10,12.642,6.9068,16.7353
2024-09-21,11,24.3695,8.9751,15.3945
2024-09-21,12,2.8682,1.7442,3.624
2024-09-21,13,2.4515,1.4444,3.5071
2024-09-21,14,27.5761,13.5962,35.9799
2024-09-21,15,8.487,3.5805,4.9065
2024-09-21,16,11.3034,0.0,11.3034
2024-09-21,17,3.0076,3.0076,9.0
2024-09-21,18,7.4047,3.3034,4.1013
2024-09-21,19,5.5648,2.7681,7.2967
2024-09-21,20,2.4569,1.3921,4.5648
2024-09-21,21,4.2375,3.5339,10.7036
2024-09-21,22,5.6409,3.8069,7.3341
2024-09-21,23,1.6495,1.6495,5.5
2024-09-21,24,2.1416,1.5793,4.5623
2024-09-21,25,0.9016,0.361,0.5406
2024-09-21,26,0.2554,0.2554,1.0
2024-09-21,27,1142.6395,597.5089,1445.1306
2024-09-21,28,204.8989,135.3997,369.4992
2024-09-21,29,1416.9245,714.0657,702.8588000000001
2024-09-21,30,898.3955,704.063,194.33249999999998
2024-09-22,1,1.6194,1.2163,3.4031
2024-09-22,2,2.7857,1.2569,1.5289
2024-09-22,3,2.0,0.5916,1.4084
2024-09-22,4,1.697,0.6586,1.0384
2024-09-22,5,1.3565,0.3477,1.0088
2024-09-22,6,0.5142,0.4226,1.0916
2024-09-22,7,0.4168,0.0925,0.3243
2024-09-22,8,45.3632,17.6623,27.7009
2024-09-22,9,18.1306,6.9647,11.1659
2024-09-22,10,16.7353,4.1214,12.6139
2024-09-22,11,15.3945,14.7206,30.6739
2024-09-22,12,3.624,1.2736,2.3504
2024-09-22,13,3.5071,1.0076,2.4995
2024-09-22,14,35.9799,15.4831,20.4968
2024-09-22,15,4.9065,4.7264,11.1801
2024-09-22,16,11.3034,4.6248,6.6786
2024-09-22,17,9.0,4.0826,4.9174
2024-09-22,18,4.1013,2.9659,9.1354
2024-09-22,19,7.2967,2.37,4.9266
2024-09-22,20,4.5648,1.8121,2.7527
2024-09-22,21,10.7036,2.7666,7.937
2024-09-22,22,7.3341,1.5064,5.8277
2024-09-22,23,5.5,2.6864,2.8136
2024-09-22,24,4.5623,1.5983,2.964
2024-09-22,25,0.5406,0.3927,1.1479
2024-09-22,26,1.0,0.2355,0.7645
2024-09-22,27,1445.1306,583.2874,861.8432
2024-09-22,28,369.4992,156.8939,212.6053
2024-09-22,29,796.4221,594.9964,201.4257
2024-09-22,30,458.8577,589.4485,0.0
2024-09-23,1,3.4031,0.8126,2.5905
2024-09-23,2,1.5289,1.0698,2.4591
2024-09-23,3,1.4084,0.5738,0.8346
2024-09-23,4,1.0384,0.436,0.6024
2024-09-23,5,1.0088,0.3387,0.6701
2024-09-23,6,1.0916,0.0,1.0916
2024-09-23,7,0.3243,0.0694,0.2549
2024-09-23,8,27.7009,14.3531,36.3478
2024-09-23,9,11.1659,5.0733,6.0926
2024-09-23,10,12.6139,3.8474,8.7664
2024-09-23,11,30.6739,12.0776,18.5963
2024-09-23,12,2.3504,1.3931,2.9573
2024-09-23,13,2.4995,1.057,1.4425
2024-09-23,14,20.4968,13.7457,28.7511
2024-09-23,15,11.1801,3.8636,7.3165
2024-09-23,16,6.6786,4.3686,11.31
2024-09-23,17,4.9174,2.4097,7.5077
2024-09-23,18,9.1354,2.9724,6.163
2024-09-23,19,4.9266,2.3685,2.5581
2024-09-23,20,2.7527,1.1296,1.623
2024-09-23,21,7.937,2.1332,5.8039
2024-09-23,22,5.8277,1.563,4.2647
2024-09-23,23,2.8136,2.8136,4.5
2024-09-23,24,2.964,0.8289,2.1351
2024-09-23,25,1.1479,0.3847,0.7632
2024-09-23,26,0.7645,0.1769,0.5876
2024-09-23,27,861.8432,397.3029,464.5403
2024-09-23,28,212.6053,102.4208,310.1845
2024-09-23,29,1870.9404,525.8711,1345.0693
2024-09-23,30,1100.0,518.7617,581.2383
2024-09-24,1,2.5905,1.1537,1.4368
2024-09-24,2,2.4591,0.763,1.6961
2024-09-24,3,0.8346,0.5642,1.7705
2024-09-24,4,0.6024,0.4163,1.1861
2024-09-24,5,0.6701,0.1944,0.4757
2024-09-24,6,1.0916,0.2882,0.8034
2024-09-24,7,0.2549,0.1178,0.1372
2024-09-24,8,36.3478,13.7978,22.55
2024-09-24,9,6.0926,4.474,13.6186
2024-09-24,10,8.7664,4.3582,12.4082
2024-09-24,11,18.5963,11.1015,23.4948
2024-09-24,12,2.9573,0.9429,2.0144
2024-09-24,13,1.4425,1.2235,2.719
2024-09-24,14,28.7511,0.0,28.7511
2024-09-24,15,7.3165,2.9677,4.3488
2024-09-24,16,11.31,3.9573,7.3527
2024-09-24,17,7.5077,2.8648,4.6429
2024-09-24,18,6.163,2.9174,3.2456
2024-09-24,19,2.5581,2.5581,5.5
2024-09-24,20,1.623,1.1926,3.4304
2024-09-24,21,5.8039,2.8002,8.0036
2024-09-24,22,4.2647,1.2308,3.0339
2024-09-24,23,4.5,1.7829,2.7171
2024-09-24,24,2.1351,1.0052,4.1299
2024-09-24,25,0.7632,0.0,0.7632
2024-09-24,26,0.5876,0.3743,0.7132
2024-09-24,27,464.5403,421.9126,1142.6277
2024-09-24,28,310.1845,121.068,189.1166
2024-09-24,29,1243.6954,446.9016,796.7938000000001
2024-09-24,30,765.2202,448.7872,316.433
2024-09-25,1,1.4368,0.7152,0.7217
2024-09-25,2,1.6961,0.6628,1.0332
2024-09-25,3,1.7705,0.8425,0.9279
2024-09-25,4,1.1861,0.3993,0.7868
2024-09-25,5,0.4757,0.2489,0.2268
2024-09-25,6,0.8034,0.2989,0.5045
2024-09-25,7,0.1372,0.0654,0.0718
2024-09-25,8,22.55,12.9011,9.6488
2024-09-25,9,13.6186,4.0549,9.5637
2024-09-25,10,12.4082,6.2422,6.166
2024-09-25,11,23.4948,6.9111,16.5837
2024-09-25,12,2.0144,1.0628,0.9516
2024-09-25,13,2.719,0.961,1.758
2024-09-25,14,28.7511,11.1914,17.5597
2024-09-25,15,4.3488,3.3868,0.962
2024-09-25,16,7.3527,2.7269,4.6257
2024-09-25,17,4.6429,2.9337,1.7092
2024-09-25,18,3.2456,3.1839,0.0617
2024-09-25,19,5.5,1.4598,4.0402
2024-09-25,20,3.4304,1.3116,2.1188
2024-09-25,21,8.0036,3.0003,5.0033
2024-09-25,22,3.0339,2.2298,0.8041
2024-09-25,23,2.7171,0.9844,1.7327
2024-09-25,24,4.1299,1.6017,2.5282
2024-09-25,25,0.7632,0.195,0.5683
2024-09-25,26,0.7132,0.2914,0.4218
2024-09-25,27,1142.6277,444.6409,697.9868
2024-09-25,28,189.1166,113.4221,75.6944
2024-09-25,29,729.5327,527.3062,202.2265
2024-09-25,30,400.2784,524.7496,0.0
2024-09-26,1,0.7217,0.7217,2.5
2024-09-26,2,1.0332,0.8919,2.1413
2024-09-26,3,0.9279,0.6085,1.8195
2024-09-26,4,0.7868,0.5152,1.2716
2024-09-26,5,0.2268,0.2268,1.0
2024-09-26,6,0.5045,0.2586,1.2459
2024-09-26,7,0.0718,0.0718,0.5
2024-09-26,8,9.6488,9.6488,35.0
2024-09-26,9,9.5637,0.0,9.5637
2024-09-26,10,6.166,4.8583,13.3078
2024-09-26,11,16.5837,8.2121,24.3716
2024-09-26,12,0.9516,0.9516,3.0
2024-09-26,13,1.758,1.3421,2.9158
2024-09-26,14,17.5597,9.975,28.5847
2024-09-26,15,0.962,0.962,9.0
2024-09-26,16,4.6257,3.3365,11.2892
2024-09-26,17,1.7092,1.7092,7.0
2024-09-26,18,0.0617,0.0617,7.0
2024-09-26,19,4.0402,2.4261,5.6141
2024-09-26,20,2.1188,1.1777,3.4411
2024-09-26,21,5.0033,2.9275,9.0758
2024-09-26,22,0.8041,0.8041,5.5
2024-09-26,23,1.7327,1.573,4.1598
2024-09-26,24,2.5282,1.6257,3.9024
2024-09-26,25,0.5683,0.2464,0.3218
2024-09-26,26,0.4218,0.2709,0.6509
2024-09-26,27,697.9868,464.1908,1133.796
2024-09-26,28,75.6944,75.6944,300.0
2024-09-26,29,200.6407,523.9838,0.0
2024-09-26,30,37.579,526.961,0.0
2024-09-27,1,2.5,1.1326,1.3674
2024-09-27,2,2.1413,0.6856,1.4557
2024-09-27,3,1.8195,0.6878,1.1317
2024-09-27,4,1.2716,0.3647,0.9069
2024-09-27,5,1.0,0.2828,0.7172
2024-09-27,6,1.2459,0.3316,0.9143
2024-09-27,7,0.5,0.0678,0.4322
2024-09-27,8,35.0,13.1525,21.8475
2024-09-27,9,9.5637,5.7865,14.7772
2024-09-27,10,13.3078,4.8343,8.4734
2024-09-27,11,24.3716,8.7688,15.6028
2024-09-27,12,3.0,1.1013,1.8987
2024-09-27,13,2.9158,1.2323,1.6835
2024-09-27,14,28.5847,10.1725,18.4122
2024-09-27,15,9.0,3.3216,5.6784
2024-09-27,16,11.2892,4.7989,6.4903
2024-09-27,17,7.0,2.9742,4.0258
2024-09-27,18,7.0,2.7368,4.2632
2024-09-27,19,5.6141,2.3771,3.237
2024-09-27,20,3.4411,0.9778,2.4634
2024-09-27,21,9.0758,2.9715,6.1043
2024-09-27,22,5.5,1.4165,4.0835
2024-09-27,23,4.1598,1.2122,2.9476
2024-09-27,24,3.9024,1.3772,2.5252
2024-09-27,25,0.3218,0.2539,1.0679
2024-09-27,26,0.6509,0.2207,0.4302
2024-09-27,27,1133.796,417.4617,716.3342
2024-09-27,28,300.0,105.1383,194.8617
2024-09-27,29,1400.0,540.3502,859.6498
2024-09-27,30,900.0,534.6007,365.39930000000004
2024-09-28,1,1.3674,0.9214,3.446
2024-09-28,2,1.4557,1.3627,3.093
2024-09-28,3,1.1317,0.802,1.8297
2024-09-28,4,0.9069,0.4149,1.4919
2024-09-28,5,0.7172,0.3224,0.3948
2024-09-28,6,0.9143,0.3319,0.5824
2024-09-28,7,0.4322,0.0826,0.3496
2024-09-28,8,21.8475,15.0798,42.7676
2024-09-28,9,14.7772,7.8184,6.9588
2024-09-28,10,8.4734,4.9943,16.4792
2024-09-28,11,15.6028,12.0569,30.5459
2024-09-28,12,1.8987,1.0785,3.8202
2024-09-28,13,1.6835,1.6338,3.5497
2024-09-28,14,18.4122,13.4676,35.9446
2024-09-28,15,5.6784,5.0277,11.6507
2024-09-28,16,6.4903,6.3178,14.1725
2024-09-28,17,4.0258,3.2723,9.7535
2024-09-28,18,4.2632,3.7015,9.5618
2024-09-28,19,3.237,2.7996,6.9373
2024-09-28,20,2.4634,1.4052,4.5582
2024-09-28,21,6.1043,5.4071,10.6972
2024-09-28,22,4.0835,2.4465,7.137
2024-09-28,23,2.9476,1.2529,5.1948
2024-09-28,24,2.5252,1.8465,4.6787
2024-09-28,25,1.0679,0.1903,0.8777
2024-09-28,26,0.4302,0.2649,1.1653
2024-09-28,27,716.3342,589.3895,1476.9447
2024-09-28,28,194.8617,149.1285,395.7332
2024-09-28,29,801.1017,604.2523,196.84940000000006
2024-09-28,30,570.7139,601.1784,0.0
2024-09-29,1,3.446,1.4773,1.9687
2024-09-29,2,3.093,1.0518,2.0412
2024-09-29,3,1.8297,0.7166,1.1131
2024-09-29,4,1.4919,0.3084,1.1835
2024-09-29,5,0.3948,0.2453,1.1495
2024-09-29,6,0.5824,0.4326,1.1498
2024-09-29,7,0.3496,0.1218,0.2278
2024-09-29,8,42.7676,0.0,42.7676
2024-09-29,9,6.9588,6.9588,19.0
2024-09-29,10,16.4792,7.139,9.3402
2024-09-29,11,30.5459,12.5944,17.9515
2024-09-29,12,3.8202,2.0067,1.8135
2024-09-29,13,3.5497,1.4112,2.1385
2024-09-29,14,35.9446,11.0674,24.8772
2024-09-29,15,11.6507,4.7324,6.9184
2024-09-29,16,14.1725,6.2097,7.9628
2024-09-29,17,9.7535,3.5487,6.2048
2024-09-29,18,9.5618,3.8714,5.6904
2024-09-29,19,6.9373,2.6135,4.3238
2024-09-29,20,4.5582,1.9288,2.6294
2024-09-29,21,10.6972,4.2923,6.4049
2024-09-29,22,7.137,3.4035,3.7335
2024-09-29,23,5.1948,2.4977,2.697
2024-09-29,24,4.6787,1.1355,3.5433
2024-09-29,25,0.8777,0.3389,0.5388
2024-09-29,26,1.1653,0.2008,0.9645
2024-09-29,27,1476.9447,542.9781,933.9666
2024-09-29,28,395.7332,177.0621,218.6711
2024-09-29,29,1810.1837,659.1825,1151.0012000000002
2024-09-29,30,1123.3254,656.3602,466.9652
2024-09-30,1,1.9687,0.851,1.1178
2024-09-30,2,2.0412,1.1077,0.9334
2024-09-30,3,1.1131,0.5056,0.6075
2024-09-30,4,1.1835,0.3883,0.7952
2024-09-30,5,1.1495,0.2937,0.8558
2024-09-30,6,1.1498,0.3042,0.8457
2024-09-30,7,0.2278,0.0688,0.159
2024-09-30,8,42.7676,14.0718,28.6958
2024-09-30,9,19.0,6.2465,12.7535
2024-09-30,10,9.3402,0.0,9.3402
2024-09-30,11,17.9515,8.7936,24.1579
2024-09-30,12,1.8135,0.9245,2.889
2024-09-30,13,2.1385,0.8751,1.2634
2024-09-30,14,24.8772,11.4682,13.409
2024-09-30,15,6.9184,3.2623,3.6561
2024-09-30,16,7.9628,4.1884,10.7744
2024-09-30,17,6.2048,2.9012,3.3036
2024-09-30,18,5.6904,2.8692,2.8211
2024-09-30,19,4.3238,1.3443,2.9795
2024-09-30,20,2.6294,1.6792,3.4502
2024-09-30,21,6.4049,3.9407,8.4642
2024-09-30,22,3.7335,1.8482,5.8853
2024-09-30,23,2.697,2.629,4.5681
2024-09-30,24,3.5433,1.3002,2.243
2024-09-30,25,0.5388,0.2466,0.2922
2024-09-30,26,0.9645,0.1408,0.8237
2024-09-30,27,933.9666,394.5618,539.4048
2024-09-30,28,218.6711,110.1821,308.489
2024-09-30,29,1170.4608,485.1327,685.3281000000001
2024-09-30,30,777.8996,484.3292,293.57039999999995
2024-10-01,1,1.1178,0.8655,0.2522
2024-10-01,2,0.9334,0.7376,0.1958
2024-10-01,3,0.6075,0.4678,0.1397
2024-10-01,4,0.7952,0.3699,0.4252
2024-10-01,5,0.8558,0.2083,0.6476
2024-10-01,6,0.8457,0.2544,0.5913
2024-10-01,7,0.159,0.0837,0.0753
2024-10-01,8,28.6958,15.0167,13.6791
2024-10-01,9,12.7535,6.318,6.4355
2024-10-01,10,9.3402,3.3884,5.9518
2024-10-01,11,24.1579,6.4264,17.7314
2024-10-01,12,2.889,1.1592,1.7298
2024-10-01,13,1.2634,0.905,0.3584
2024-10-01,14,13.409,12.0557,1.3532
2024-10-01,15,3.6561,3.1622,0.4938
2024-10-01,16,10.7744,4.0271,6.7473
2024-10-01,17,3.3036,2.2962,1.0074
2024-10-01,18,2.8211,2.4299,0.3912
2024-10-01,19,2.9795,2.1203,0.8593
2024-10-01,20,3.4502,1.5558,1.8943
2024-10-01,21,8.4642,5.1164,3.3477
2024-10-01,22,5.8853,1.9917,3.8936
2024-10-01,23,4.5681,1.4349,3.1332
2024-10-01,24,2.243,1.4635,0.7795
2024-10-01,25,0.2922,0.2922,0.0
2024-10-01,26,0.8237,0.1837,0.64
2024-10-01,27,539.4048,446.5008,92.9039
2024-10-01,28,308.489,109.6378,198.8512
2024-10-01,29,630.2127,503.5492,126.66350000000006
2024-10-01,30,392.2064,500.479,0.0
2024-10-02,1,0.2522,0.2522,2.5
2024-10-02,2,0.1958,0.1958,2.5
2024-10-02,3,0.1397,0.1397,1.5
2024-10-02,4,0.4252,0.3946,1.5306
2024-10-02,5,0.6476,0.0,0.6476
2024-10-02,6,0.5913,0.2447,0.3466
2024-10-02,7,0.0753,0.0385,0.5368
2024-10-02,8,13.6791,11.9467,34.7324
2024-10-02,9,6.4355,6.3636,14.072
2024-10-02,10,5.9518,4.1723,12.7794
2024-10-02,11,17.7314,5.5231,12.2084
2024-10-02,12,1.7298,1.2266,3.0032
2024-10-02,13,0.3584,0.3584,2.5
2024-10-02,14,1.3532,1.3532,28.0
2024-10-02,15,0.4938,0.4938,9.0
2024-10-02,16,6.7473,3.4712,11.2761
2024-10-02,17,1.0074,1.0074,7.0
2024-10-02,18,0.3912,0.3912,7.0
2024-10-02,19,0.8593,0.8593,5.5
2024-10-02,20,1.8943,1.1602,3.7341
2024-10-02,21,3.3477,3.3477,9.0
2024-10-02,22,3.8936,2.295,5.5986
2024-10-02,23,3.1332,2.4265,4.2067
2024-10-02,24,0.7795,0.7795,4.0
2024-10-02,25,0.0,0.0,1.0
2024-10-02,26,0.64,0.1563,0.4837
2024-10-02,27,92.9039,92.9039,1150.0
2024-10-02,28,198.8512,101.456,297.3952
2024-10-02,29,144.2839,191.1329,0.0
2024-10-02,30,69.4256,189.2578,0.0
2024-10-03,1,2.5,0.6872,1.8128
2024-10-03,2,2.5,0.8221,1.6779
2024-10-03,3,1.5,0.4558,1.0442
2024-10-03,4,1.5306,0.4442,1.0864
2024-10-03,5,0.6476,0.2869,0.3606
2024-10-03,6,0.3466,0.2691,1.0775
2024-10-03,7,0.5368,0.0942,0.4426
2024-10-03,8,34.7324,13.6011,21.1313
2024-10-03,9,14.072,4.1931,9.8789
2024-10-03,10,12.7794,4.5317,8.2477
2024-10-03,11,12.2084,12.2084,24.0
2024-10-03,12,3.0032,1.3992,1.604
2024-10-03,13,2.5,1.001,1.499
2024-10-03,14,28.0,10.6059,17.3941
2024-10-03,15,9.0,0.0,9.0
2024-10-03,16,11.2761,4.6375,6.6385
2024-10-03,17,7.0,3.1382,3.8618
2024-10-03,18,7.0,3.0517,3.9483
2024-10-03,19,5.5,1.6759,3.8241
2024-10-03,20,3.7341,1.4809,2.2532
2024-10-03,21,9.0,2.2863,6.7137
2024-10-03,22,5.5986,1.3856,4.213
2024-10-03,23,4.2067,1.9148,2.2919
2024-10-03,24,4.0,1.0997,2.9003
2024-10-03,25,1.0,0.3833,0.6167
2024-10-03,26,0.4837,0.26,0.2237
2024-10-03,27,1150.0,380.2603,769.7397
2024-10-03,28,297.3952,90.4128,206.9824
2024-10-03,29,1400.0,451.3542,948.6458
2024-10-03,30,900.0,445.419,454.581
2024-10-04,1,1.8128,1.1955,2.6172
2024-10-04,2,1.6779,0.7035,0.9744
2024-10-04,3,1.0442,0.0,1.0442
2024-10-04,4,1.0864,0.4636,0.6229
2024-10-04,5,0.3606,0.2588,1.1018
2024-10-04,6,1.0775,0.2483,0.8292
2024-10-04,7,0.4426,0.0397,0.4028
2024-10-04,8,21.1313,16.5467,33.5846
2024-10-04,9,9.8789,4.4045,5.4744
2024-10-04,10,8.2477,6.2305,13.0172
2024-10-04,11,24.0,7.9055,16.0945
2024-10-04,12,1.604,0.9979,3.106
2024-10-04,13,1.499,0.8811,2.6179
2024-10-04,14,17.3941,11.9919,28.4022
2024-10-04,15,9.0,2.7597,6.2403
2024-10-04,16,6.6385,5.3447,11.2939
2024-10-04,17,3.8618,2.4029,7.4589
2024-10-04,18,3.9483,2.9032,7.0451
2024-10-04,19,3.8241,1.7408,5.5833
2024-10-04,20,2.2532,0.8468,1.4064
2024-10-04,21,6.7137,2.9019,3.8117
2024-10-04,22,4.213,1.5426,2.6704
2024-10-04,23,2.2919,1.2312,4.0607
2024-10-04,24,2.9003,1.7522,4.1481
2024-10-04,25,0.6167,0.3378,0.2789
2024-10-04,26,0.2237,0.1445,0.5792
2024-10-04,27,769.7397,421.7785,1147.9612
2024-10-04,28,206.9824,113.662,293.3204
2024-10-04,29,876.3304,490.4516,385.87880000000007
2024-10-04,30,575.5822,492.8971,82.68509999999992
2024-10-05,1,2.6172,1.3084,1.3088
2024-10-05,2,0.9744,0.9744,3.0
2024-10-05,3,1.0442,0.6436,1.9006
2024-10-05,4,0.6229,0.5077,1.6151
2024-10-05,5,1.1018,0.402,0.6998
2024-10-05,6,0.8292,0.4932,1.336
2024-10-05,7,0.4028,0.1154,0.2874
2024-10-05,8,33.5846,0.0,33.5846
2024-10-05,9,5.4744,5.4744,18.0
2024-10-05,10,13.0172,6.3318,6.6854
2024-10-05,11,16.0945,14.6178,31.4766
2024-10-05,12,3.106,1.5396,1.5665
2024-10-05,13,2.6179,0.9239,1.6941
2024-10-05,14,28.4022,13.7098,14.6924
2024-10-05,15,6.2403,5.283,10.9573
2024-10-05,16,11.2939,5.7999,5.4939
2024-10-05,17,7.4589,3.6378,3.8211
2024-10-05,18,7.0451,3.7676,9.2775
2024-10-05,19,5.5833,2.0143,3.569
2024-10-05,20,1.4064,1.3261,4.5804
2024-10-05,21,3.8117,2.7832,11.0285
2024-10-05,22,2.6704,2.6704,7.0
2024-10-05,23,4.0607,3.3094,5.7513
2024-10-05,24,4.1481,1.9801,2.168
2024-10-05,25,0.2789,0.2789,1.0
2024-10-05,26,0.5792,0.2879,0.2913
2024-10-05,27,1147.9612,504.2245,643.7366
2024-10-05,28,293.3204,151.4567,391.8637
2024-10-05,29,1443.6592,620.0352,823.624
2024-10-05,30,854.8538,622.1586,232.6952
2024-10-06,1,1.3088,1.2542,3.5546
2024-10-06,2,3.0,0.8549,2.1451
2024-10-06,3,1.9006,0.5491,1.3515
2024-10-06,4,1.6151,0.6289,0.9862
2024-10-06,5,0.6998,0.3429,0.3569
2024-10-06,6,1.336,0.5197,0.8163
2024-10-06,7,0.2874,0.0726,0.2148
2024-10-06,8,33.5846,17.2904,43.2942
2024-10-06,9,18.0,7.9658,10.0342
2024-10-06,10,6.6854,6.6854,17.0
2024-10-06,11,31.4766,10.4285,21.0482
2024-10-06,12,1.5665,1.5665,4.0
2024-10-06,13,1.6941,1.4198,3.2742
2024-10-06,14,14.6924,14.6924,36.0
2024-10-06,15,10.9573,4.1326,6.8246
2024-10-06,16,5.4939,5.4939,14.0
2024-10-06,17,3.8211,3.6972,9.1239
2024-10-06,18,9.2775,3.3721,5.9053
2024-10-06,19,3.569,3.1528,6.9162
2024-10-06,20,4.5804,2.0354,2.545
2024-10-06,21,11.0285,3.2914,7.7372
2024-10-06,22,7.0,3.9873,3.0127
2024-10-06,23,5.7513,2.2795,3.4719
2024-10-06,24,2.168,1.1878,4.9802
2024-10-06,25,1.0,0.2693,0.7307
2024-10-06,26,0.2913,0.2913,1.0
2024-10-06,27,643.7366,624.8506,1468.886
2024-10-06,28,391.8637,165.9245,225.9391
2024-10-06,29,812.9738,730.0777,82.89609999999993
2024-10-06,30,486.365,727.1981,0.0
2024-10-07,1,3.5546,1.1507,2.4039
2024-10-07,2,2.1451,0.8511,1.294
2024-10-07,3,1.3515,0.5362,0.8153
2024-10-07,4,0.9862,0.4211,0.565
2024-10-07,5,0.3569,0.2683,1.0886
2024-10-07,6,0.8163,0.3196,0.4966
2024-10-07,7,0.2148,0.0706,0.1442
2024-10-07,8,43.2942,13.5047,29.7895
2024-10-07,9,10.0342,4.4104,5.6238
2024-10-07,10,17.0,5.8224,11.1776
2024-10-07,11,21.0482,11.9799,24.0683
2024-10-07,12,4.0,0.6753,3.3247
2024-10-07,13,3.2742,0.958,2.3162
2024-10-07,14,36.0,12.4915,23.5085
2024-10-07,15,6.8246,3.5638,9.2608
2024-10-07,16,14.0,4.0896,9.9104
2024-10-07,17,9.1239,0.0,9.1239
2024-10-07,18,5.9053,3.6551,7.2502
2024-10-07,19,6.9162,1.9766,4.9396
2024-10-07,20,2.545,1.8768,3.6682
2024-10-07,21,7.7372,3.9235,3.8137
2024-10-07,22,3.0127,2.1749,5.8378
2024-10-07,23,3.4719,1.7861,1.6858
2024-10-07,24,4.9802,1.0814,3.8988
2024-10-07,25,0.7307,0.1493,0.5815
2024-10-07,26,1.0,0.17,0.83
2024-10-07,27,1468.886,456.6872,1012.1988
2024-10-07,28,225.9391,113.5335,112.4057
2024-10-07,29,1829.4129,539.2688,1290.1441
2024-10-07,30,1172.9669,536.1707,636.7961999999999
2024-10-08,1,2.4039,1.1532,1.2507
2024-10-08,2,1.294,0.7813,2.5128
2024-10-08,3,0.8153,0.4126,1.4027
2024-10-08,4,0.565,0.3901,1.1749
2024-10-08,5,1.0886,0.248,0.8406
2024-10-08,6,0.4966,0.3464,1.1502
2024-10-08,7,0.1442,0.0444,0.0998
2024-10-08,8,29.7895,10.0045,19.785
2024-10-08,9,5.6238,5.6238,14.0
2024-10-08,10,11.1776,5.8745,5.3031
2024-10-08,11,24.0683,7.0198,17.0485
2024-10-08,12,3.3247,0.8436,2.4811
2024-10-08,13,2.3162,1.0191,1.297
2024-10-08,14,23.5085,10.9765,12.532
2024-10-08,15,9.2608,4.293,4.9678
2024-10-08,16,9.9104,4.5237,5.3866
2024-10-08,17,9.1239,2.4236,6.7003
2024-10-08,18,7.2502,2.0983,5.1519
2024-10-08,19,4.9396,2.2142,2.7254
2024-10-08,20,3.6682,1.4507,2.2175
2024-10-08,21,3.8137,3.1506,8.6631
2024-10-08,22,5.8378,1.9069,3.931
2024-10-08,23,1.6858,1.6858,4.5
2024-10-08,24,3.8988,0.9434,2.9553
2024-10-08,25,0.5815,0.2258,0.3557
2024-10-08,26,0.83,0.1745,0.6556
2024-10-08,27,1012.1988,451.4451,560.7536
2024-10-08,28,112.4057,104.3501,308.0555
2024-10-08,29,1188.9888,531.9065,657.0823
2024-10-08,30,814.419,535.3969,279.0221
2024-10-09,1,1.2507,1.2507,0.0
2024-10-09,2,2.5128,0.9662,1.5466
2024-10-09,3,1.4027,0.4415,0.9611
2024-10-09,4,1.1749,0.3127,0.8622
2024-10-09,5,0.8406,0.2335,0.6071
2024-10-09,6,1.1502,0.2795,0.8707
2024-10-09,7,0.0998,0.0417,0.0581
2024-10-09,8,19.785,14.7757,5.0093
2024-10-09,9,14.0,7.3833,6.6167
2024-10-09,10,5.3031,5.0607,0.2425
2024-10-09,11,17.0485,7.8763,9.1722
2024-10-09,12,2.4811,1.0699,1.4113
2024-10-09,13,1.297,0.8578,0.4393
2024-10-09,14,12.532,12.532,0.0
2024-10-09,15,4.9678,2.9145,2.0534
2024-10-09,16,5.3866,5.0175,0.3692
2024-10-09,17,6.7003,3.3873,3.313
2024-10-09,18,5.1519,2.982,2.1699
2024-10-09,19,2.7254,1.9141,0.8114
2024-10-09,20,2.2175,1.2172,1.0003
2024-10-09,21,8.6631,3.3063,5.3568
2024-10-09,22,3.931,1.7544,2.1766
2024-10-09,23,4.5,1.6247,2.8753
2024-10-09,24,2.9553,1.1867,1.7686
2024-10-09,25,0.3557,0.0,0.3557
2024-10-09,26,0.6556,0.1685,0.487
2024-10-09,27,560.7536,420.7759,139.9777
2024-10-09,28,308.0555,111.587,196.4686
2024-10-09,29,611.7146,526.3432,85.3714
2024-10-09,30,483.6644,524.2303,0.0
2024-10-10,1,0.0,0.0,2.5
2024-10-10,2,1.5466,0.7959,2.2507
2024-10-10,3,0.9611,0.3751,0.586
2024-10-10,4,0.8622,0.3339,0.5283
2024-10-10,5,0.6071,0.2404,0.3667
2024-10-10,6,0.8707,0.2681,0.6026
2024-10-10,7,0.0581,0.0581,0.5
2024-10-10,8,5.0093,5.0093,32.0
2024-10-10,9,6.6167,5.4184,13.1983
2024-10-10,10,0.2425,0.2425,13.0
2024-10-10,11,9.1722,9.1722,23.0
2024-10-10,12,1.4113,0.9133,2.998
2024-10-10,13,0.4393,0.4393,2.5
2024-10-10,14,0.0,0.0,28.0
2024-10-10,15,2.0534,2.0534,9.0
2024-10-10,16,0.3692,0.3692,11.0
2024-10-10,17,3.313,2.8624,7.4505
2024-10-10,18,2.1699,2.1699,7.0
2024-10-10,19,0.8114,0.8114,5.5
2024-10-10,20,1.0003,1.0003,3.5
2024-10-10,21,5.3568,4.8631,8.4937
2024-10-10,22,2.1766,1.5672,5.1093
2024-10-10,23,2.8753,1.1899,1.6854
2024-10-10,24,1.7686,1.4861,3.2825
2024-10-10,25,0.3557,0.2321,1.1236
2024-10-10,26,0.487,0.2444,0.2427
2024-10-10,27,139.9777,139.9777,1150.0
2024-10-10,28,196.4686,136.6046,309.8639
2024-10-10,29,8.2718,256.3821,0.0
2024-10-10,30,128.6315,260.6234,0.0
2024-10-11,1,2.5,0.8552,1.6448
2024-10-11,2,2.2507,0.8395,1.4112
2024-10-11,3,0.586,0.586,1.5
2024-10-11,4,0.5283,0.4335,1.0948
2024-10-11,5,0.3667,0.2748,1.0918
2024-10-11,6,0.6026,0.3004,1.3022
2024-10-11,7,0.5,0.0,0.5
2024-10-11,8,32.0,13.1895,18.8105
2024-10-11,9,13.1983,4.257,8.9413
2024-10-11,10,13.0,5.0552,7.9448
2024-10-11,11,23.0,8.1018,14.8982
2024-10-11,12,2.998,0.8298,2.1681
2024-10-11,13,2.5,1.1434,1.3566
2024-10-11,14,28.0,9.3635,18.6365
2024-10-11,15,9.0,3.2597,5.7403
2024-10-11,16,11.0,3.4219,7.5781
2024-10-11,17,7.4505,2.7514,4.6991
2024-10-11,18,7.0,2.3928,4.6072
2024-10-11,19,5.5,2.2822,3.2178
2024-10-11,20,3.5,0.9259,2.5741
2024-10-11,21,8.4937,4.2334,4.2603
2024-10-11,22,5.1093,2.9715,6.1378
2024-10-11,23,1.6854,1.4008,4.2846
2024-10-11,24,3.2825,2.9852,4.2973
2024-10-11,25,1.1236,0.3356,0.788
2024-10-11,26,0.2427,0.169,0.5736
2024-10-11,27,1150.0,416.9087,733.0913
2024-10-11,28,309.8639,96.086,213.778
2024-10-11,29,1400.0,511.5378,888.4621999999999
2024-10-11,30,900.0,509.9085,390.0915
2024-10-12,1,1.6448,1.4195,3.2253
2024-10-12,2,1.4112,0.9814,2.9298
2024-10-12,3,1.5,0.4639,1.0361
2024-10-12,4,1.0948,0.4524,0.6424
2024-10-12,5,1.0918,0.3098,0.782
2024-10-12,6,1.3022,0.3178,0.9844
2024-10-12,7,0.5,0.0833,0.4167
2024-10-12,8,18.8105,16.7648,41.0458
2024-10-12,9,8.9413,7.2273,16.714
2024-10-12,10,7.9448,6.7742,16.1706
2024-10-12,11,14.8982,11.5098,29.3884
2024-10-12,12,2.1681,0.0,2.1681
2024-10-12,13,1.3566,1.3555,3.5012
2024-10-12,14,18.6365,14.2515,36.385
2024-10-12,15,5.7403,4.0633,11.677
2024-10-12,16,7.5781,5.0862,13.4919
2024-10-12,17,4.6991,2.8928,9.8063
2024-10-12,18,4.6072,4.6072,9.0
2024-10-12,19,3.2178,2.0426,6.6752
2024-10-12,20,2.5741,1.3833,4.1908
2024-10-12,21,4.2603,2.5844,9.6759
2024-10-12,22,6.1378,1.9433,4.1945
2024-10-12,23,4.2846,2.0328,2.2519
2024-10-12,24,4.2973,1.1786,3.1187
2024-10-12,25,0.788,0.4501,1.3379
2024-10-12,26,0.5736,0.5736,1.0
2024-10-12,27,733.0913,547.0123,1486.079
2024-10-12,28,213.778,128.4897,385.2883
2024-10-12,29,766.9439,535.386,231.55790000000002
2024-10-12,30,555.8602,539.1386,16.721599999999967
2024-10-13,1,3.2253,1.3746,1.8506
2024-10-13,2,2.9298,0.94,1.9898
2024-10-13,3,1.0361,0.7858,1.7503
2024-10-13,4,0.6424,0.4861,1.6563
2024-10-13,5,0.782,0.3812,0.4008
2024-10-13,6,0.9844,0.3747,0.6096
2024-10-13,7,0.4167,0.0701,0.3467
2024-10-13,8,41.0458,14.9469,26.0988
2024-10-13,9,16.714,7.4724,9.2417
2024-10-13,10,16.1706,5.8104,10.3602
2024-10-13,11,29.3884,13.1564,16.232
2024-10-13,12,2.1681,1.5765,3.5916
2024-10-13,13,3.5012,1.3904,2.1107
2024-10-13,14,36.385,13.1095,23.2755
2024-10-13,15,11.677,4.0035,7.6735
2024-10-13,16,13.4919,5.771,7.7208
2024-10-13,17,9.8063,2.9476,6.8587
2024-10-13,18,9.0,3.8213,5.1787
2024-10-13,19,6.6752,3.4385,3.2366
2024-10-13,20,4.1908,1.5721,2.6187
2024-10-13,21,9.6759,5.5412,4.1347
2024-10-13,22,4.1945,2.7572,6.9373
2024-10-13,23,2.2519,2.2519,5.5
2024-10-13,24,3.1187,1.5978,4.5209
2024-10-13,25,1.3379,0.2818,1.0561
2024-10-13,26,1.0,0.2914,0.7086
2024-10-13,27,1486.079,547.4595,938.6195
2024-10-13,28,385.2883,155.0931,230.1952
2024-10-13,29,1867.0841,638.748,1228.3361
2024-10-13,30,1182.9005,639.4296,543.4708999999999
2024-10-14,1,1.8506,1.0565,2.7941
2024-10-14,2,1.9898,0.8082,1.1816
2024-10-14,3,1.7503,0.4629,1.2874
2024-10-14,4,1.6563,0.4296,1.2267
2024-10-14,5,0.4008,0.2357,1.1651
2024-10-14,6,0.6096,0.2632,0.3464
2024-10-14,7,0.3467,0.078,0.2687
2024-10-14,8,26.0988,0.0,26.0988
2024-10-14,9,9.2417,4.8417,14.4
2024-10-14,10,10.3602,3.7727,6.5875
2024-10-14,11,16.232,10.0491,24.1829
2024-10-14,12,3.5916,1.1795,2.4122
2024-10-14,13,2.1107,0.9148,1.196
2024-10-14,14,23.2755,13.4973,27.7782
2024-10-14,15,7.6735,3.5416,4.1319
2024-10-14,16,7.7208,4.0053,10.7155
2024-10-14,17,6.8587,2.5787,4.28
2024-10-14,18,5.1787,3.1544,7.0243
2024-10-14,19,3.2366,1.8396,5.897
2024-10-14,20,2.6187,0.0,2.6187
2024-10-14,21,4.1347,2.4117,8.723
2024-10-14,22,6.9373,2.2468,4.6905
2024-10-14,23,5.5,2.1458,3.3542
2024-10-14,24,4.5209,1.2447,3.2762
2024-10-14,25,1.0561,0.2109,0.8452
2024-10-14,26,0.7086,0.1861,0.5225
2024-10-14,27,938.6195,547.8935,1140.726
2024-10-14,28,230.1952,103.4882,126.707
2024-10-14,29,1177.9344,589.7993,588.1351000000001
2024-10-14,30,738.8523,583.9572,154.89510000000007
2024-10-15,1,2.7941,0.0,2.7941
2024-10-15,2,1.1816,0.6826,2.499
2024-10-15,3,1.2874,0.4988,0.7886
2024-10-15,4,1.2267,0.4268,0.7999
2024-10-15,5,1.1651,0.3146,0.8505
2024-10-15,6,0.3464,0.29,1.0565
2024-10-15,7,0.2687,0.0416,0.2271
2024-10-15,8,26.0988,10.9031,15.1958
2024-10-15,9,14.4,5.8065,8.5934
2024-10-15,10,6.5875,4.4486,13.1389
2024-10-15,11,24.1829,9.4231,14.7597
2024-10-15,12,2.4122,0.9823,1.4299
2024-10-15,13,1.196,0.897,2.799
2024-10-15,14,27.7782,9.7159,18.0624
2024-10-15,15,4.1319,3.1133,9.0186
2024-10-15,16,10.7155,3.3975,7.3181
2024-10-15,17,4.28,2.8301,7.4499
2024-10-15,18,7.0243,3.3789,3.6454
2024-10-15,19,5.897,1.985,3.912
2024-10-15,20,2.6187,1.6477,3.471
2024-10-15,21,8.723,4.5158,4.2071
2024-10-15,22,4.6905,1.9875,2.703
2024-10-15,23,3.3542,2.31,4.0442
2024-10-15,24,3.2762,0.9752,2.301
2024-10-15,25,0.8452,0.0,0.8452
2024-10-15,26,0.5225,0.1634,0.3591
2024-10-15,27,1140.726,436.4262,704.2998
2024-10-15,28,126.707,111.5297,315.1773
2024-10-15,29,562.1536,503.8943,58.259299999999996
2024-10-15,30,403.8123,502.6772,0.0
2024-10-16,1,2.7941,0.7407,2.0534
2024-10-16,2,2.499,0.6821,1.817
2024-10-16,3,0.7886,0.4879,1.8006
2024-10-16,4,0.7999,0.4078,1.392
2024-10-16,5,0.8505,0.3214,0.5292
2024-10-16,6,1.0565,0.4311,0.6254
2024-10-16,7,0.2271,0.0457,0.1813
2024-10-16,8,15.1958,11.6297,32.5661
2024-10-16,9,8.5934,4.7678,13.8257
2024-10-16,10,13.1389,6.1048,7.0341
2024-10-16,11,14.7597,10.2233,23.5364
2024-10-16,12,1.4299,1.0543,2.8756
2024-10-16,13,2.799,0.9997,1.7993
2024-10-16,14,18.0624,8.4771,27.5853
2024-10-16,15,9.0186,3.1313,5.8873
2024-10-16,16,7.3181,4.178,11.1401
2024-10-16,17,7.4499,2.5164,4.9335
2024-10-16,18,3.6454,2.4239,7.2215
2024-10-16,19,3.912,1.977,5.435
2024-10-16,20,3.471,1.5227,1.9483
2024-10-16,21,4.2071,3.1654,8.0417
2024-10-16,22,2.703,1.1154,5.5876
2024-10-16,23,4.0442,2.2052,1.839
2024-10-16,24,2.301,1.2437,4.0573
2024-10-16,25,0.8452,0.1387,0.7065
2024-10-16,26,0.3591,0.1882,0.6709
2024-10-16,27,704.2998,358.8148,1145.485
2024-10-16,28,315.1773,115.2382,199.9391
2024-10-16,29,1434.2766,417.9586,1016.318
2024-10-16,30,876.4222,419.1869,457.2353
2024-10-17,1,2.0534,0.0,2.0534
2024-10-17,2,1.817,0.9972,0.8198
2024-10-17,3,1.8006,0.5553,1.2453
2024-10-17,4,1.392,0.3555,1.0365
2024-10-17,5,0.5292,0.2845,0.7447
2024-10-17,6,0.6254,0.3626,1.2628
2024-10-17,7,0.1813,0.056,0.1253
2024-10-17,8,32.5661,14.0138,18.5523
2024-10-17,9,13.8257,5.0618,8.7638
2024-10-17,10,7.0341,4.2715,12.7626
2024-10-17,11,23.5364,9.1764,14.36
2024-10-17,12,2.8756,0.8915,1.9841
2024-10-17,13,1.7993,1.0468,2.7525
2024-10-17,14,27.5853,9.9408,17.6445
2024-10-17,15,5.8873,3.7174,9.1699
2024-10-17,16,11.1401,4.212,6.928
2024-10-17,17,4.9335,3.1082,7.8253
2024-10-17,18,7.2215,2.6225,4.599
2024-10-17,19,5.435,1.858,3.577
2024-10-17,20,1.9483,1.498,3.4503
2024-10-17,21,8.0417,2.7249,5.3168
2024-10-17,22,5.5876,1.9025,3.6852
2024-10-17,23,1.839,1.4403,4.3987
2024-10-17,24,4.0573,0.6229,3.4344
2024-10-17,25,0.7065,0.1539,0.5526
2024-10-17,26,0.6709,0.3395,0.3314
2024-10-17,27,1145.485,460.9145,684.5705
2024-10-17,28,199.9391,120.3763,279.5627
2024-10-17,29,905.6769,515.994,389.6829
2024-10-17,30,548.8918,516.5388,32.35299999999995
2024-10-18,1,2.0534,0.9263,1.1271
2024-10-18,2,0.8198,0.8198,2.5
2024-10-18,3,1.2453,0.4178,0.8275
2024-10-18,4,1.0365,0.3533,0.6832
2024-10-18,5,0.7447,0.2404,0.5043
2024-10-18,6,1.2628,0.3945,0.8683
2024-10-18,7,0.1253,0.0805,0.5448
2024-10-18,8,18.5523,16.776,32.7764
2024-10-18,9,8.7638,5.5562,13.2076
2024-10-18,10,12.7626,0.0,12.7626
2024-10-18,11,14.36,6.8097,23.5503
2024-10-18,12,1.9841,1.1797,2.8044
2024-10-18,13,2.7525,1.155,1.5975
2024-10-18,14,17.6445,10.7787,27.8657
2024-10-18,15,9.1699,2.8183,6.3516
2024-10-18,16,6.928,4.6556,11.2724
2024-10-18,17,7.8253,2.9696,4.8557
2024-10-18,18,4.599,2.4779,7.1211
2024-10-18,19,3.577,1.7308,5.3462
2024-10-18,20,3.4503,0.0,3.4503
2024-10-18,21,5.3168,3.053,8.2638
2024-10-18,22,3.6852,1.2114,2.4738
2024-10-18,23,4.3987,1.6533,2.7454
2024-10-18,24,3.4344,1.5328,1.9016
2024-10-18,25,0.5526,0.308,0.7446
2024-10-18,26,0.3314,0.3122,1.0193
2024-10-18,27,684.5705,454.1093,1130.4612
2024-10-18,28,279.5627,116.551,163.0118
2024-10-18,29,1440.2631,497.575,942.6880999999998
2024-10-18,30,907.9575,503.2582,404.6993
2024-10-19,1,1.1271,1.1271,3.5
2024-10-19,2,2.5,1.2051,1.2949
2024-10-19,3,0.8275,0.7731,2.0544
2024-10-19,4,0.6832,0.4529,1.7303
2024-10-19,5,0.5043,0.3318,1.1725
2024-10-19,6,0.8683,0.3277,0.5406
2024-10-19,7,0.5448,0.0942,0.4506
2024-10-19,8,32.7764,16.343,42.4333
2024-10-19,9,13.2076,5.4995,7.7081
2024-10-19,10,12.7626,6.7907,15.972
2024-10-19,11,23.5503,9.5921,13.9582
2024-10-19,12,2.8044,1.4802,3.8243
2024-10-19,13,1.5975,1.1383,3.4592
2024-10-19,14,27.8657,13.0417,14.8241
2024-10-19,15,6.3516,3.5673,10.7843
2024-10-19,16,11.2724,4.0092,7.2632
2024-10-19,17,4.8557,3.415,9.4407
2024-10-19,18,7.1211,4.106,9.0151
2024-10-19,19,5.3462,2.406,2.9402
2024-10-19,20,3.4503,1.8949,4.5554
2024-10-19,21,8.2638,3.729,4.5348
2024-10-19,22,2.4738,2.4738,7.0
2024-10-19,23,2.7454,1.7307,5.5147
2024-10-19,24,1.9016,1.9016,5.0
2024-10-19,25,0.7446,0.3638,0.3807
2024-10-19,26,1.0193,0.2678,0.7515
2024-10-19,27,1130.4612,509.9549,620.5062
2024-10-19,28,163.0118,154.409,408.6028
2024-10-19,29,855.4667,549.7709,305.69579999999996
2024-10-19,30,648.2167,543.4645,104.7521999999999
2024-10-20,1,3.5,1.4692,2.0308
2024-10-20,2,1.2949,1.2949,3.0
2024-10-20,3,2.0544,0.67,1.3844
2024-10-20,4,1.7303,0.5648,1.1655
2024-10-20,5,1.1725,0.3268,0.8456
2024-10-20,6,0.5406,0.5228,1.5178
2024-10-20,7,0.4506,0.0667,0.3839
2024-10-20,8,42.4333,13.2489,29.1844
2024-10-20,9,7.7081,6.1375,18.5706
2024-10-20,10,15.972,8.9063,7.0657
2024-10-20,11,13.9582,0.0,13.9582
2024-10-20,12,3.8243,1.3512,2.4731
2024-10-20,13,3.4592,0.8952,2.564
2024-10-20,14,14.8241,12.019,36.805
2024-10-20,15,10.7843,4.6265,6.1578
2024-10-20,16,7.2632,6.2641,13.9992
2024-10-20,17,9.4407,2.9165,6.5242
2024-10-20,18,9.0151,3.4504,5.5647
2024-10-20,19,2.9402,2.9402,7.5
2024-10-20,20,4.5554,1.2934,3.2619
2024-10-20,21,4.5348,3.2422,11.2926
2024-10-20,22,7.0,3.0112,3.9888
2024-10-20,23,5.5147,2.0806,3.4341
2024-10-20,24,5.0,1.2401,3.7599
2024-10-20,25,0.3807,0.1938,1.1869
2024-10-20,26,0.7515,0.1398,0.6117
2024-10-20,27,620.5062,581.0391,1489.4671
2024-10-20,28,408.6028,122.4369,286.1659
2024-10-20,29,1821.3379,657.4936,1163.8443
2024-10-20,30,1138.2594,657.8774,480.38199999999995
2024-10-21,1,2.0308,1.0304,1.0004
2024-10-21,2,3.0,0.842,2.158
2024-10-21,3,1.3844,0.4899,0.8945
2024-10-21,4,1.1655,0.5392,0.6263
2024-10-21,5,0.8456,0.2601,0.5856
2024-10-21,6,1.5178,0.2827,1.2351
2024-10-21,7,0.3839,0.0828,0.3012
2024-10-21,8,29.1844,11.9896,17.1948
2024-10-21,9,18.5706,7.3651,11.2055
2024-10-21,10,7.0657,5.4966,12.569
2024-10-21,11,13.9582,8.4207,23.5375
2024-10-21,12,2.4731,1.4504,3.0227
2024-10-21,13,2.564,0.8831,1.6809
2024-10-21,14,36.805,11.9658,24.8392
2024-10-21,15,6.1578,2.6961,3.4617
2024-10-21,16,13.9992,3.6597,10.3394
2024-10-21,17,6.5242,3.2907,3.2335
2024-10-21,18,5.5647,2.352,3.2128
2024-10-21,19,7.5,2.3424,5.1576
2024-10-21,20,3.2619,2.0838,3.6781
2024-10-21,21,11.2926,3.3804,7.9122
2024-10-21,22,3.9888,1.9309,5.5579
2024-10-21,23,3.4341,1.7252,1.709
2024-10-21,24,3.7599,2.3646,1.3953
2024-10-21,25,1.1869,0.3157,0.8712
2024-10-21,26,0.6117,0.2048,0.4069
2024-10-21,27,1489.4671,537.4797,951.9874
2024-10-21,28,286.1659,104.9005,181.2654
2024-10-21,29,1028.0232,581.5416,446.48160000000007
2024-10-21,30,733.0274,583.4357,149.59169999999995
2024-10-22,1,1.0004,0.8094,0.191
2024-10-22,2,2.158,0.8854,1.2727
2024-10-22,3,0.8945,0.4617,0.4328
2024-10-22,4,0.6263,0.3701,0.2561
2024-10-22,5,0.5856,0.2888,0.2968
2024-10-22,6,1.2351,0.3418,0.8933
2024-10-22,7,0.3012,0.0523,0.2488
2024-10-22,8,17.1948,9.6945,7.5003
2024-10-22,9,11.2055,5.0392,6.1663
2024-10-22,10,12.569,5.0791,7.49
2024-10-22,11,23.5375,8.0225,15.5151
2024-10-22,12,3.0227,1.2049,1.8179
2024-10-22,13,1.6809,0.9694,0.7115
2024-10-22,14,24.8392,10.009,14.8302
2024-10-22,15,3.4617,3.461,0.0007
2024-10-22,16,10.3394,3.3867,6.9527
2024-10-22,17,3.2335,3.2335,0.0
2024-10-22,18,3.2128,2.9807,0.2321
2024-10-22,19,5.1576,1.5921,3.5655
2024-10-22,20,3.6781,1.0602,2.6179
2024-10-22,21,7.9122,2.849,5.0632
2024-10-22,22,5.5579,1.1508,4.4071
2024-10-22,23,1.709,1.5204,0.1886
2024-10-22,24,1.3953,1.188,0.2073
2024-10-22,25,0.8712,0.1867,0.6845
2024-10-22,26,0.4069,0.0,0.4069
2024-10-22,27,951.9874,484.8132,467.1742
2024-10-22,28,181.2654,110.4521,70.8132
2024-10-22,29,1465.4898,512.5306,952.9592
2024-10-22,30,422.5648,510.824,0.0
2024-10-23,1,0.191,0.191,2.5
2024-10-23,2,1.2727,0.7857,2.487
2024-10-23,3,0.4328,0.4328,1.5
2024-10-23,4,0.2561,0.2561,1.5
2024-10-23,5,0.2968,0.2129,1.0838
2024-10-23,6,0.8933,0.284,0.6093
2024-10-23,7,0.2488,0.0647,0.1842
2024-10-23,8,7.5003,7.5003,34.0
2024-10-23,9,6.1663,0.0,6.1663
2024-10-23,10,7.49,5.3833,13.1066
2024-10-23,11,15.5151,11.4669,24.0481
2024-10-23,12,1.8179,1.1177,3.2002
2024-10-23,13,0.7115,0.7115,2.5
2024-10-23,14,14.8302,11.4114,28.4187
2024-10-23,15,0.0007,0.0007,9.0
2024-10-23,16,6.9527,3.7983,11.1544
2024-10-23,17,0.0,0.0,7.0
2024-10-23,18,0.2321,0.2321,7.0
2024-10-23,19,3.5655,3.0654,5.5001
2024-10-23,20,2.6179,1.0778,1.5401
2024-10-23,21,5.0632,3.8645,8.1986
2024-10-23,22,4.4071,1.9903,2.4168
2024-10-23,23,0.1886,0.1886,4.5
2024-10-23,24,0.2073,0.2073,4.0
2024-10-23,25,0.6845,0.3971,0.2874
2024-10-23,26,0.4069,0.1718,0.2351
2024-10-23,27,467.1742,467.1742,1150.0
2024-10-23,28,70.8132,70.8132,300.0
2024-10-23,29,916.0134,540.8925,375.1209
2024-10-23,30,122.7059,540.3443,0.0
2024-10-24,1,2.5,1.0743,1.4257
2024-10-24,2,2.487,0.9439,1.5431
2024-10-24,3,1.5,0.6902,0.8098
2024-10-24,4,1.5,0.3535,1.1465
2024-10-24,5,1.0838,0.3228,0.7611
2024-10-24,6,0.6093,0.3392,1.2701
2024-10-24,7,0.1842,0.0664,0.1177
2024-10-24,8,34.0,11.2766,22.7234
2024-10-24,9,6.1663,5.2178,13.9485
2024-10-24,10,13.1066,5.7411,7.3656
2024-10-24,11,24.0481,9.5371,14.511
2024-10-24,12,3.2002,1.0872,2.1129
2024-10-24,13,2.5,0.9527,1.5473
2024-10-24,14,28.4187,10.8299,17.5889
2024-10-24,15,9.0,3.4309,5.5691
2024-10-24,16,11.1544,4.2001,6.9543
2024-10-24,17,7.0,2.628,4.372
2024-10-24,18,7.0,2.611,4.389
2024-10-24,19,5.5001,1.9008,3.5993
2024-10-24,20,1.5401,1.1121,3.428
2024-10-24,21,8.1986,0.0,8.1986
2024-10-24,22,2.4168,1.9171,5.4997
2024-10-24,23,4.5,1.1583,3.3417
2024-10-24,24,4.0,0.9088,3.0912
2024-10-24,25,0.2874,0.2874,1.0
2024-10-24,26,0.2351,0.2328,1.0023
2024-10-24,27,1150.0,422.3878,727.6122
2024-10-24,28,300.0,101.2237,198.7763
2024-10-24,29,1464.7705,445.3005,1019.47
2024-10-24,30,900.0,446.0288,453.9712
2024-10-25,1,1.4257,1.1492,2.7765
2024-10-25,2,1.5431,0.663,0.8801
2024-10-25,3,0.8098,0.6607,1.6491
2024-10-25,4,1.1465,0.4042,0.7423
2024-10-25,5,0.7611,0.3752,0.3859
2024-10-25,6,1.2701,0.543,0.7272
2024-10-25,7,0.1177,0.0565,0.5612
2024-10-25,8,22.7234,12.2913,33.4321
2024-10-25,9,13.9485,6.4247,7.5238
2024-10-25,10,7.3656,4.3425,13.0231
2024-10-25,11,14.511,8.7087,23.8024
2024-10-25,12,2.1129,1.0995,3.0134
2024-10-25,13,1.5473,0.8946,2.6526
2024-10-25,14,17.5889,13.3277,28.2611
2024-10-25,15,5.5691,3.5094,9.0597
2024-10-25,16,6.9543,3.9027,11.0516
2024-10-25,17,4.372,3.1341,7.2379
2024-10-25,18,4.389,2.9194,7.4696
2024-10-25,19,3.5993,2.6408,5.4585
2024-10-25,20,3.428,1.2171,2.2109
2024-10-25,21,8.1986,4.9215,3.2771
2024-10-25,22,5.4997,1.7483,3.7514
2024-10-25,23,3.3417,1.1064,2.2353
2024-10-25,24,3.0912,1.7654,4.3258
2024-10-25,25,1.0,0.1264,0.8736
2024-10-25,26,1.0023,0.1899,0.8124
2024-10-25,27,727.6122,399.6223,1127.99
2024-10-25,28,198.7763,129.0578,319.7186
2024-10-25,29,805.9943,488.8468,317.1475
2024-10-25,30,581.7324,488.2959,93.43649999999997
2024-10-26,1,2.7765,1.4008,1.3757
2024-10-26,2,0.8801,0.8801,3.0
2024-10-26,3,1.6491,0.8793,0.7698
2024-10-26,4,0.7423,0.5721,1.6702
2024-10-26,5,0.3859,0.3859,1.0
2024-10-26,6,0.7272,0.3772,1.35
2024-10-26,7,0.5612,0.0701,0.4912
2024-10-26,8,33.4321,17.5851,43.847
2024-10-26,9,7.5238,7.5238,18.0
2024-10-26,10,13.0231,5.3083,7.7147
2024-10-26,11,23.8024,10.2272,13.5752
2024-10-26,12,3.0134,1.9198,3.5936
2024-10-26,13,2.6526,1.06,1.5927
2024-10-26,14,28.2611,12.9674,15.2937
2024-10-26,15,9.0597,4.6194,4.4403
2024-10-26,16,11.0516,5.1166,5.935
2024-10-26,17,7.2379,3.4946,3.7433
2024-10-26,18,7.4696,3.6141,3.8556
2024-10-26,19,5.4585,2.0058,3.4526
2024-10-26,20,2.2109,1.2158,4.4951
2024-10-26,21,3.2771,3.2771,11.0
2024-10-26,22,3.7514,2.2981,6.9533
2024-10-26,23,2.2353,2.2353,5.5
2024-10-26,24,4.3258,1.7328,2.593
2024-10-26,25,0.8736,0.2838,0.5898
2024-10-26,26,0.8124,0.4761,0.3362
2024-10-26,27,1127.99,553.1572,1474.8327
2024-10-26,28,319.7186,138.0705,181.6481
2024-10-26,29,1415.8086,625.2369,790.5717000000001
2024-10-26,30,918.3452,630.1634,288.18179999999995
2024-10-27,1,1.3757,0.0,1.3757
2024-10-27,2,3.0,1.0045,1.9955
2024-10-27,3,0.7698,0.5456,1.7242
2024-10-27,4,1.6702,0.619,1.0512
2024-10-27,5,1.0,0.5567,0.4433
2024-10-27,6,1.35,0.3269,1.0231
2024-10-27,7,0.4912,0.0978,0.3933
2024-10-27,8,43.847,15.3594,28.4876
2024-10-27,9,18.0,7.8063,10.1937
2024-10-27,10,7.7147,0.0,7.7147
2024-10-27,11,13.5752,13.5752,29.0
2024-10-27,12,3.5936,1.4322,2.1614
2024-10-27,13,1.5927,1.1106,3.4821
2024-10-27,14,15.2937,0.0,15.2937
2024-10-27,15,4.4403,3.9794,11.4609
2024-10-27,16,5.935,4.9872,13.9478
2024-10-27,17,3.7433,3.5509,9.1924
2024-10-27,18,3.8556,3.3668,9.4887
2024-10-27,19,3.4526,2.9768,6.9758
2024-10-27,20,4.4951,1.4618,3.0333
2024-10-27,21,11.0,5.08,5.92
2024-10-27,22,6.9533,3.3111,3.6421
2024-10-27,23,5.5,2.5349,2.9651
2024-10-27,24,2.593,1.4431,4.1499
2024-10-27,25,0.5898,0.3203,1.2695
2024-10-27,26,0.3362,0.3362,1.0
2024-10-27,27,1474.8327,565.6443,909.1884
2024-10-27,28,181.6481,138.5243,393.1237
2024-10-27,29,780.2634,588.6224,191.64100000000008
2024-10-27,30,508.9693,595.8922,0.0
2024-10-28,1,1.3757,0.6445,2.7312
2024-10-28,2,1.9955,0.6555,1.34
2024-10-28,3,1.7242,0.6645,1.0597
2024-10-28,4,1.0512,0.449,0.6022
2024-10-28,5,0.4433,0.2919,1.1514
2024-10-28,6,1.0231,0.2997,0.7234
2024-10-28,7,0.3933,0.0903,0.303
2024-10-28,8,28.4876,12.0881,16.3995
2024-10-28,9,10.1937,5.7916,13.4021
2024-10-28,10,7.7147,4.3448,12.3699
2024-10-28,11,29.0,5.9178,23.0822
2024-10-28,12,2.1614,0.9146,1.2467
2024-10-28,13,3.4821,0.9176,2.5645
2024-10-28,14,15.2937,12.3111,27.9826
2024-10-28,15,11.4609,0.0,11.4609
2024-10-28,16,13.9478,4.1563,9.7915
2024-10-28,17,9.1924,2.5881,6.6043
2024-10-28,18,9.4887,2.5804,6.9083
2024-10-28,19,6.9758,1.5461,5.4297
2024-10-28,20,3.0333,1.4401,1.5932
2024-10-28,21,5.92,3.6051,8.3149
2024-10-28,22,3.6421,2.3806,5.2616
2024-10-28,23,2.9651,2.0753,3.8898
2024-10-28,24,4.1499,1.5664,2.5835
2024-10-28,25,1.2695,0.2721,0.9974
2024-10-28,26,1.0,0.1008,0.8992
2024-10-28,27,909.1884,503.6554,1155.533
2024-10-28,28,393.1237,99.1764,293.9474
2024-10-28,29,1839.9525,514.3109,1325.6416000000002
2024-10-28,30,1140.7515,518.4791,622.2724000000001
2024-10-29,1,2.7312,0.9004,1.8308
2024-10-29,2,1.34,0.9533,2.3867
2024-10-29,3,1.0597,0.643,1.4167
2024-10-29,4,0.6022,0.4486,1.1535
2024-10-29,5,1.1514,0.2199,0.9315
2024-10-29,6,0.7234,0.292,0.4314
2024-10-29,7,0.303,0.0543,0.2486
2024-10-29,8,16.3995,11.75,33.6496
2024-10-29,9,13.4021,4.9092,8.4929
2024-10-29,10,12.3699,4.2071,8.1628
2024-10-29,11,23.0822,8.0053,15.0769
2024-10-29,12,1.2467,1.1259,3.1208
2024-10-29,13,2.5645,0.8467,1.7178
2024-10-29,14,27.9826,10.5867,17.396
2024-10-29,15,11.4609,3.8766,7.5843
2024-10-29,16,9.7915,3.3341,6.4574
2024-10-29,17,6.6043,2.7847,3.8195
2024-10-29,18,6.9083,2.633,4.2752
2024-10-29,19,5.4297,2.6132,2.8165
2024-10-29,20,1.5932,1.3308,3.7624
2024-10-29,21,8.3149,2.7065,5.6084
2024-10-29,22,5.2616,1.9948,3.2668
2024-10-29,23,3.8898,0.9376,2.9522
2024-10-29,24,2.5835,1.0504,1.533
2024-10-29,25,0.9974,0.4184,0.579
2024-10-29,26,0.8992,0.2735,0.6257
2024-10-29,27,1155.533,0.0,1155.533
2024-10-29,28,293.9474,112.9366,181.0108
2024-10-29,29,1216.9817,102.9634,1114.0183
2024-10-29,30,812.4817,103.3583,709.1234000000001
2024-10-30,1,1.8308,0.6214,1.2094
2024-10-30,2,2.3867,0.6174,1.7693
2024-10-30,3,1.4167,0.0,1.4167
2024-10-30,4,1.1535,0.449,0.7046
2024-10-30,5,0.9315,0.3294,0.6021
2024-10-30,6,0.4314,0.3255,1.1058
2024-10-30,7,0.2486,0.0785,0.1702
2024-10-30,8,33.6496,17.6932,15.9564
2024-10-30,9,8.4929,6.3742,14.1187
2024-10-30,10,8.1628,3.8659,13.2969
2024-10-30,11,15.0769,11.4582,23.6186
2024-10-30,12,3.1208,1.0332,2.0876
2024-10-30,13,1.7178,0.7347,0.9831
2024-10-30,14,17.396,12.108,28.2879
2024-10-30,15,7.5843,2.7124,4.872
2024-10-30,16,6.4574,4.462,10.9954
2024-10-30,17,3.8195,2.6704,7.1491
2024-10-30,18,4.2752,2.8214,7.4539
2024-10-30,19,2.8165,2.8165,5.5
2024-10-30,20,3.7624,1.2914,2.471
2024-10-30,21,5.6084,2.4278,3.1806
2024-10-30,22,3.2668,1.9275,5.3393
2024-10-30,23,2.9522,1.6647,4.2875
2024-10-30,24,1.533,0.9554,3.5776
2024-10-30,25,0.579,0.247,0.332
2024-10-30,26,0.6257,0.2776,0.3481
2024-10-30,27,1155.533,489.3508,666.1822
2024-10-30,28,181.0108,124.7751,306.2357
2024-10-30,29,651.7083,555.3421,96.36620000000005
2024-10-30,30,497.8877,550.6625,0.0
2024-10-31,1,1.2094,0.8689,2.8406
2024-10-31,2,1.7693,0.9021,0.8672
2024-10-31,3,1.4167,0.684,0.7327
2024-10-31,4,0.7046,0.4488,1.2557
2024-10-31,5,0.6021,0.2614,0.3408
2024-10-31,6,1.1058,0.2251,0.8808
2024-10-31,7,0.1702,0.0917,0.0785
2024-10-31,8,15.9564,13.2281,32.7282
2024-10-31,9,14.1187,4.7062,9.4125
2024-10-31,10,13.2969,5.4031,7.8937
2024-10-31,11,23.6186,9.6472,13.9714
2024-10-31,12,2.0876,1.159,2.9287
2024-10-31,13,0.9831,0.7584,2.7248
2024-10-31,14,28.2879,8.3,19.988
2024-10-31,15,4.872,3.4692,8.4028
2024-10-31,16,10.9954,3.873,7.1224
2024-10-31,17,7.1491,3.0841,4.065
2024-10-31,18,7.4539,2.4563,4.9976
2024-10-31,19,5.5,2.2276,3.2724
2024-10-31,20,2.471,1.0257,1.4453
2024-10-31,21,3.1806,3.079,8.1017
2024-10-31,22,5.3393,1.8917,3.4476
2024-10-31,23,4.2875,2.2398,2.0477
2024-10-31,24,3.5776,1.5392,2.0384
2024-10-31,25,0.332,0.2388,1.0932
2024-10-31,26,0.3481,0.1746,0.6735
2024-10-31,27,666.1822,388.0545,1128.1277
2024-10-31,28,306.2357,108.6726,197.5631
2024-10-31,29,651.7083,434.567,217.1413
2024-10-31,30,868.3521,428.5545,439.79759999999993
2024-11-01,1,2.8406,0.8887,1.9518
2024-11-01,2,0.8672,0.8672,2.5
2024-11-01,3,0.7327,0.5829,1.6498
2024-11-01,4,1.2557,0.3588,0.8969
2024-11-01,5,0.3408,0.2702,1.0706
2024-11-01,6,0.8808,0.3048,0.576
2024-11-01,7,0.0785,0.0785,0.5
2024-11-01,8,32.7282,13.0484,19.6798
2024-11-01,9,9.4125,4.0752,5.3373
2024-11-01,10,7.8937,4.2162,12.6776
2024-11-01,11,13.9714,6.5506,23.4209
2024-11-01,12,2.9287,0.935,1.9937
2024-11-01,13,2.7248,1.0792,1.6456
2024-11-01,14,19.988,11.3672,27.6207
2024-11-01,15,8.4028,3.1969,5.2058
2024-11-01,16,7.1224,4.5267,10.5957
2024-11-01,17,4.065,2.812,7.2531
2024-11-01,18,4.9976,3.2589,7.7386
2024-11-01,19,3.2724,1.9151,5.3573
2024-11-01,20,1.4453,0.0,1.4453
2024-11-01,21,8.1017,2.0383,6.0634
2024-11-01,22,3.4476,2.8592,5.5884
2024-11-01,23,2.0477,1.6474,3.9003
2024-11-01,24,2.0384,1.1965,3.8419
2024-11-01,25,1.0932,0.2624,0.8308
2024-11-01,26,0.6735,0.1429,0.5306
2024-11-01,27,1128.1277,339.2735,788.8542
2024-11-01,28,197.5631,102.672,294.8911
2024-11-01,29,1429.7887,390.6044,1039.1843000000001
2024-11-01,30,501.7525,385.0823,116.67020000000002
2024-11-02,1,1.9518,1.0989,3.353
2024-11-02,2,2.5,1.2089,1.2911
2024-11-02,3,1.6498,0.508,1.1417
2024-11-02,4,0.8969,0.5363,1.3606
2024-11-02,5,1.0706,0.2979,0.7727
2024-11-02,6,0.576,0.3003,1.2757
2024-11-02,7,0.5,0.1002,0.3998
2024-11-02,8,19.6798,19.6798,44.0
2024-11-02,9,5.3373,5.3373,18.0
2024-11-02,10,12.6776,7.3472,16.3303
2024-11-02,11,23.4209,10.7687,12.6522
2024-11-02,12,1.9937,1.4151,3.5787
2024-11-02,13,1.6456,1.4256,3.22
2024-11-02,14,27.6207,12.9082,14.7125
2024-11-02,15,5.2058,0.0,5.2058
2024-11-02,16,10.5957,5.5074,14.0883
2024-11-02,17,7.2531,3.9346,9.3185
2024-11-02,18,7.7386,2.9237,4.815
2024-11-02,19,5.3573,2.8595,6.9978
2024-11-02,20,1.4453,1.4453,4.5
2024-11-02,21,6.0634,4.8022,11.2612
2024-11-02,22,5.5884,3.323,7.2654
2024-11-02,23,3.9003,1.3326,2.5677
2024-11-02,24,3.8419,1.4987,2.3433
2024-11-02,25,0.8308,0.4752,1.3556
2024-11-02,26,0.5306,0.2846,0.746
2024-11-02,27,788.8542,476.7325,1462.1216
2024-11-02,28,294.8911,136.5092,158.3819
2024-11-02,29,814.6952,567.9361,246.7591
2024-11-02,30,922.9962,568.8306,354.16560000000004
2024-11-03,1,3.353,1.1313,2.2217
2024-11-03,2,1.2911,1.1152,2.6759
2024-11-03,3,1.1417,0.8251,1.8166
2024-11-03,4,1.3606,0.4766,0.884
2024-11-03,5,0.7727,0.2983,0.4744
2024-11-03,6,1.2757,0.3699,0.9058
2024-11-03,7,0.3998,0.0557,0.344
2024-11-03,8,44.0,15.2619,28.7381
2024-11-03,9,18.0,5.9094,12.0906
2024-11-03,10,16.3303,6.8292,9.5011
2024-11-03,11,12.6522,0.0,12.6522
2024-11-03,12,3.5787,1.4169,2.1618
2024-11-03,13,3.22,1.4797,1.7403
2024-11-03,14,14.7125,14.7125,36.0
2024-11-03,15,5.2058,3.594,11.6118
2024-11-03,16,14.0883,5.1021,8.9862
2024-11-03,17,9.3185,3.1772,6.1413
2024-11-03,18,4.815,3.3517,9.4633
2024-11-03,19,6.9978,2.7924,4.2054
2024-11-03,20,4.5,1.3451,3.1549
2024-11-03,21,11.2612,4.4685,6.7927
2024-11-03,22,7.2654,2.1992,5.0662
2024-11-03,23,2.5677,1.9912,5.0765
2024-11-03,24,2.3433,1.5238,4.8195
2024-11-03,25,1.3556,0.3035,1.052
2024-11-03,26,0.746,0.2308,0.5152
2024-11-03,27,1462.1216,599.3814,862.7402
2024-11-03,28,158.3819,133.6979,374.684
2024-11-03,29,1909.2669,611.9667,1297.3002000000001
2024-11-03,30,442.9987,608.6315,0.0
2024-11-04,1,2.2217,1.5063,3.7154
2024-11-04,2,2.6759,1.808,3.3679
2024-11-04,3,1.8166,0.7527,1.064
2024-11-04,4,0.884,0.5861,1.7979
2024-11-04,5,0.4744,0.3575,1.1169
2024-11-04,6,0.9058,0.4751,1.4307
2024-11-04,7,0.344,0.0909,0.2531
2024-11-04,8,28.7381,24.9855,50.7527
2024-11-04,9,12.0906,7.3873,20.7032
2024-11-04,10,9.5011,5.2683,19.2328
2024-11-04,11,12.6522,12.6522,36.0
2024-11-04,12,2.1618,1.7423,4.4195
2024-11-04,13,1.7403,1.6361,4.1042
2024-11-04,14,36.0,18.956,17.044
2024-11-04,15,11.6118,5.4527,6.1591
2024-11-04,16,8.9862,6.7351,16.2511
2024-11-04,17,6.1413,3.4621,10.6792
2024-11-04,18,9.4633,4.7671,4.6962
2024-11-04,19,4.2054,2.9297,8.2757
2024-11-04,20,3.1549,3.1549,5.5
2024-11-04,21,6.7927,6.7927,13.0
2024-11-04,22,5.0662,3.0994,8.4668
2024-11-04,23,5.0765,4.1012,6.4753
2024-11-04,24,4.8195,1.987,2.8325
2024-11-04,25,1.052,0.4847,0.5673
2024-11-04,26,0.5152,0.3438,1.1713
2024-11-04,27,862.7402,641.0369,1721.7033
2024-11-04,28,374.684,174.5717,200.1123
2024-11-04,29,1196.2528,728.6,467.65279999999996
2024-11-04,30,1100.0,724.2712,375.7288
2024-11-05,1,3.7154,1.2408,2.4746
2024-11-05,2,3.3679,0.8469,2.521
2024-11-05,3,1.064,0.5258,0.5381
2024-11-05,4,1.7979,0.3053,1.4927
2024-11-05,5,1.1169,0.3233,0.7936
2024-11-05,6,1.4307,0.2913,1.1394
2024-11-05,7,0.2531,0.0663,0.1868
2024-11-05,8,50.7527,13.9784,36.7743
2024-11-05,9,20.7032,4.6137,16.0895
2024-11-05,10,19.2328,4.0065,15.2263
2024-11-05,11,36.0,9.8671,26.1329
2024-11-05,12,4.4195,1.423,2.9965
2024-11-05,13,4.1042,0.7915,3.3127
2024-11-05,14,17.044,11.1166,27.9274
2024-11-05,15,6.1591,3.6202,8.5389
2024-11-05,16,16.2511,5.0635,11.1876
2024-11-05,17,10.6792,2.6734,8.0058
2024-11-05,18,4.6962,2.6464,7.0498
2024-11-05,19,8.2757,2.7289,5.5468
2024-11-05,20,5.5,1.2441,4.2559
2024-11-05,21,13.0,3.2994,9.7006
2024-11-05,22,8.4668,2.2012,6.2656
2024-11-05,23,6.4753,1.2595,5.2159
2024-11-05,24,2.8325,1.3209,1.5116
2024-11-05,25,0.5673,0.2731,0.2943
2024-11-05,26,1.1713,0.1476,1.0237
2024-11-05,27,1721.7033,441.4743,1280.229
2024-11-05,28,200.1123,114.4515,285.6609
2024-11-05,29,2179.0014,471.19,1707.8114
2024-11-05,30,589.8887,474.2764,115.61229999999995
2024-11-06,1,2.4746,0.9241,1.5504
2024-11-06,2,2.521,0.6865,1.8345
2024-11-06,3,0.5381,0.5381,1.5
2024-11-06,4,1.4927,0.4852,1.0075
2024-11-06,5,0.7936,0.241,0.5526
2024-11-06,6,1.1394,0.2398,0.8996
2024-11-06,7,0.1868,0.0626,0.1242
2024-11-06,8,36.7743,11.3808,25.3934
2024-11-06,9,16.0895,5.2607,10.8288
2024-11-06,10,15.2263,4.8283,10.398
2024-11-06,11,26.1329,10.3854,15.7475
2024-11-06,12,2.9965,1.1787,1.8178
2024-11-06,13,3.3127,1.1162,2.1965
2024-11-06,14,27.9274,10.3322,17.5952
2024-11-06,15,8.5389,3.4175,5.1214
2024-11-06,16,11.1876,3.7218,7.4657
2024-11-06,17,8.0058,2.3934,5.6124
2024-11-06,18,7.0498,2.2953,4.7545
2024-11-06,19,5.5468,1.9218,3.625
2024-11-06,20,4.2559,1.0201,3.2358
2024-11-06,21,9.7006,1.8712,7.8294
2024-11-06,22,6.2656,1.8514,4.4143
2024-11-06,23,5.2159,2.0281,3.1878
2024-11-06,24,1.5116,1.2834,3.2281
2024-11-06,25,0.2943,0.2943,1.0
2024-11-06,26,1.0237,0.1365,0.8872
2024-11-06,27,1280.229,496.0328,784.1962
2024-11-06,28,285.6609,108.3461,177.3148
2024-11-06,29,2179.0014,512.6075,1666.3939
2024-11-06,30,840.8967,511.5326,329.3641
2024-11-07,1,1.5504,0.954,2.5965
2024-11-07,2,1.8345,0.7177,1.1169
2024-11-07,3,1.5,0.3717,1.1283
2024-11-07,4,1.0075,0.4822,0.5253
2024-11-07,5,0.5526,0.2896,0.763
2024-11-07,6,0.8996,0.3187,0.5809
2024-11-07,7,0.1242,0.0641,0.56
2024-11-07,8,25.3934,13.3597,33.0337
2024-11-07,9,10.8288,4.9741,5.8548
2024-11-07,10,10.398,4.1439,6.2541
2024-11-07,11,15.7475,10.3291,23.4185
2024-11-07,12,1.8178,0.9093,2.9085
2024-11-07,13,2.1965,0.9926,1.2039
2024-11-07,14,17.5952,13.9655,28.6297
2024-11-07,15,5.1214,3.885,9.2363
2024-11-07,16,7.4657,3.8569,10.6089
2024-11-07,17,5.6124,2.6362,2.9762
2024-11-07,18,4.7545,3.3322,7.4223
2024-11-07,19,3.625,2.0289,5.5961
2024-11-07,20,3.2358,1.7089,1.5269
2024-11-07,21,7.8294,3.0649,4.7644
2024-11-07,22,4.4143,2.2451,2.1692
2024-11-07,23,3.1878,1.518,1.6698
2024-11-07,24,3.2281,1.3259,1.9022
2024-11-07,25,1.0,0.4299,0.5701
2024-11-07,26,0.8872,0.1069,0.7803
2024-11-07,27,784.1962,476.0864,1158.1097
2024-11-07,28,177.3148,112.8623,314.4525
2024-11-07,29,1671.5167,529.9768,1141.5398999999998
2024-11-07,30,467.7469,537.3789,0.0
2024-11-08,1,2.5965,0.8992,1.6973
2024-11-08,2,1.1169,1.0561,2.0608
2024-11-08,3,1.1283,0.7126,1.4158
2024-11-08,4,0.5253,0.4216,1.1037
2024-11-08,5,0.763,0.2066,0.5564
2024-11-08,6,0.5809,0.3231,1.2578
2024-11-08,7,0.56,0.0548,0.5052
2024-11-08,8,33.0337,12.7684,20.2653
2024-11-08,9,5.8548,4.188,13.6668
2024-11-08,10,6.2541,6.2541,13.0
2024-11-08,11,23.4185,8.4895,14.929
2024-11-08,12,2.9085,0.795,2.1135
2024-11-08,13,1.2039,0.944,2.7599
2024-11-08,14,28.6297,10.3429,18.2868
2024-11-08,15,9.2363,3.3187,5.9177
2024-11-08,16,10.6089,3.8667,6.7422
2024-11-08,17,2.9762,2.426,7.5502
2024-11-08,18,7.4223,2.8951,4.5272
2024-11-08,19,5.5961,2.1463,3.4498
2024-11-08,20,1.5269,1.2919,3.735
2024-11-08,21,4.7644,2.261,8.5035
2024-11-08,22,2.1692,1.6159,5.5532
2024-11-08,23,1.6698,1.6698,4.0
2024-11-08,24,1.9022,0.948,3.9542
2024-11-08,25,0.5701,0.2054,0.3647
2024-11-08,26,0.7803,0.1732,0.6072
2024-11-08,27,1158.1097,464.1665,693.9432
2024-11-08,28,314.4525,92.0838,222.3687
2024-11-08,29,1042.8221,491.8246,550.9975000000002
2024-11-08,30,925.8759,492.6314,433.2445
2024-11-09,1,1.6973,1.4389,3.2584
2024-11-09,2,2.0608,1.1862,2.8746
2024-11-09,3,1.4158,0.7738,2.1419
2024-11-09,4,1.1037,0.6328,1.4709
2024-11-09,5,0.5564,0.3788,1.1775
2024-11-09,6,1.2578,0.3703,0.8875
2024-11-09,7,0.5052,0.0944,0.4109
2024-11-09,8,20.2653,20.2653,43.0
2024-11-09,9,13.6668,6.7226,6.9442
2024-11-09,10,13.0,5.9772,7.0228
2024-11-09,11,14.929,13.1695,30.7595
2024-11-09,12,2.1135,1.2612,3.8523
2024-11-09,13,2.7599,0.8565,1.9034
2024-11-09,14,18.2868,10.8454,36.4414
2024-11-09,15,5.9177,4.8356,11.082
2024-11-09,16,6.7422,5.6177,14.1245
2024-11-09,17,7.5502,3.8061,3.7441
2024-11-09,18,4.5272,4.3069,9.2203
2024-11-09,19,3.4498,3.4498,7.0
2024-11-09,20,3.735,1.3083,2.4267
2024-11-09,21,8.5035,3.6273,4.8762
2024-11-09,22,5.5532,1.5864,3.9668
2024-11-09,23,4.0,1.3162,2.6838
2024-11-09,24,3.9542,1.848,2.1062
2024-11-09,25,0.3647,0.3647,1.0
2024-11-09,26,0.6072,0.3188,0.2884
2024-11-09,27,693.9432,491.4091,1502.5342
2024-11-09,28,222.3687,114.5629,407.8058
2024-11-09,29,1435.7541,544.5286,891.2255000000001
2024-11-09,30,663.2699,534.9517,128.31820000000005
2024-11-10,1,3.2584,1.1728,2.0857
2024-11-10,2,2.8746,0.9288,1.9458
2024-11-10,3,2.1419,0.7176,1.4244
2024-11-10,4,1.4709,0.3054,1.1655
2024-11-10,5,1.1775,0.282,0.8955
2024-11-10,6,0.8875,0.3074,0.5801
2024-11-10,7,0.4109,0.0834,0.3275
2024-11-10,8,43.0,18.1666,24.8334
2024-11-10,9,6.9442,5.9357,18.0085
2024-11-10,10,7.0228,7.0228,17.0
2024-11-10,11,30.7595,0.0,30.7595
2024-11-10,12,3.8523,1.285,2.5673
2024-11-10,13,1.9034,1.0647,3.3387
2024-11-10,14,36.4414,13.2385,23.2029
2024-11-10,15,11.082,4.1769,6.9052
2024-11-10,16,14.1245,5.4571,8.6674
2024-11-10,17,3.7441,3.7441,10.0
2024-11-10,18,9.2203,0.0,9.2203
2024-11-10,19,7.0,4.2926,7.2074
2024-11-10,20,2.4267,1.7738,4.6529
2024-11-10,21,4.8762,3.3928,10.4834
2024-11-10,22,3.9668,1.919,7.0479
2024-11-10,23,2.6838,2.365,5.3188
2024-11-10,24,2.1062,1.4392,4.667
2024-11-10,25,1.0,0.3581,0.6419
2024-11-10,26,0.2884,0.2191,1.0693
2024-11-10,27,1502.5342,590.1331,912.4011
2024-11-10,28,407.8058,156.642,251.1639
2024-11-10,29,749.0265,684.847,64.17950000000008
2024-11-10,30,1182.102,683.3804,498.7216000000001
2024-11-11,1,2.0857,0.5622,1.5235
2024-11-11,2,1.9458,0.6458,1.3
2024-11-11,3,1.4244,0.4296,0.9948
2024-11-11,4,1.1655,0.5125,0.653
2024-11-11,5,0.8955,0.291,0.6045
2024-11-11,6,0.5801,0.3121,0.268
2024-11-11,7,0.3275,0.0697,0.2577
2024-11-11,8,24.8334,11.9374,12.896
2024-11-11,9,18.0085,4.3565,13.652
2024-11-11,10,17.0,3.962,13.038
2024-11-11,11,30.7595,8.1477,22.6118
2024-11-11,12,2.5673,1.0623,1.505
2024-11-11,13,3.3387,0.9945,2.3442
2024-11-11,14,23.2029,0.0,23.2029
2024-11-11,15,6.9052,3.0603,3.8449
2024-11-11,16,8.6674,4.7956,3.8719
2024-11-11,17,10.0,2.7023,7.2977
2024-11-11,18,9.2203,2.2378,6.9825
2024-11-11,19,7.2074,1.8296,5.3777
2024-11-11,20,4.6529,1.3365,3.3164
2024-11-11,21,10.4834,4.3151,6.1683
2024-11-11,22,7.0479,1.6754,5.3725
2024-11-11,23,5.3188,1.0462,4.2726
2024-11-11,24,4.667,0.9744,3.6926
2024-11-11,25,0.6419,0.4354,0.2064
2024-11-11,26,1.0693,0.3365,0.7328
2024-11-11,27,912.4011,427.9824,484.4187
2024-11-11,28,251.1639,128.1038,123.06
2024-11-11,29,1900.0,474.7135,1425.2865
2024-11-11,30,788.8029,472.8175,315.9854
2024-11-12,1,1.5235,1.1319,2.3916
2024-11-12,2,1.3,0.7689,2.0311
2024-11-12,3,0.9948,0.4933,1.5015
2024-11-12,4,0.653,0.3421,1.3109
2024-11-12,5,0.6045,0.4319,0.6726
2024-11-12,6,0.268,0.268,1.0
2024-11-12,7,0.2577,0.079,0.1788
2024-11-12,8,12.896,12.8707,33.0253
2024-11-12,9,13.652,3.768,9.884
2024-11-12,10,13.038,3.998,9.0399
2024-11-12,11,22.6118,9.2821,13.3297
2024-11-12,12,1.505,0.8269,3.178
2024-11-12,13,2.3442,1.0248,1.3194
2024-11-12,14,23.2029,11.1126,12.0903
2024-11-12,15,3.8449,3.348,8.4969
2024-11-12,16,3.8719,3.8719,11.0
2024-11-12,17,7.2977,2.5537,4.744
2024-11-12,18,6.9825,2.3512,4.6313
2024-11-12,19,5.3777,1.6338,3.7439
2024-11-12,20,3.3164,1.0242,2.2922
2024-11-12,21,6.1683,5.6696,8.4987
2024-11-12,22,5.3725,1.6972,3.6753
2024-11-12,23,4.2726,2.1155,2.1571
2024-11-12,24,3.6926,1.1141,2.5785
2024-11-12,25,0.2064,0.2064,1.0
2024-11-12,26,0.7328,0.1695,0.5634
2024-11-12,27,484.4187,484.4187,1150.0
2024-11-12,28,123.06,94.4091,328.6509
2024-11-12,29,1320.1408,566.3643,753.7764999999999
2024-11-12,30,448.8636,569.5355,0.0
2024-11-13,1,2.3916,0.7707,1.621
2024-11-13,2,2.0311,0.8934,1.1377
2024-11-13,3,1.5015,0.4707,1.0308
2024-11-13,4,1.3109,0.4011,0.9098
2024-11-13,5,0.6726,0.2506,0.422
2024-11-13,6,1.0,0.3523,0.6477
2024-11-13,7,0.1788,0.0574,0.1213
2024-11-13,8,33.0253,10.8513,22.174
2024-11-13,9,9.884,5.2669,13.6171
2024-11-13,10,9.0399,3.9774,5.0625
2024-11-13,11,13.3297,6.7171,22.6126
2024-11-13,12,3.178,1.0557,2.1223
2024-11-13,13,1.3194,0.8805,2.4389
2024-11-13,14,12.0903,9.5741,28.5162
2024-11-13,15,8.4969,3.0559,5.441
2024-11-13,16,11.0,0.0,11.0
2024-11-13,17,4.744,2.6665,7.0775
2024-11-13,18,4.6313,2.8249,7.8064
2024-11-13,19,3.7439,1.7363,5.5076
2024-11-13,20,2.2922,1.5025,3.2897
2024-11-13,21,8.4987,2.8584,5.6403
2024-11-13,22,3.6753,3.1311,5.0442
2024-11-13,23,2.1571,2.0039,4.1532
2024-11-13,24,2.5785,1.4143,4.1642
2024-11-13,25,1.0,0.3028,0.6972
2024-11-13,26,0.5634,0.2275,0.3359
2024-11-13,27,1150.0,441.2854,708.7146
2024-11-13,28,328.6509,100.8262,227.8248
2024-11-13,29,781.8831,448.1097,333.77340000000004
2024-11-13,30,874.3446,450.4691,423.8755
2024-11-14,1,1.621,0.8925,2.7284
2024-11-14,2,1.1377,0.9486,2.1891
2024-11-14,3,1.0308,0.6311,1.3997
2024-11-14,4,0.9098,0.3929,0.5169
2024-11-14,5,0.422,0.2437,0.6783
2024-11-14,6,0.6477,0.3513,0.7964
2024-11-14,7,0.1213,0.0628,0.5585
2024-11-14,8,22.174,12.715,32.459
2024-11-14,9,13.6171,6.4456,7.1715
2024-11-14,10,5.0625,4.0957,12.9669
2024-11-14,11,22.6126,9.4392,13.1734
2024-11-14,12,2.1223,0.7137,1.4086
2024-11-14,13,2.4389,1.0034,1.4354
2024-11-14,14,28.5162,14.0383,14.4779
2024-11-14,15,5.441,0.0,5.441
2024-11-14,16,11.0,3.6039,7.3961
2024-11-14,17,7.0775,2.9727,4.1048
2024-11-14,18,7.8064,3.4615,4.3449
2024-11-14,19,5.5076,1.7894,3.7183
2024-11-14,20,3.2897,1.1679,2.1219
2024-11-14,21,5.6403,2.6554,7.9849
2024-11-14,22,5.0442,2.3827,2.6615
2024-11-14,23,4.1532,2.1551,1.9981
2024-11-14,24,4.1642,1.1813,2.983
2024-11-14,25,0.6972,0.2463,0.4509
2024-11-14,26,0.3359,0.303,1.0329
2024-11-14,27,708.7146,423.3348,1135.3798
2024-11-14,28,227.8248,111.7929,116.0318
2024-11-14,29,1474.0472,456.7742,1017.2729999999999
2024-11-14,30,548.622,457.6018,91.02019999999993
2024-11-15,1,2.7284,0.8575,1.8709
2024-11-15,2,2.1891,0.7728,1.4163
2024-11-15,3,1.3997,0.3747,1.025
2024-11-15,4,0.5169,0.407,1.1099
2024-11-15,5,0.6783,0.2014,0.4769
2024-11-15,6,0.7964,0.2503,0.5461
2024-11-15,7,0.5585,0.0,0.5585
2024-11-15,8,32.459,14.3538,18.1052
2024-11-15,9,7.1715,5.6158,13.5557
2024-11-15,10,12.9669,4.0481,8.9188
2024-11-15,11,13.1734,8.2898,22.8835
2024-11-15,12,1.4086,0.6632,2.7454
2024-11-15,13,1.4354,0.9193,2.5162
2024-11-15,14,14.4779,11.9681,28.5098
2024-11-15,15,5.441,3.5858,8.8552
2024-11-15,16,7.3961,4.8022,10.5939
2024-11-15,17,4.1048,2.4372,7.6676
2024-11-15,18,4.3449,2.2515,7.0934
2024-11-15,19,3.7183,1.5203,2.198
2024-11-15,20,2.1219,0.9685,3.6534
2024-11-15,21,7.9849,3.4128,4.5721
2024-11-15,22,2.6615,2.2045,5.457
2024-11-15,23,1.9981,1.9238,4.0743
2024-11-15,24,2.983,0.9474,2.0355
2024-11-15,25,0.4509,0.3187,1.1322
2024-11-15,26,1.0329,0.2907,0.7422
2024-11-15,27,1135.3798,482.9726,652.4072
2024-11-15,28,116.0318,116.0318,300.0
2024-11-15,29,917.6859,517.4945,400.19139999999993
2024-11-15,30,841.3403,523.4117,317.92859999999996
2024-11-16,1,1.8709,0.9789,3.392
2024-11-16,2,1.4163,1.0968,2.8195
2024-11-16,3,1.025,0.709,1.816
2024-11-16,4,1.1099,0.6841,1.4258
2024-11-16,5,0.4769,0.3152,1.1617
2024-11-16,6,0.5461,0.3247,1.2214
2024-11-16,7,0.5585,0.0989,0.4596
2024-11-16,8,18.1052,16.9333,41.1718
2024-11-16,9,13.5557,6.01,7.5457
2024-11-16,10,8.9188,5.2033,16.7154
2024-11-16,11,22.8835,8.6288,14.2547
2024-11-16,12,2.7454,1.6944,3.551
2024-11-16,13,2.5162,1.3736,3.1425
2024-11-16,14,28.5098,12.4925,16.0173
2024-11-16,15,8.8552,3.8524,5.0028
2024-11-16,16,10.5939,4.7581,5.8358
2024-11-16,17,7.6676,2.9948,4.6728
2024-11-16,18,7.0934,3.605,9.4884
2024-11-16,19,2.198,0.0,6.698
2024-11-16,20,3.6534,1.5137,2.1397
2024-11-16,21,4.5721,4.5721,10.0
2024-11-16,22,5.457,3.1613,6.7957
2024-11-16,23,4.0743,2.6291,5.4452
2024-11-16,24,2.0355,2.0355,5.0
2024-11-16,25,1.1322,0.0,1.1322
2024-11-16,26,0.7422,0.2885,0.4537
2024-11-16,27,652.4072,529.6653,1472.7418
2024-11-16,28,300.0,136.6359,163.3641
2024-11-16,29,1474.0769,533.5658,940.5111
2024-11-16,30,529.9619,536.233,0.0
2024-11-17,1,3.392,1.306,2.0861
2024-11-17,2,2.8195,1.1006,1.7189
2024-11-17,3,1.816,0.6315,1.1845
2024-11-17,4,1.4258,0.4982,0.9277
2024-11-17,5,1.1617,0.3476,0.8141
2024-11-17,6,1.2214,0.3388,0.8826
2024-11-17,7,0.4596,0.0825,0.3771
2024-11-17,8,41.1718,18.8971,22.2747
2024-11-17,9,7.5457,5.641,17.9047
2024-11-17,10,16.7154,7.4324,9.283
2024-11-17,11,14.2547,14.2547,30.0
2024-11-17,12,3.551,1.6658,1.8852
2024-11-17,13,3.1425,1.0567,2.0858
2024-11-17,14,16.0173,15.1933,36.824
2024-11-17,15,5.0028,3.8749,11.1278
2024-11-17,16,5.8358,5.3811,14.4547
2024-11-17,17,4.6728,4.1487,9.5241
2024-11-17,18,9.4884,3.8962,5.5922
2024-11-17,19,6.698,1.7929,4.9051
2024-11-17,20,2.1397,1.514,4.6257
2024-11-17,21,10.0,4.7414,5.2586
2024-11-17,22,6.7957,2.0578,4.7379
2024-11-17,23,5.4452,1.4209,4.0243
2024-11-17,24,5.0,1.4491,3.5509
2024-11-17,25,1.1322,0.4241,0.7081
2024-11-17,26,0.4537,0.3234,1.1303
2024-11-17,27,1472.7418,589.5762,883.1657
2024-11-17,28,163.3641,152.1012,411.2629
2024-11-17,29,823.1824,646.1602,177.0222
2024-11-17,30,1159.0171,645.9041,513.113
2024-11-18,1,2.0861,0.6607,1.4254
2024-11-18,2,1.7189,0.6297,1.0892
2024-11-18,3,1.1845,0.591,0.5935
2024-11-18,4,0.9277,0.321,0.6067
2024-11-18,5,0.8141,0.2649,0.5492
2024-11-18,6,0.8826,0.249,0.6336
2024-11-18,7,0.3771,0.071,0.3061
2024-11-18,8,22.2747,12.2521,31.0227
2024-11-18,9,17.9047,4.6482,13.2566
2024-11-18,10,9.283,6.3261,12.9569
2024-11-18,11,30.0,8.1957,21.8043
2024-11-18,12,1.8852,1.0081,2.8771
2024-11-18,13,2.0858,0.9569,1.1289
2024-11-18,14,36.824,9.22,27.604
2024-11-18,15,11.1278,2.8324,8.2954
2024-11-18,16,14.4547,4.6032,9.8515
2024-11-18,17,9.5241,3.2898,6.2344
2024-11-18,18,5.5922,2.9994,7.5929
2024-11-18,19,4.9051,2.1269,2.7782
2024-11-18,20,4.6257,1.4127,3.213
2024-11-18,21,5.2586,3.4858,7.7728
2024-11-18,22,4.7379,2.1241,2.6138
2024-11-18,23,4.0243,1.831,2.1933
2024-11-18,24,3.5509,0.0,3.5509
2024-11-18,25,0.7081,0.2431,0.465
2024-11-18,26,1.1303,0.1662,0.9641
2024-11-18,27,883.1657,389.3142,493.8515
2024-11-18,28,411.2629,118.9909,292.272
2024-11-18,29,1908.0631,408.5373,1499.5258000000001
2024-11-18,30,745.8733,405.3767,340.49659999999994
2024-11-19,1,1.4254,0.0,1.4254
2024-11-19,2,1.0892,0.7482,2.341
2024-11-19,3,0.5935,0.5361,1.5574
2024-11-19,4,0.6067,0.4759,1.1308
2024-11-19,5,0.5492,0.2825,0.7668
2024-11-19,6,0.6336,0.2676,0.3659
2024-11-19,7,0.3061,0.0425,0.2635
2024-11-19,8,31.0227,14.6172,16.4054
2024-11-19,9,13.2566,5.8754,7.3812
2024-11-19,10,12.9569,3.9823,8.9746
2024-11-19,11,21.8043,10.1122,11.6921
2024-11-19,12,2.8771,0.8372,2.0399
2024-11-19,13,1.1289,1.1289,2.5
2024-11-19,14,27.604,10.2378,17.3663
2024-11-19,15,8.2954,2.8313,5.4641
2024-11-19,16,9.8515,4.4327,5.4188
2024-11-19,17,6.2344,2.7097,3.5247
2024-11-19,18,7.5929,2.4454,5.1474
2024-11-19,19,2.7782,1.7409,5.5372
2024-11-19,20,3.213,0.0,3.213
2024-11-19,21,7.7728,1.8816,5.8912
2024-11-19,22,2.6138,1.8114,5.8024
2024-11-19,23,2.1933,1.4025,4.2908
2024-11-19,24,3.5509,1.2576,2.2933
2024-11-19,25,0.465,0.246,0.719
2024-11-19,26,0.9641,0.337,0.6271
2024-11-19,27,493.8515,401.8266,1142.0249
2024-11-19,28,292.272,105.6331,186.6389
2024-11-19,29,1552.2526,470.4572,1081.7954
2024-11-19,30,446.3023,473.3898,0.0
2024-11-20,1,1.4254,1.0365,2.3889
2024-11-20,2,2.341,0.6515,1.6895
2024-11-20,3,1.5574,0.0,1.5574
2024-11-20,4,1.1308,0.3032,0.8276
2024-11-20,5,0.7668,0.2088,0.5579
2024-11-20,6,0.3659,0.3659,1.0
2024-11-20,7,0.2635,0.0936,0.1699
2024-11-20,8,16.4054,10.7809,30.6246
2024-11-20,9,7.3812,4.0297,13.3515
2024-11-20,10,8.9746,6.0708,12.9038
2024-11-20,11,11.6921,6.1084,21.5837
2024-11-20,12,2.0399,0.8066,1.2333
2024-11-20,13,2.5,0.0,2.5
2024-11-20,14,17.3663,8.8322,27.534
2024-11-20,15,5.4641,3.1983,8.2658
2024-11-20,16,5.4188,3.9764,10.4424
2024-11-20,17,3.5247,3.0721,7.4526
2024-11-20,18,5.1474,2.7576,7.3898
2024-11-20,19,5.5372,1.2176,4.3196
2024-11-20,20,3.213,1.8269,1.3861
2024-11-20,21,5.8912,2.2309,3.6603
2024-11-20,22,5.8024,2.1508,3.6516
2024-11-20,23,4.2908,1.6565,2.6343
2024-11-20,24,2.2933,1.2173,4.076
2024-11-20,25,0.719,0.5059,0.7131
2024-11-20,26,0.6271,0.1379,0.4892
2024-11-20,27,1142.0249,510.6282,631.3967
2024-11-20,28,186.6389,94.8501,291.7888
2024-11-20,29,972.942,488.7892,484.1528
2024-11-20,30,915.5601,483.0358,432.52430000000004
2024-11-21,1,2.3889,0.0,2.3889
2024-11-21,2,1.6895,1.0146,2.1749
2024-11-21,3,1.5574,0.4713,1.0861
2024-11-21,4,0.8276,0.3058,0.5218
2024-11-21,5,0.5579,0.2625,0.2954
2024-11-21,6,1.0,0.2702,0.7298
2024-11-21,7,0.1699,0.0713,0.0986
2024-11-21,8,30.6246,10.2453,20.3793
2024-11-21,9,13.3515,0.0,13.3515
2024-11-21,10,12.9038,4.5234,8.3803
2024-11-21,11,21.5837,7.5277,14.056
2024-11-21,12,1.2333,1.022,2.7113
2024-11-21,13,2.5,1.0191,1.4809
2024-11-21,14,27.534,10.0057,17.5283
2024-11-21,15,8.2658,3.5271,4.7387
2024-11-21,16,10.4424,4.0696,6.3728
2024-11-21,17,7.4526,2.441,5.0116
2024-11-21,18,7.3898,2.7461,4.6438
2024-11-21,19,4.3196,1.7251,2.5945
2024-11-21,20,1.3861,1.0119,3.3742
2024-11-21,21,3.6603,2.607,8.0532
2024-11-21,22,3.6516,1.8425,4.8091
2024-11-21,23,2.6343,1.7007,3.9336
2024-11-21,24,4.076,1.2312,2.8448
2024-11-21,25,0.7131,0.1366,0.5765
2024-11-21,26,0.4892,0.1219,0.3673
2024-11-21,27,631.3967,423.3586,1158.0381
2024-11-21,28,291.7888,110.9199,180.8688
2024-11-21,29,1415.8555,429.4565,986.3989999999999
2024-11-21,30,569.3447,423.9315,145.41319999999996
2024-11-22,1,2.3889,1.1441,1.2449
2024-11-22,2,2.1749,0.7122,1.4627
2024-11-22,3,1.0861,0.4099,0.6762
2024-11-22,4,0.5218,0.4292,1.0926
2024-11-22,5,0.2954,0.1885,1.1069
2024-11-22,6,0.7298,0.257,0.4729
2024-11-22,7,0.0986,0.0328,0.5658
2024-11-22,8,20.3793,12.924,33.4553
2024-11-22,9,13.3515,4.051,9.3006
2024-11-22,10,8.3803,4.3725,13.0078
2024-11-22,11,14.056,10.5854,23.4706
2024-11-22,12,2.7113,0.9145,1.7969
2024-11-22,13,1.4809,1.1111,2.8699
2024-11-22,14,17.5283,11.2257,28.3026
2024-11-22,15,4.7387,3.2969,8.4418
2024-11-22,16,6.3728,3.6453,10.7276
2024-11-22,17,5.0116,2.6311,7.3805
2024-11-22,18,4.6438,2.7604,7.8834
2024-11-22,19,2.5945,1.2399,5.3546
2024-11-22,20,3.3742,1.5499,1.8244
2024-11-22,21,8.0532,4.4732,3.58
2024-11-22,22,4.8091,1.9859,2.8231
2024-11-22,23,3.9336,1.5357,2.3979
2024-11-22,24,2.8448,1.5834,4.2613
2024-11-22,25,0.5765,0.2547,0.3218
2024-11-22,26,0.3673,0.2614,0.6059
2024-11-22,27,1158.0381,476.1973,681.8408
2024-11-22,28,180.8688,112.3695,318.4993
2024-11-22,29,882.3334,521.9135,360.4199
2024-11-22,30,906.9399,525.6981,381.2418
2024-11-23,1,1.2449,0.9685,3.2764
2024-11-23,2,1.4627,0.7101,2.7525
2024-11-23,3,0.6762,0.6108,2.0654
2024-11-23,4,1.0926,0.0,1.0926
2024-11-23,5,1.1069,0.4354,0.6716
2024-11-23,6,0.4729,0.4447,1.0282
2024-11-23,7,0.5658,0.1104,0.4554
2024-11-23,8,33.4553,19.0973,42.3581
2024-11-23,9,9.3006,5.9583,17.3422
2024-11-23,10,13.0078,0.0,13.0078
2024-11-23,11,23.4706,13.6766,29.794
2024-11-23,12,1.7969,1.1821,3.6148
2024-11-23,13,2.8699,0.9634,1.9064
2024-11-23,14,28.3026,13.9873,36.3153
2024-11-23,15,8.4418,3.5594,4.8824
2024-11-23,16,10.7276,4.7051,6.0225
2024-11-23,17,7.3805,3.096,4.2844
2024-11-23,18,7.8834,3.4578,4.4256
2024-11-23,19,5.3546,3.3624,6.9922
2024-11-23,20,1.8244,1.5798,4.7445
2024-11-23,21,3.58,2.5925,10.9875
2024-11-23,22,2.8231,2.8231,7.0
2024-11-23,23,2.3979,2.3537,5.5442
2024-11-23,24,4.2613,3.5191,4.7422
2024-11-23,25,0.3218,0.3218,1.0
2024-11-23,26,0.6059,0.3482,0.7577
2024-11-23,27,681.8408,681.8408,1500.0
2024-11-23,28,318.4993,144.2315,174.2678
2024-11-23,29,1477.597,808.7635,668.8335
2024-11-23,30,548.4613,801.0989,0.0
2024-11-24,1,3.2764,1.1522,2.1242
2024-11-24,2,2.7525,1.0304,1.7222
2024-11-24,3,2.0654,0.8411,1.2243
2024-11-24,4,1.0926,0.4283,0.6643
2024-11-24,5,0.6716,0.4255,1.246
2024-11-24,6,1.0282,0.3429,0.6852
2024-11-24,7,0.4554,0.0712,0.3842
2024-11-24,8,42.3581,18.1845,24.1735
2024-11-24,9,17.3422,6.085,11.2573
2024-11-24,10,13.0078,8.7724,16.2354
2024-11-24,11,29.794,0.0,29.794
2024-11-24,12,3.6148,1.3335,2.2813
2024-11-24,13,1.9064,1.4368,3.4696
2024-11-24,14,36.3153,14.3333,21.982
2024-11-24,15,4.8824,0.0,4.8824
2024-11-24,16,6.0225,6.0225,14.0
2024-11-24,17,4.2844,3.2632,9.0212
2024-11-24,18,4.4256,3.5136,9.9119
2024-11-24,19,6.9922,2.7349,4.2573
2024-11-24,20,4.7445,1.5709,3.1736
2024-11-24,21,10.9875,3.8504,7.1371
2024-11-24,22,7.0,2.4792,4.5208
2024-11-24,23,5.5442,2.0128,3.5314
2024-11-24,24,4.7422,1.6626,3.0796
2024-11-24,25,1.0,0.4834,0.5166
2024-11-24,26,0.7577,0.2125,0.5452
2024-11-24,27,1500.0,537.7059,962.2941
2024-11-24,28,174.2678,163.813,410.4548
2024-11-24,29,879.5549,601.1748,278.38009999999997
2024-11-24,30,1188.368,607.5652,580.8027999999999
2024-11-25,1,2.1242,0.6642,1.46
2024-11-25,2,1.7222,0.9684,2.2537
2024-11-25,3,1.2243,0.4879,0.7363
2024-11-25,4,0.6643,0.585,1.0793
2024-11-25,5,1.246,0.0,1.246
2024-11-25,6,0.6852,0.427,1.2583
2024-11-25,7,0.3842,0.0712,0.313
2024-11-25,8,24.1735,13.6413,32.5322
2024-11-25,9,11.2573,4.669,6.5882
2024-11-25,10,16.2354,6.5344,9.701
2024-11-25,11,29.794,7.586,22.2079
2024-11-25,12,2.2813,0.8459,1.4354
2024-11-25,13,3.4696,0.8263,2.6433
2024-11-25,14,21.982,8.8598,13.1222
2024-11-25,15,4.8824,2.9468,8.9356
2024-11-25,16,14.0,4.1872,9.8128
2024-11-25,17,9.0212,2.2654,6.7558
2024-11-25,18,9.9119,2.999,6.9129
2024-11-25,19,4.2573,2.4134,5.3439
2024-11-25,20,3.1736,1.1417,2.0319
2024-11-25,21,7.1371,2.5624,4.5748
2024-11-25,22,4.5208,2.7535,5.2673
2024-11-25,23,3.5314,1.4981,2.0332
2024-11-25,24,3.0796,1.1672,1.9124
2024-11-25,25,0.5166,0.2621,0.7546
2024-11-25,26,0.5452,0.1651,0.3801
2024-11-25,27,962.2941,442.2429,520.0512
2024-11-25,28,410.4548,112.0946,298.3602
2024-11-25,29,1879.7285,472.7797,1406.9488
2024-11-25,30,865.7327,474.664,391.06870000000004
2024-11-26,1,1.46,0.8838,2.5762
2024-11-26,2,2.2537,0.8355,1.4182
2024-11-26,3,0.7363,0.4898,1.7466
2024-11-26,4,1.0793,0.4672,0.6121
2024-11-26,5,1.246,0.2133,1.0327
2024-11-26,6,1.2583,0.2959,0.9623
2024-11-26,7,0.313,0.1018,0.2112
2024-11-26,8,32.5322,16.002,16.5302
2024-11-26,9,6.5882,4.9169,13.6714
2024-11-26,10,9.701,5.6323,13.0687
2024-11-26,11,22.2079,8.8669,13.341
2024-11-26,12,1.4354,0.9396,2.9958
2024-11-26,13,2.6433,0.7472,1.8961
2024-11-26,14,13.1222,13.0737,28.0485
2024-11-26,15,8.9356,3.306,5.6296
2024-11-26,16,9.8128,3.985,5.8277
2024-11-26,17,6.7558,2.2085,4.5474
2024-11-26,18,6.9129,3.2022,3.7107
2024-11-26,19,5.3439,2.0725,3.2713
2024-11-26,20,2.0319,1.5463,3.4856
2024-11-26,21,4.5748,2.5304,8.0444
2024-11-26,22,5.2673,1.9658,3.3015
2024-11-26,23,2.0332,1.596,3.9372
2024-11-26,24,1.9124,1.6231,3.2893
2024-11-26,25,0.7546,0.2347,0.5199
2024-11-26,26,0.3801,0.1935,0.6866
2024-11-26,27,520.0512,420.3042,1149.7469
2024-11-26,28,298.3602,145.3233,153.0369
2024-11-26,29,1378.997,466.6873,912.3097
2024-11-26,30,547.3221,465.0881,82.23399999999998
2024-11-27,1,2.5762,1.1834,1.3927
2024-11-27,2,1.4182,0.6672,2.251
2024-11-27,3,1.7466,0.6591,1.0875
2024-11-27,4,0.6121,0.3246,1.2875
2024-11-27,5,1.0327,0.2707,0.762
2024-11-27,6,0.9623,0.3145,0.6478
2024-11-27,7,0.2112,0.1063,0.1049
2024-11-27,8,16.5302,12.057,30.4732
2024-11-27,9,13.6714,4.3243,9.3471
2024-11-27,10,13.0687,3.7017,9.3671
2024-11-27,11,13.341,7.4822,21.8588
2024-11-27,12,2.9958,1.3782,1.6176
2024-11-27,13,1.8961,0.7045,1.1916
2024-11-27,14,28.0485,11.9016,16.1469
2024-11-27,15,5.6296,3.4455,9.1842
2024-11-27,16,5.8277,4.1049,10.7228
2024-11-27,17,4.5474,2.2936,7.2538
2024-11-27,18,3.7107,3.0647,7.646
2024-11-27,19,3.2713,2.4173,5.354
2024-11-27,20,3.4856,1.0755,2.4101
2024-11-27,21,8.0444,1.6475,6.3969
2024-11-27,22,3.3015,1.6044,5.1971
2024-11-27,23,3.9372,0.7709,3.1663
2024-11-27,24,3.2893,1.4116,1.8777
2024-11-27,25,0.5199,0.2471,0.2728
2024-11-27,26,0.6866,0.1852,0.5014
2024-11-27,27,1149.7469,457.7458,692.0011
2024-11-27,28,153.0369,109.9554,293.0815
2024-11-27,29,784.5571,456.503,328.0541
2024-11-27,30,915.4767,454.5416,460.93510000000003
2024-11-28,1,1.3927,0.9314,2.4614
2024-11-28,2,2.251,0.9643,1.2867
2024-11-28,3,1.0875,0.4614,0.6261
2024-11-28,4,1.2875,0.4195,0.868
2024-11-28,5,0.762,0.2485,0.5135
2024-11-28,6,0.6478,0.2374,0.4105
2024-11-28,7,0.1049,0.0534,0.5515
2024-11-28,8,30.4732,11.6972,18.776
2024-11-28,9,9.3471,5.2972,13.0499
2024-11-28,10,9.3671,4.0148,5.3523
2024-11-28,11,21.8588,9.9359,11.9229
2024-11-28,12,1.6176,0.734,2.8836
2024-11-28,13,1.1916,0.8368,2.8547
2024-11-28,14,16.1469,11.51,28.6368
2024-11-28,15,9.1842,3.6949,5.4892
2024-11-28,16,10.7228,4.1936,6.5292
2024-11-28,17,7.2538,2.7814,4.4723
2024-11-28,18,7.646,2.7636,4.8824
2024-11-28,19,5.354,1.7154,3.6386
2024-11-28,20,2.4101,1.152,3.2581
2024-11-28,21,6.3969,3.0056,3.3913
2024-11-28,22,5.1971,2.3882,2.8089
2024-11-28,23,3.1663,1.343,1.8233
2024-11-28,24,1.8777,1.2395,3.6382
2024-11-28,25,0.2728,0.2283,1.0445
2024-11-28,26,0.5014,0.1976,0.3038
2024-11-28,27,692.0011,383.916,1158.0851
2024-11-28,28,293.0815,112.4617,180.6198
2024-11-28,29,1408.6336,407.307,1001.3265999999999
2024-11-28,30,608.8665,414.3695,194.49699999999996
2024-11-29,1,2.4614,0.8291,1.6323
2024-11-29,2,1.2867,0.7366,2.0501
2024-11-29,3,0.6261,0.4007,1.7254
2024-11-29,4,0.868,0.3849,0.4831
2024-11-29,5,0.5135,0.2459,0.2676
2024-11-29,6,0.4105,0.2108,1.1997
2024-11-29,7,0.5515,0.0717,0.4798
2024-11-29,8,18.776,11.4565,31.3195
2024-11-29,9,13.0499,5.1045,7.9454
2024-11-29,10,5.3523,5.3523,13.0
2024-11-29,11,11.9229,0.0,11.9229
2024-11-29,12,2.8836,1.053,1.8307
2024-11-29,13,2.8547,0.9803,1.8744
2024-11-29,14,28.6368,9.5643,19.0726
2024-11-29,15,5.4892,3.7966,8.6926
2024-11-29,16,6.5292,4.5263,11.0029
2024-11-29,17,4.4723,2.6908,7.7816
2024-11-29,18,4.8824,2.7697,7.1127
2024-11-29,19,3.6386,2.0249,5.1137
2024-11-29,20,3.2581,1.5504,1.7077
2024-11-29,21,3.3913,3.3913,8.0
2024-11-29,22,2.8089,1.1592,5.1497
2024-11-29,23,1.8233,1.1957,4.1276
2024-11-29,24,3.6382,1.2859,2.3523
2024-11-29,25,1.0445,0.3234,0.7211
2024-11-29,26,0.3038,0.1673,0.6364
2024-11-29,27,1158.0851,467.5548,690.5303
2024-11-29,28,180.6198,113.5566,317.0631
2024-11-29,29,786.046,461.3194,324.7266000000001
2024-11-29,30,842.4673,467.0483,375.41900000000004
2024-11-30,1,1.6323,1.1638,3.4685
2024-11-30,2,2.0501,1.1093,2.9408
2024-11-30,3,1.7254,0.8156,0.9098
2024-11-30,4,0.4831,0.4831,1.5
2024-11-30,5,0.2676,0.2676,1.0
2024-11-30,6,1.1997,0.3101,0.8897
2024-11-30,7,0.4798,0.0641,0.4157
2024-11-30,8,31.3195,20.8277,42.4918
2024-11-30,9,7.9454,7.2096,17.7357
2024-11-30,10,13.0,5.6485,7.3515
2024-11-30,11,11.9229,11.704,30.2189
2024-11-30,12,1.8307,1.5942,3.7364
2024-11-30,13,1.8744,1.0557,3.3188
2024-11-30,14,19.0726,12.5748,36.4977
2024-11-30,15,8.6926,4.2894,4.4031
2024-11-30,16,11.0029,5.3099,5.6929
2024-11-30,17,7.7816,3.0289,4.7526
2024-11-30,18,7.1127,3.5627,9.5501
2024-11-30,19,5.1137,3.1274,6.9863
2024-11-30,20,1.7077,1.1749,4.5328
2024-11-30,21,8.0,2.6546,5.3454
2024-11-30,22,5.1497,2.9553,6.6944
2024-11-30,23,4.1276,4.0858,5.5418
2024-11-30,24,2.3523,1.4314,4.9209
2024-11-30,25,0.7211,0.3819,1.3392
2024-11-30,26,0.6364,0.2504,0.3861
2024-11-30,27,690.5303,690.5303,1500.0
2024-11-30,28,317.0631,144.4587,172.6044
2024-11-30,29,1406.8471,798.7779,608.0691999999999
2024-11-30,30,529.9336,811.0396,0.0
2024-12-01,1,3.4685,0.9449,2.5236
2024-12-01,2,2.9408,1.1625,1.7783
2024-12-01,3,0.9098,0.7781,2.1317
2024-12-01,4,1.5,0.3879,1.1121
2024-12-01,5,1.0,0.3077,0.6923
2024-12-01,6,0.8897,0.4871,0.4026
2024-12-01,7,0.4157,0.0667,0.349
2024-12-01,8,42.4918,0.0,42.4918
2024-12-01,9,17.7357,5.6358,12.1
2024-12-01,10,7.3515,7.3515,16.0
2024-12-01,11,30.2189,11.5347,18.6842
2024-12-01,12,3.7364,0.9427,2.7937
2024-12-01,13,3.3188,1.225,2.0938
2024-12-01,14,36.4977,11.7088,24.7889
2024-12-01,15,4.4031,3.6818,11.7214
2024-12-01,16,5.6929,5.1008,13.5921
2024-12-01,17,4.7526,4.3143,9.4384
2024-12-01,18,9.5501,3.4088,6.1412
2024-12-01,19,6.9863,3.0617,3.9246
2024-12-01,20,4.5328,1.3847,3.148
2024-12-01,21,5.3454,4.4938,9.8516
2024-12-01,22,6.6944,1.8631,4.8313
2024-12-01,23,5.5418,2.6774,2.8644
2024-12-01,24,4.9209,1.3127,3.6082
2024-12-01,25,1.3392,0.3104,1.0288
2024-12-01,26,0.3861,0.238,1.148
2024-12-01,27,1500.0,667.3752,832.6248
2024-12-01,28,172.6044,143.0101,379.5944
2024-12-01,29,1890.2156,655.2209,1234.9947
2024-12-01,30,1172.2384,663.3952,508.8431999999999
2024-12-02,1,2.5236,1.0071,1.5165
2024-12-02,2,1.7783,0.8937,0.8846
2024-12-02,3,2.1317,0.4423,1.6895
2024-12-02,4,1.1121,0.4107,0.7014
2024-12-02,5,0.6923,0.2873,0.405
2024-12-02,6,0.4026,0.2994,1.1032
2024-12-02,7,0.349,0.0738,0.2752
2024-12-02,8,42.4918,13.584,28.9078
2024-12-02,9,12.1,3.8123,8.2877
2024-12-02,10,16.0,6.4137,9.5863
2024-12-02,11,18.6842,7.0092,11.675
2024-12-02,12,2.7937,1.1175,1.6762
2024-12-02,13,2.0938,1.029,1.0648
2024-12-02,14,24.7889,9.8911,14.8978
2024-12-02,15,11.7214,2.6129,9.1085
2024-12-02,16,13.5921,4.13,9.4622
2024-12-02,17,9.4384,2.5016,6.9368
2024-12-02,18,6.1412,2.6669,3.4744
2024-12-02,19,3.9246,2.1178,5.3068
2024-12-02,20,3.148,1.7511,1.397
2024-12-02,21,9.8516,2.5159,7.3357
2024-12-02,22,4.8313,1.8894,2.9419
2024-12-02,23,2.8644,0.8138,2.0506
2024-12-02,24,3.6082,1.3383,2.27
2024-12-02,25,1.0288,0.4655,0.5632
2024-12-02,26,1.148,0.2709,0.8771
2024-12-02,27,832.6248,497.0662,1135.5586
2024-12-02,28,379.5944,95.1424,284.452
2024-12-02,29,1227.8778,477.135,750.7428
2024-12-02,30,736.4855,475.5888,260.8967
2024-12-03,1,1.5165,0.9132,2.6033
2024-12-03,2,0.8846,0.8846,2.0
2024-12-03,3,1.6895,0.3928,1.2967
2024-12-03,4,0.7014,0.3519,1.3495
2024-12-03,5,0.405,0.2385,0.6665
2024-12-03,6,1.1032,0.2839,0.8193
2024-12-03,7,0.2752,0.0925,0.1827
2024-12-03,8,28.9078,11.6775,17.2303
2024-12-03,9,8.2877,5.1125,13.1752
2024-12-03,10,9.5863,4.6854,4.9009
2024-12-03,11,11.675,9.9383,22.7368
2024-12-03,12,1.6762,0.8895,2.7867
2024-12-03,13,1.0648,1.0648,2.5
2024-12-03,14,14.8978,9.6025,28.2953
2024-12-03,15,9.1085,2.8271,6.2814
2024-12-03,16,9.4622,5.0717,4.3904
2024-12-03,17,6.9368,2.7941,4.1427
2024-12-03,18,3.4744,2.2523,7.222
2024-12-03,19,5.3068,1.4973,3.8095
2024-12-03,20,1.397,1.397,3.5
2024-12-03,21,7.3357,3.9241,3.4116
2024-12-03,22,2.9419,1.4323,5.0096
2024-12-03,23,2.0506,1.4602,4.0904
2024-12-03,24,2.27,0.9077,1.3622
2024-12-03,25,0.5632,0.2058,0.3575
2024-12-03,26,0.8771,0.2949,0.5822
2024-12-03,27,1135.5586,392.7992,742.7594
2024-12-03,28,284.452,97.4657,186.9863
2024-12-03,29,644.1938,397.1943,246.9995
2024-12-03,30,404.7929,398.3458,6.447099999999978
2024-12-04,1,2.6033,0.7393,1.864
2024-12-04,2,2.0,0.7159,1.2841
2024-12-04,3,1.2967,0.4128,0.8838
2024-12-04,4,1.3495,0.3868,0.9627
2024-12-04,5,0.6665,0.2255,0.441
2024-12-04,6,0.8193,0.1753,0.6439
2024-12-04,7,0.1827,0.065,0.1177
2024-12-04,8,17.2303,14.5555,31.6748
2024-12-04,9,13.1752,6.9651,6.2101
2024-12-04,10,4.9009,4.9009,13.0
2024-12-04,11,22.7368,6.4311,16.3057
2024-12-04,12,2.7867,0.8518,1.9349
2024-12-04,13,2.5,0.9938,1.5062
2024-12-04,14,28.2953,11.1249,17.1704
2024-12-04,15,6.2814,2.7728,3.5086
2024-12-04,16,4.3904,4.3904,11.0
2024-12-04,17,4.1427,2.4198,7.723
2024-12-04,18,7.222,3.1137,4.1083
2024-12-04,19,3.8095,1.4547,2.3548
2024-12-04,20,3.5,1.6176,1.8824
2024-12-04,21,3.4116,3.4116,8.0
2024-12-04,22,5.0096,1.4736,3.536
2024-12-04,23,4.0904,1.0393,3.0511
2024-12-04,24,1.3622,0.9245,3.4377
2024-12-04,25,0.3575,0.3575,1.0
2024-12-04,26,0.5822,0.4178,0.6644
2024-12-04,27,742.7594,503.9173,1138.8421
2024-12-04,28,186.9863,98.1627,288.8236
2024-12-04,29,1493.108,481.4152,1011.6927999999999
2024-12-04,30,881.451,479.2525,402.1985
2024-12-05,1,1.864,1.245,2.619
2024-12-05,2,1.2841,0.8232,2.4609
2024-12-05,3,0.8838,0.7473,1.6365
2024-12-05,4,0.9627,0.3494,0.6132
2024-12-05,5,0.441,0.2672,0.6738
2024-12-05,6,0.6439,0.3482,0.7958
2024-12-05,7,0.1177,0.0865,0.5313
2024-12-05,8,31.6748,11.5915,20.0833
2024-12-05,9,6.2101,4.0592,13.1509
2024-12-05,10,13.0,3.6317,9.3683
2024-12-05,11,16.3057,8.6541,22.6517
2024-12-05,12,1.9349,0.8921,3.0427
2024-12-05,13,1.5062,0.7029,2.8033
2024-12-05,14,17.1704,14.4584,27.7121
2024-12-05,15,3.5086,2.5834,8.9252
2024-12-05,16,11.0,4.2585,6.7415
2024-12-05,17,7.723,3.136,4.587
2024-12-05,18,4.1083,3.2975,7.8108
2024-12-05,19,2.3548,2.3548,5.0
2024-12-05,20,1.8824,1.0746,3.3078
2024-12-05,21,8.0,4.1416,3.8584
2024-12-05,22,3.536,1.4645,2.0715
2024-12-05,23,3.0511,0.0,3.0511
2024-12-05,24,3.4377,1.0586,2.3792
2024-12-05,25,1.0,0.185,0.815
2024-12-05,26,0.6644,0.294,0.3704
2024-12-05,27,1138.8421,388.7717,750.0705
2024-12-05,28,288.8236,114.3729,174.4507
2024-12-05,29,914.0302,399.2781,514.7521
2024-12-05,30,496.344,402.4305,93.9135
2024-12-06,1,2.619,0.7675,1.8515
2024-12-06,2,2.4609,0.9333,1.5276
2024-12-06,3,1.6365,0.5347,1.1019
2024-12-06,4,0.6132,0.3176,1.2956
2024-12-06,5,0.6738,0.2997,0.374
2024-12-06,6,0.7958,0.2653,0.5305
2024-12-06,7,0.5313,0.0722,0.4591
2024-12-06,8,20.0833,11.5104,30.5729
2024-12-06,9,13.1509,5.3484,7.8025
2024-12-06,10,9.3683,5.4761,12.8922
2024-12-06,11,22.6517,9.8357,12.816
2024-12-06,12,3.0427,1.0437,1.9991
2024-12-06,13,2.8033,1.2567,1.5466
2024-12-06,14,27.7121,11.5852,16.1268
2024-12-06,15,8.9252,3.4667,5.4585
2024-12-06,16,6.7415,4.1601,10.5815
2024-12-06,17,4.587,2.9385,7.6484
2024-12-06,18,7.8108,2.674,5.1369
2024-12-06,19,5.0,2.3853,2.6147
2024-12-06,20,3.3078,1.2588,2.0491
2024-12-06,21,3.8584,3.7125,8.1459
2024-12-06,22,2.0715,1.567,5.0045
2024-12-06,23,3.0511,0.8649,2.1862
2024-12-06,24,2.3792,1.9915,3.3877
2024-12-06,25,0.815,0.201,0.614
2024-12-06,26,0.3704,0.2163,0.6541
2024-12-06,27,750.0705,441.7713,1158.2992
2024-12-06,28,174.4507,133.7266,290.7241
2024-12-06,29,1482.1678,460.3211,1021.8466999999999
2024-12-06,30,881.5856,457.8312,423.7544
2024-12-07,1,1.8515,1.1442,3.2072
2024-12-07,2,1.5276,0.7318,2.7958
2024-12-07,3,1.1019,0.4821,2.1198
2024-12-07,4,1.2956,0.5286,0.767
2024-12-07,5,0.374,0.2971,1.0769
2024-12-07,6,0.5305,0.526,1.5045
2024-12-07,7,0.4591,0.0993,0.3598
2024-12-07,8,30.5729,16.4232,41.1497
2024-12-07,9,7.8025,7.4535,17.349
2024-12-07,10,12.8922,6.3456,6.5466
2024-12-07,11,12.816,12.816,29.0
2024-12-07,12,1.9991,1.5492,3.9498
2024-12-07,13,1.5466,1.4691,3.5775
2024-12-07,14,16.1268,16.1268,37.0
2024-12-07,15,5.4585,4.0815,11.377
2024-12-07,16,10.5815,5.7289,13.8526
2024-12-07,17,7.6484,3.4083,4.2401
2024-12-07,18,5.1369,3.7619,9.375
2024-12-07,19,2.6147,1.9753,6.6394
2024-12-07,20,2.0491,1.8995,4.6495
2024-12-07,21,8.1459,6.2949,9.8509
2024-12-07,22,5.0045,2.373,2.6315
2024-12-07,23,2.1862,1.8552,5.331
2024-12-07,24,3.3877,1.2767,2.111
2024-12-07,25,0.614,0.5138,1.1002
2024-12-07,26,0.6541,0.0,0.6541
2024-12-07,27,1158.2992,695.2037,1463.0955
2024-12-07,28,290.7241,138.0549,152.6693
2024-12-07,29,970.262,691.0293,279.2326999999999
2024-12-07,30,525.1442,698.1396,0.0
2024-12-08,1,3.2072,1.4761,1.7312
2024-12-08,2,2.7958,1.6367,1.159
2024-12-08,3,2.1198,0.6706,1.4492
2024-12-08,4,0.767,0.4407,1.3263
2024-12-08,5,1.0769,0.361,0.7159
2024-12-08,6,1.5045,0.2827,1.2218
2024-12-08,7,0.3598,0.0774,0.2824
2024-12-08,8,41.1497,0.0,41.1497
2024-12-08,9,17.349,6.9878,10.3612
2024-12-08,10,6.5466,6.2275,16.3191
2024-12-08,11,29.0,14.5662,14.4338
2024-12-08,12,3.9498,1.4728,2.477
2024-12-08,13,3.5775,1.1424,2.4351
2024-12-08,14,37.0,17.9601,19.0399
2024-12-08,15,11.377,3.6101,7.7669
2024-12-08,16,13.8526,5.189,8.6636
2024-12-08,17,4.2401,3.6812,9.5589
2024-12-08,18,9.375,4.5462,4.8288
2024-12-08,19,6.6394,3.0938,3.5456
2024-12-08,20,4.6495,1.2099,3.4396
2024-12-08,21,9.8509,3.7056,6.1453
2024-12-08,22,2.6315,2.2625,6.8689
2024-12-08,23,5.331,2.568,2.763
2024-12-08,24,2.111,0.0,2.111
2024-12-08,25,1.1002,0.5224,0.5778
2024-12-08,26,0.6541,0.3173,0.3368
2024-12-08,27,1463.0955,574.0842,889.0113
2024-12-08,28,152.6693,128.9989,373.6703
2024-12-08,29,1852.1113,578.7712,1273.3401
2024-12-08,30,1126.8818,587.7529,539.1289000000002
2024-12-09,1,1.7312,0.9413,2.7899
2024-12-09,2,1.159,0.6461,2.013
2024-12-09,3,1.4492,0.4721,0.9772
2024-12-09,4,1.3263,0.3272,0.9991
2024-12-09,5,0.7159,0.2437,0.4722
2024-12-09,6,1.2218,0.3679,0.8539
2024-12-09,7,0.2824,0.0694,0.213
2024-12-09,8,41.1497,13.3508,27.799
2024-12-09,9,10.3612,6.1229,13.2383
2024-12-09,10,16.3191,3.8571,12.462
2024-12-09,11,14.4338,9.4462,21.9876
2024-12-09,12,2.477,1.2809,1.1961
2024-12-09,13,2.4351,0.9279,1.5072
2024-12-09,14,19.0399,9.6474,28.3926
2024-12-09,15,7.7669,2.9465,4.8204
2024-12-09,16,8.6636,4.7711,10.8925
2024-12-09,17,9.5589,2.9262,6.6327
2024-12-09,18,4.8288,2.3445,7.4843
2024-12-09,19,3.5456,2.7744,5.2713
2024-12-09,20,3.4396,1.4866,1.953
2024-12-09,21,6.1453,1.2977,4.8477
2024-12-09,22,6.8689,2.4421,4.4269
2024-12-09,23,2.763,1.3278,3.9352
2024-12-09,24,2.111,0.8526,1.2584
2024-12-09,25,0.5778,0.2483,0.3294
2024-12-09,26,0.3368,0.2891,0.5477
2024-12-09,27,889.0113,442.4427,1146.5686
2024-12-09,28,373.6703,118.3529,255.3175
2024-12-09,29,1036.4594,448.0429,588.4165
2024-12-09,30,699.215,444.5039,254.71110000000004
2024-12-10,1,2.7899,0.9932,1.7967
2024-12-10,2,2.013,0.5972,1.4157
2024-12-10,3,0.9772,0.4965,1.4807
2024-12-10,4,0.9991,0.307,0.692
2024-12-10,5,0.4722,0.2609,0.7112
2024-12-10,6,0.8539,0.3802,0.4738
2024-12-10,7,0.213,0.0588,0.1542
2024-12-10,8,27.799,14.4722,13.3268
2024-12-10,9,13.2383,5.1736,8.0647
2024-12-10,10,12.462,5.2713,7.1908
2024-12-10,11,21.9876,8.1803,13.8073
2024-12-10,12,1.1961,0.9418,2.7543
2024-12-10,13,1.5072,0.6883,2.8189
2024-12-10,14,28.3926,10.1202,18.2724
2024-12-10,15,4.8204,3.5121,8.3082
2024-12-10,16,10.8925,3.7853,7.1072
2024-12-10,17,6.6327,2.6368,3.9959
2024-12-10,18,7.4843,3.3189,4.1655
2024-12-10,19,5.2713,2.4494,2.8219
2024-12-10,20,1.953,1.4358,3.5172
2024-12-10,21,4.8477,3.3888,7.4588
2024-12-10,22,4.4269,1.7261,2.7008
2024-12-10,23,3.9352,1.9238,2.0114
2024-12-10,24,1.2584,0.9212,3.3372
2024-12-10,25,0.3294,0.193,1.1364
2024-12-10,26,0.5477,0.1839,0.3638
2024-12-10,27,1146.5686,429.1287,717.4399
2024-12-10,28,255.3175,116.5946,138.7228
2024-12-10,29,1492.2367,435.6924,1056.5443
2024-12-10,30,925.3112,438.3736,486.9376
2024-12-11,1,1.7967,1.0777,2.719
2024-12-11,2,1.4157,0.9202,1.9956
2024-12-11,3,1.4807,0.5924,0.8882
2024-12-11,4,0.692,0.5203,1.1717
2024-12-11,5,0.7112,0.2855,0.4257
2024-12-11,6,0.4738,0.3038,1.17
2024-12-11,7,0.1542,0.08,0.0742
2024-12-11,8,13.3268,0.0,13.3268
2024-12-11,9,8.0647,6.1219,12.9428
2024-12-11,10,7.1908,5.0103,13.1805
2024-12-11,11,13.8073,10.1864,22.6209
2024-12-11,12,2.7543,1.3783,1.376
2024-12-11,13,2.8189,1.3145,1.5043
2024-12-11,14,18.2724,11.5121,27.7603
2024-12-11,15,8.3082,2.5415,5.7668
2024-12-11,16,7.1072,3.5842,10.5229
2024-12-11,17,3.9959,2.3634,7.6325
2024-12-11,18,4.1655,2.5203,7.6452
2024-12-11,19,2.8219,1.7841,5.5378
2024-12-11,20,3.5172,1.4555,2.0618
2024-12-11,21,7.4588,4.17,3.2888
2024-12-11,22,2.7008,1.2302,5.4706
2024-12-11,23,2.0114,0.936,4.0754
2024-12-11,24,3.3372,1.4244,1.9128
2024-12-11,25,1.1364,0.2838,0.8526
2024-12-11,26,0.3638,0.1818,0.682
2024-12-11,27,717.4399,346.8114,1170.6286
2024-12-11,28,138.7228,105.7962,282.9267
2024-12-11,29,920.2828,375.3835,544.8992999999999
2024-12-11,30,653.914,377.701,276.21299999999997
2024-12-12,1,2.719,0.6836,2.0354
2024-12-12,2,1.9956,0.8467,1.1489
2024-12-12,3,0.8882,0.5184,1.3698
2024-12-12,4,1.1717,0.3061,0.8656
2024-12-12,5,0.4257,0.2071,0.7187
2024-12-12,6,1.17,0.2711,0.8989
2024-12-12,7,0.0742,0.0622,0.512
2024-12-12,8,13.3268,13.0047,29.3221
2024-12-12,9,12.9428,4.4309,8.5118
2024-12-12,10,13.1805,3.8279,9.3526
2024-12-12,11,22.6209,10.1037,12.5172
2024-12-12,12,1.376,0.8301,3.0459
2024-12-12,13,1.5043,0.8905,2.6139
2024-12-12,14,27.7603,12.2032,15.5571
2024-12-12,15,5.7668,3.6484,9.1184
2024-12-12,16,10.5229,3.845,6.678
2024-12-12,17,7.6325,3.0014,4.6311
2024-12-12,18,7.6452,2.6086,5.0366
2024-12-12,19,5.5378,0.0,5.5378
2024-12-12,20,2.0618,1.0575,3.5042
2024-12-12,21,3.2888,0.0,3.2888
2024-12-12,22,5.4706,1.8627,3.6079
2024-12-12,23,4.0754,1.7207,2.3546
2024-12-12,24,1.9128,1.4288,3.4839
2024-12-12,25,0.8526,0.3413,0.5113
2024-12-12,26,0.682,0.2137,0.4683
2024-12-12,27,1170.6286,469.8175,700.8111
2024-12-12,28,282.9267,107.4901,175.4366
2024-12-12,29,1418.9003,463.0939,955.8063999999999
2024-12-12,30,908.387,458.8956,449.49139999999994
2024-12-13,1,2.0354,0.9428,1.0926
2024-12-13,2,1.1489,0.9758,2.173
2024-12-13,3,1.3698,0.4963,0.8735
2024-12-13,4,0.8656,0.4494,0.4162
2024-12-13,5,0.7187,0.2934,0.4253
2024-12-13,6,0.8989,0.407,0.4919
2024-12-13,7,0.512,0.0517,0.4602
2024-12-13,8,29.3221,9.2769,20.0453
2024-12-13,9,8.5118,4.8415,12.6703
2024-12-13,10,9.3526,4.137,5.2156
2024-12-13,11,12.5172,7.602,21.9152
2024-12-13,12,3.0459,1.0369,2.009
2024-12-13,13,2.6139,1.2008,1.4131
2024-12-13,14,15.5571,12.6934,27.8637
2024-12-13,15,9.1184,2.7685,6.3499
2024-12-13,16,6.678,4.4567,11.2212
2024-12-13,17,4.6311,2.255,7.3761
2024-12-13,18,5.0366,3.0992,6.9374
2024-12-13,19,5.5378,2.4692,3.0686
2024-12-13,20,3.5042,1.0119,2.4924
2024-12-13,21,3.2888,2.7243,7.5645
2024-12-13,22,3.6079,1.5405,2.0674
2024-12-13,23,2.3546,1.8969,3.9578
2024-12-13,24,3.4839,1.5849,1.8991
2024-12-13,25,0.5113,0.3312,0.6801
2024-12-13,26,0.4683,0.3199,0.6484
2024-12-13,27,700.8111,402.6664,1148.1447
2024-12-13,28,175.4366,98.579,326.8576
2024-12-13,29,830.8874,397.3497,433.5377
2024-12-13,30,571.2359,401.5412,169.6947
2024-12-14,1,1.0926,1.0926,3.0
2024-12-14,2,2.173,0.8794,1.2937
2024-12-14,3,0.8735,0.6298,1.7436
2024-12-14,4,0.4162,0.0,1.4162
2024-12-14,5,0.4253,0.2781,1.1472
2024-12-14,6,0.4919,0.4919,1.0
2024-12-14,7,0.4602,0.0682,0.392
2024-12-14,8,20.0453,14.598,39.4472
2024-12-14,9,12.6703,0.0,12.6703
2024-12-14,10,5.2156,5.2156,16.0
2024-12-14,11,21.9152,11.4095,28.5057
2024-12-14,12,2.009,1.499,3.51
2024-12-14,13,1.4131,0.9239,3.4892
2024-12-14,14,27.8637,13.2319,14.6318
2024-12-14,15,6.3499,4.5946,11.7553
2024-12-14,16,11.2212,4.7088,6.5124
2024-12-14,17,7.3761,3.9941,9.382
2024-12-14,18,6.9374,3.5866,9.3509
2024-12-14,19,3.0686,3.0686,6.5
2024-12-14,20,2.4924,1.4573,4.535
2024-12-14,21,7.5645,2.4784,5.0861
2024-12-14,22,2.0674,2.0674,6.5
2024-12-14,23,3.9578,1.8395,2.1183
2024-12-14,24,1.8991,1.1221,4.7769
2024-12-14,25,0.6801,0.3226,0.3575
2024-12-14,26,0.6484,0.2355,0.4129
2024-12-14,27,1148.1447,630.4403,1467.7044
2024-12-14,28,326.8576,160.4908,166.3667
2024-12-14,29,1467.2972,631.1581,836.1391
2024-12-14,30,877.1015,638.0028,239.0987
2024-12-15,1,3.0,1.0585,1.9415
2024-12-15,2,1.2937,1.1585,2.6352
2024-12-15,3,1.7436,0.7249,1.0187
2024-12-15,4,1.4162,0.4147,1.0014
2024-12-15,5,1.1472,0.4409,0.7063
2024-12-15,6,1.0,0.5948,0.4052
2024-12-15,7,0.392,0.0824,0.3096
2024-12-15,8,39.4472,18.4676,20.9797
2024-12-15,9,12.6703,7.1505,17.5198
2024-12-15,10,16.0,7.039,8.961
2024-12-15,11,28.5057,6.9848,21.5209
2024-12-15,12,3.51,1.1589,2.3511
2024-12-15,13,3.4892,1.0917,2.3975
2024-12-15,14,14.6318,13.6975,36.9343
2024-12-15,15,11.7553,4.0285,7.7268
2024-12-15,16,6.5124,5.5852,13.9272
2024-12-15,17,9.382,3.913,5.469
2024-12-15,18,9.3509,3.655,5.6958
2024-12-15,19,6.5,3.2962,3.2038
2024-12-15,20,4.535,2.0721,2.4629
2024-12-15,21,5.0861,2.5678,10.5183
2024-12-15,22,6.5,2.9126,3.5874
2024-12-15,23,2.1183,1.8491,5.2692
2024-12-15,24,4.7769,1.4186,3.3583
2024-12-15,25,0.3575,0.1914,1.1661
2024-12-15,26,0.4129,0.2108,1.2021
2024-12-15,27,1467.7044,530.2639,937.4405
2024-12-15,28,166.3667,119.4756,396.8912
2024-12-15,29,1909.3685,524.834,1384.5345000000002
2024-12-15,30,1148.5233,518.6365,629.8868000000001
2024-12-16,1,1.9415,1.216,2.7255
2024-12-16,2,2.6352,0.5758,2.0595
2024-12-16,3,1.0187,0.4886,0.5301
2024-12-16,4,1.0014,0.3197,0.6818
2024-12-16,5,0.7063,0.3463,0.36
2024-12-16,6,0.4052,0.2386,1.1666
2024-12-16,7,0.3096,0.077,0.2326
2024-12-16,8,20.9797,12.0283,31.9513
2024-12-16,9,17.5198,4.4622,13.0576
2024-12-16,10,8.961,6.1585,12.8025
2024-12-16,11,21.5209,12.2627,9.2582
2024-12-16,12,2.3511,0.9755,1.3756
2024-12-16,13,2.3975,0.9631,1.4344
2024-12-16,14,36.9343,10.2304,26.7039
2024-12-16,15,7.7268,2.8403,4.8865
2024-12-16,16,13.9272,4.7995,9.1277
2024-12-16,17,5.469,2.9001,7.5689
2024-12-16,18,5.6958,2.4566,3.2392
2024-12-16,19,3.2038,1.6416,5.5622
2024-12-16,20,2.4629,1.412,3.5509
2024-12-16,21,10.5183,2.7877,7.7306
2024-12-16,22,3.5874,2.4422,5.1452
2024-12-16,23,5.2692,1.9067,3.3625
2024-12-16,24,3.3583,1.5826,1.7757
2024-12-16,25,1.1661,0.2866,0.8795
2024-12-16,26,1.2021,0.184,1.0181
2024-12-16,27,937.4405,503.0726,1134.3678
2024-12-16,28,396.8912,112.6393,284.2519
2024-12-16,29,1210.3286,510.9189,699.4097
2024-12-16,30,737.0367,512.904,224.1327
2024-12-17,1,2.7255,1.0747,1.6508
2024-12-17,2,2.0595,0.7714,1.2881
2024-12-17,3,0.5301,0.4422,1.588
2024-12-17,4,0.6818,0.4099,1.2719
2024-12-17,5,0.36,0.2837,1.0762
2024-12-17,6,1.1666,0.29,0.8766
2024-12-17,7,0.2326,0.0652,0.1673
2024-12-17,8,31.9513,11.364,20.5874
2024-12-17,9,13.0576,5.4479,7.6097
2024-12-17,10,12.8025,5.9328,6.8698
2024-12-17,11,9.2582,9.2582,24.0
2024-12-17,12,1.3756,1.1203,2.7553
2024-12-17,13,1.4344,1.0171,2.4173
2024-12-17,14,26.7039,11.5641,15.1398
2024-12-17,15,4.8865,3.7043,9.1822
2024-12-17,16,9.1277,3.8415,5.2862
2024-12-17,17,7.5689,2.3507,5.2182
2024-12-17,18,3.2392,2.7928,7.4464
2024-12-17,19,5.5622,2.3363,3.2259
2024-12-17,20,3.5509,1.6798,1.8711
2024-12-17,21,7.7306,4.0059,3.7247
2024-12-17,22,5.1452,1.4572,3.6881
2024-12-17,23,3.3625,1.7845,4.078
2024-12-17,24,1.7757,0.9733,3.8023
2024-12-17,25,0.8795,0.2829,0.5966
2024-12-17,26,1.0181,0.1484,0.8697
2024-12-17,27,1134.3678,503.0386,631.3292
2024-12-17,28,284.2519,125.5384,158.7135
2024-12-17,29,754.6653,558.5852,196.08010000000002
2024-12-17,30,372.3522,552.3828,0.0
2024-12-18,1,1.6508,0.8274,0.8234
2024-12-18,2,1.2881,0.9389,0.3492
2024-12-18,3,1.588,0.5421,1.0458
2024-12-18,4,1.2719,0.3993,0.8726
2024-12-18,5,1.0762,0.2247,0.8516
2024-12-18,6,0.8766,0.3731,0.5035
2024-12-18,7,0.1673,0.0966,0.0707
2024-12-18,8,20.5874,14.5005,6.0869
2024-12-18,9,7.6097,5.5621,2.0476
2024-12-18,10,6.8698,4.4616,2.4081
2024-12-18,11,24.0,8.8163,15.1837
2024-12-18,12,2.7553,0.9036,1.8517
2024-12-18,13,2.4173,1.131,1.2863
2024-12-18,14,15.1398,11.81,3.3298
2024-12-18,15,9.1822,2.9089,6.2733
2024-12-18,16,5.2862,4.3099,0.9763
2024-12-18,17,5.2182,2.7632,2.455
2024-12-18,18,7.4464,2.7667,4.6798
2024-12-18,19,3.2259,1.3461,1.8798
2024-12-18,20,1.8711,1.3474,0.5237
2024-12-18,21,3.7247,2.9206,0.8041
2024-12-18,22,3.6881,1.8681,1.82
2024-12-18,23,4.078,1.019,3.059
2024-12-18,24,3.8023,1.6237,2.1786
2024-12-18,25,0.5966,0.2691,0.3275
2024-12-18,26,0.8697,0.1504,0.7193
2024-12-18,27,631.3292,463.3123,168.0169
2024-12-18,28,158.7135,102.7864,55.9271
2024-12-18,29,1463.374,484.8505,978.5235
2024-12-18,30,372.3522,487.4188,0.0
2024-12-19,1,0.8234,0.8234,2.5
2024-12-19,2,0.3492,0.3492,2.0
2024-12-19,3,1.0458,0.3931,0.6527
2024-12-19,4,0.8726,0.5041,1.3685
2024-12-19,5,0.8516,0.3429,0.5086
2024-12-19,6,0.5035,0.3438,1.1597
2024-12-19,7,0.0707,0.0707,0.5
2024-12-19,8,6.0869,6.0869,31.0
2024-12-19,9,2.0476,2.0476,13.0
2024-12-19,10,2.4081,2.4081,13.0
2024-12-19,11,15.1837,11.4303,22.7535
2024-12-19,12,1.8517,1.1599,2.6918
2024-12-19,13,1.2863,0.4473,2.839
2024-12-19,14,3.3298,3.3298,28.0
2024-12-19,15,6.2733,3.0189,9.2544
2024-12-19,16,0.9763,0.9763,11.0
2024-12-19,17,2.455,2.455,7.0
2024-12-19,18,4.6798,3.0567,7.6231
2024-12-19,19,1.8798,1.8798,5.5
2024-12-19,20,0.5237,0.5237,3.5
2024-12-19,21,0.8041,0.8041,8.0
2024-12-19,22,1.82,1.82,5.0
2024-12-19,23,3.059,0.8157,2.2433
2024-12-19,24,2.1786,1.5255,3.6532
2024-12-19,25,0.3275,0.2623,1.0652
2024-12-19,26,0.7193,0.3322,0.387
2024-12-19,27,168.0169,168.0169,1150.0
2024-12-19,28,55.9271,55.9271,300.0
2024-12-19,29,957.31,222.4343,734.8756999999999
2024-12-19,30,54.1271,226.0538,0.0
2024-12-20,1,2.5,0.6899,1.8101
2024-12-20,2,2.0,0.7891,1.2109
2024-12-20,3,0.6527,0.4909,1.6618
2024-12-20,4,1.3685,0.5797,0.7888
2024-12-20,5,0.5086,0.2616,0.747
2024-12-20,6,1.1597,0.2633,0.8965
2024-12-20,7,0.5,0.0457,0.4543
2024-12-20,8,31.0,14.2051,16.7949
2024-12-20,9,13.0,6.2993,6.7007
2024-12-20,10,13.0,5.5312,7.4688
2024-12-20,11,22.7535,9.1386,13.6149
2024-12-20,12,2.6918,1.1753,1.5165
2024-12-20,13,2.839,1.0474,1.7916
2024-12-20,14,28.0,10.9209,17.0791
2024-12-20,15,9.2544,3.5318,5.7226
2024-12-20,16,11.0,5.0562,5.9438
2024-12-20,17,7.0,2.7095,4.2905
2024-12-20,18,7.6231,2.8517,4.7714
2024-12-20,19,5.5,2.1358,3.3642
2024-12-20,20,3.5,1.2889,2.2111
2024-12-20,21,8.0,3.0141,4.9859
2024-12-20,22,5.0,3.0626,5.4374
2024-12-20,23,2.2433,1.2184,4.0249
2024-12-20,24,3.6532,0.9577,2.6954
2024-12-20,25,1.0652,0.4712,0.594
2024-12-20,26,0.387,0.1678,0.2192
2024-12-20,27,1150.0,468.6628,681.3372
2024-12-20,28,300.0,113.213,186.787
2024-12-20,29,957.31,461.5026,495.8074
2024-12-20,30,900.0,469.6368,430.3632
2024-12-21,1,1.8101,0.832,2.9781
2024-12-21,2,1.2109,0.8091,2.9017
2024-12-21,3,1.6618,0.7351,0.9266
2024-12-21,4,0.7888,0.6249,1.6639
2024-12-21,5,0.747,0.0,0.747
2024-12-21,6,0.8965,0.2324,0.6641
2024-12-21,7,0.4543,0.083,0.3713
2024-12-21,8,16.7949,15.2224,39.5725
2024-12-21,9,6.7007,5.344,16.3567
2024-12-21,10,7.4688,5.008,16.4608
2024-12-21,11,13.6149,8.7929,27.822
2024-12-21,12,1.5165,1.0605,3.456
2024-12-21,13,1.7916,1.1979,3.0937
2024-12-21,14,17.0791,14.3534,36.7257
2024-12-21,15,5.7226,4.5179,11.2047
2024-12-21,16,5.9438,4.4535,13.4903
2024-12-21,17,4.2905,3.1249,9.1656
2024-12-21,18,4.7714,4.1654,9.606
2024-12-21,19,3.3642,2.9835,6.3808
2024-12-21,20,2.2111,1.1684,4.5427
2024-12-21,21,4.9859,2.7431,10.2429
2024-12-21,22,5.4374,1.659,3.7783
2024-12-21,23,4.0249,2.1968,4.8281
2024-12-21,24,2.6954,1.6574,4.0381
2024-12-21,25,0.594,0.3684,1.2256
2024-12-21,26,0.2192,0.2192,1.0
2024-12-21,27,681.3372,539.1363,1492.2009
2024-12-21,28,186.787,132.7935,403.9936
2024-12-21,29,1410.159,539.075,871.0840000000001
2024-12-21,30,584.6138,537.2666,47.34719999999993
2024-12-22,1,2.9781,1.1778,1.8003
2024-12-22,2,2.9017,1.1214,1.7803
2024-12-22,3,0.9266,0.7813,2.1454
2024-12-22,4,1.6639,0.5345,1.1293
2024-12-22,5,0.747,0.3324,0.4146
2024-12-22,6,0.6641,0.5123,1.1517
2024-12-22,7,0.3713,0.0896,0.2817
2024-12-22,8,39.5725,17.1611,22.4114
2024-12-22,9,16.3567,6.3159,10.0408
2024-12-22,10,16.4608,8.6813,7.7795
2024-12-22,11,27.822,11.082,16.74
2024-12-22,12,3.456,1.217,2.239
2024-12-22,13,3.0937,1.0241,2.0696
2024-12-22,14,36.7257,13.3806,23.3451
2024-12-22,15,11.2047,4.6298,6.5749
2024-12-22,16,13.4903,5.9585,7.5317
2024-12-22,17,9.1656,4.557,4.6086
2024-12-22,18,9.606,3.8494,5.7566
2024-12-22,19,6.3808,2.3647,4.0161
2024-12-22,20,4.5427,2.5806,1.9621
2024-12-22,21,10.2429,5.6973,4.5456
2024-12-22,22,3.7783,2.0513,7.227
2024-12-22,23,4.8281,1.3317,3.4964
2024-12-22,24,4.0381,0.0,4.0381
2024-12-22,25,1.2256,0.315,0.9105
2024-12-22,26,1.0,0.2771,0.7229
2024-12-22,27,1492.2009,565.2132,926.9877
2024-12-22,28,403.9936,154.3901,249.6034
2024-12-22,29,745.6236,580.0235,165.6001
2024-12-22,30,1128.6522,589.8087,538.8435
2024-12-23,1,1.8003,0.6125,1.1878
2024-12-23,2,1.7803,0.6686,1.1117
2024-12-23,3,2.1454,0.5484,1.597
2024-12-23,4,1.1293,0.5448,0.5845
2024-12-23,5,0.4146,0.2882,1.1264
2024-12-23,6,1.1517,0.2305,0.9212
2024-12-23,7,0.2817,0.0607,0.221
2024-12-23,8,22.4114,13.886,31.5255
2024-12-23,9,10.0408,4.4688,5.572
2024-12-23,10,7.7795,4.7724,13.0071
2024-12-23,11,16.74,7.4532,9.2868
2024-12-23,12,2.239,1.3704,2.8686
2024-12-23,13,2.0696,1.0101,1.0596
2024-12-23,14,23.3451,10.4459,12.8992
2024-12-23,15,6.5749,3.4368,9.1381
2024-12-23,16,7.5317,4.2285,11.3032
2024-12-23,17,4.6086,2.0575,7.5511
2024-12-23,18,5.7566,2.5247,3.232
2024-12-23,19,4.0161,2.3615,5.1545
2024-12-23,20,1.9621,1.3989,3.5632
2024-12-23,21,4.5456,2.5533,7.9923
2024-12-23,22,7.227,2.2009,5.0262
2024-12-23,23,3.4964,2.102,3.8944
2024-12-23,24,4.0381,1.1049,2.9332
2024-12-23,25,0.9105,0.2388,0.6717
2024-12-23,26,0.7229,0.2422,0.4807
2024-12-23,27,926.9877,461.3082,465.6795
2024-12-23,28,249.6034,132.4002,117.2032
2024-12-23,29,2000.0,477.1502,1522.8498
2024-12-23,30,666.8719,479.6155,187.25639999999999
2024-12-24,1,1.1878,0.9274,2.7603
2024-12-24,2,1.1117,0.7475,2.3643
2024-12-24,3,1.597,0.42,1.177
2024-12-24,4,0.5845,0.3539,1.2306
2024-12-24,5,1.1264,0.2752,0.8512
2024-12-24,6,0.9212,0.3834,0.5378
2024-12-24,7,0.221,0.0769,0.1441
2024-12-24,8,31.5255,9.7521,21.7734
2024-12-24,9,5.572,4.7631,13.8089
2024-12-24,10,13.0071,4.3437,8.6635
2024-12-24,11,9.2868,9.2868,23.0
2024-12-24,12,2.8686,0.873,1.9956
2024-12-24,13,1.0596,0.9727,2.5868
2024-12-24,14,12.8992,10.5446,28.3546
2024-12-24,15,9.1381,3.1457,5.9923
2024-12-24,16,11.3032,4.0588,7.2445
2024-12-24,17,7.5511,2.4592,5.0919
2024-12-24,18,3.232,2.8026,7.4293
2024-12-24,19,5.1545,2.1283,3.0263
2024-12-24,20,3.5632,1.1591,2.4042
2024-12-24,21,7.9923,2.0171,5.9752
2024-12-24,22,5.0262,2.6296,2.3965
2024-12-24,23,3.8944,1.6976,2.1968
2024-12-24,24,2.9332,1.0495,1.8837
2024-12-24,25,0.6717,0.3867,0.285
2024-12-24,26,0.4807,0.1745,0.3062
2024-12-24,27,465.6795,440.6823,1174.9972
2024-12-24,28,117.2032,117.2032,300.0
2024-12-24,29,1361.1944,487.6191,873.5753000000001
2024-12-24,30,363.1344,481.6144,0.0
2024-12-25,1,2.7603,1.3612,1.3991
2024-12-25,2,2.3643,0.8668,1.4974
2024-12-25,3,1.177,0.5743,0.6027
2024-12-25,4,1.2306,0.3912,0.8394
2024-12-25,5,0.8512,0.3072,0.544
2024-12-25,6,0.5378,0.2197,0.3181
2024-12-25,7,0.1441,0.0697,0.0744
2024-12-25,8,21.7734,12.9972,8.7762
2024-12-25,9,13.8089,4.2338,9.5751
2024-12-25,10,8.6635,5.2367,3.4268
2024-12-25,11,23.0,8.6115,14.3885
2024-12-25,12,1.9956,1.3208,0.6748
2024-12-25,13,2.5868,0.9744,1.6124
2024-12-25,14,28.3546,10.9449,17.4097
2024-12-25,15,5.9923,2.9064,3.086
2024-12-25,16,7.2445,4.2386,3.0059
2024-12-25,17,5.0919,3.0234,2.0685
2024-12-25,18,7.4293,3.4041,4.0252
2024-12-25,19,3.0263,2.0176,1.0086
2024-12-25,20,2.4042,1.6633,0.7409
2024-12-25,21,5.9752,2.7985,3.1767
2024-12-25,22,2.3965,1.3164,1.0801
2024-12-25,23,2.1968,2.1968,0.0
2024-12-25,24,1.8837,1.4177,0.466
2024-12-25,25,0.285,0.1706,0.1144
2024-12-25,26,0.3062,0.2693,0.0369
2024-12-25,27,1174.9972,430.7971,744.2001
2024-12-25,28,300.0,106.7932,193.2068
2024-12-25,29,776.8274,430.7214,346.106
2024-12-25,30,923.5983,432.9014,490.69689999999997
2024-12-26,1,1.3991,0.684,2.7151
2024-12-26,2,1.4974,0.8584,2.1391
2024-12-26,3,0.6027,0.4035,1.6992
2024-12-26,4,0.8394,0.458,1.3814
2024-12-26,5,0.544,0.2956,0.7484
2024-12-26,6,0.3181,0.2799,1.0382
2024-12-26,7,0.0744,0.0744,0.5
2024-12-26,8,8.7762,8.7762,32.0
2024-12-26,9,9.5751,5.5364,13.0387
2024-12-26,10,3.4268,3.4268,13.0
2024-12-26,11,14.3885,6.7442,22.6443
2024-12-26,12,0.6748,0.6748,3.0
2024-12-26,13,1.6124,0.8451,2.7673
2024-12-26,14,17.4097,10.7738,28.6359
2024-12-26,15,3.086,3.086,9.0
2024-12-26,16,3.0059,3.0059,11.0
2024-12-26,17,2.0685,2.0685,7.0
2024-12-26,18,4.0252,3.1929,7.8323
2024-12-26,19,1.0086,1.0086,5.5
2024-12-26,20,0.7409,0.7409,3.5
2024-12-26,21,3.1767,3.1767,8.0
2024-12-26,22,1.0801,1.0801,5.5
2024-12-26,23,0.0,0.0,4.0
2024-12-26,24,0.466,0.466,4.0
2024-12-26,25,0.1144,0.1144,1.0
2024-12-26,26,0.0369,0.0369,1.0
2024-12-26,27,744.2001,440.8048,1153.3953
2024-12-26,28,193.2068,112.5675,330.6393
2024-12-26,29,131.4805,441.7077,0.0
2024-12-26,30,614.062,438.5985,175.4635
2024-12-27,1,2.7151,0.9789,1.7363
2024-12-27,2,2.1391,0.7737,1.3654
2024-12-27,3,1.6992,0.5301,1.1691
2024-12-27,4,1.3814,0.3909,0.9906
2024-12-27,5,0.7484,0.3599,0.3885
2024-12-27,6,1.0382,0.29,0.7482
2024-12-27,7,0.5,0.0666,0.4334
2024-12-27,8,32.0,18.859,13.141
2024-12-27,9,13.0387,5.6534,7.3853
2024-12-27,10,13.0,3.3173,9.6827
2024-12-27,11,22.6443,9.2754,13.3689
2024-12-27,12,3.0,1.2636,1.7364
2024-12-27,13,2.7673,1.0351,1.7322
2024-12-27,14,28.6359,12.336,16.3
2024-12-27,15,9.0,4.1746,4.8254
2024-12-27,16,11.0,4.2475,6.7525
2024-12-27,17,7.0,2.4706,4.5294
2024-12-27,18,7.8323,2.515,5.3172
2024-12-27,19,5.5,1.9894,3.5106
2024-12-27,20,3.5,1.9627,1.5373
2024-12-27,21,8.0,2.6079,5.3921
2024-12-27,22,5.5,0.0,5.5
2024-12-27,23,4.0,1.3899,2.6101
2024-12-27,24,4.0,1.2911,2.7089
2024-12-27,25,1.0,0.5311,0.4689
2024-12-27,26,1.0,0.0,1.0
2024-12-27,27,1153.3953,428.4217,724.9736
2024-12-27,28,330.6393,124.5962,206.0431
2024-12-27,29,1500.0,491.896,1008.104
2024-12-27,30,930.5924,491.4348,439.1576
2024-12-28,1,1.7363,1.343,3.3933
2024-12-28,2,1.3654,0.9235,2.9419
2024-12-28,3,1.1691,0.5732,2.0959
2024-12-28,4,0.9906,0.3974,0.5932
2024-12-28,5,0.3885,0.3402,1.0484
2024-12-28,6,0.7482,0.3144,0.4338
2024-12-28,7,0.4334,0.0753,0.3582
2024-12-28,8,13.141,12.1679,40.9731
2024-12-28,9,7.3853,7.3853,17.0
2024-12-28,10,9.6827,6.0103,16.6724
2024-12-28,11,13.3689,13.3689,29.0
2024-12-28,12,1.7364,1.5759,3.6605
2024-12-28,13,1.7322,1.0262,3.206
2024-12-28,14,16.3,15.3315,36.9684
2024-12-28,15,4.8254,4.514,11.3115
2024-12-28,16,6.7525,6.7525,14.0
2024-12-28,17,4.5294,3.6867,9.8427
2024-12-28,18,5.3172,0.0,5.3172
2024-12-28,19,3.5106,2.47,7.0406
2024-12-28,20,1.5373,1.5373,4.5
2024-12-28,21,5.3921,3.4009,9.9911
2024-12-28,22,5.5,2.9332,6.5668
2024-12-28,23,2.6101,0.0,2.6101
2024-12-28,24,2.7089,1.162,4.5469
2024-12-28,25,0.4689,0.2686,1.2003
2024-12-28,26,1.0,0.2334,0.7666
2024-12-28,27,724.9736,571.7892,1503.1844
2024-12-28,28,206.0431,142.7797,413.2634
2024-12-28,29,989.3919,580.17,409.2219
2024-12-28,30,590.9542,577.5194,13.434799999999996
2024-12-29,1,3.3933,1.0298,2.3635
2024-12-29,2,2.9419,0.9705,1.9714
2024-12-29,3,2.0959,0.773,1.3229
2024-12-29,4,0.5932,0.0,0.5932
2024-12-29,5,1.0484,0.3747,0.6737
2024-12-29,6,0.4338,0.3852,1.0486
2024-12-29,7,0.3582,0.0663,0.2919
2024-12-29,8,40.9731,16.3928,24.5804
2024-12-29,9,17.0,7.568,9.432
2024-12-29,10,16.6724,7.6779,8.9946
2024-12-29,11,29.0,11.1127,17.8873
2024-12-29,12,3.6605,1.4289,2.2315
2024-12-29,13,3.206,1.6663,1.5397
2024-12-29,14,36.9684,16.7202,20.2483
2024-12-29,15,11.3115,4.6229,6.6886
2024-12-29,16,14.0,5.2352,8.7648
2024-12-29,17,9.8427,0.0,9.8427
2024-12-29,18,5.3172,3.2309,9.0864
2024-12-29,19,7.0406,2.9739,4.0667
2024-12-29,20,4.5,2.772,1.728
2024-12-29,21,9.9911,3.021,6.9701
2024-12-29,22,6.5668,2.7614,3.8054
2024-12-29,23,2.6101,0.0,2.6101
2024-12-29,24,4.5469,0.8423,3.7045
2024-12-29,25,1.2003,0.2944,0.9059
2024-12-29,26,0.7666,0.3358,0.4308
2024-12-29,27,1503.1844,599.6186,903.5658
2024-12-29,28,413.2634,131.1917,282.0717
2024-12-29,29,1916.8159,611.1258,1305.6901
2024-12-29,30,1141.0173,605.9354,535.0819
2024-12-30,1,2.3635,0.8969,1.4666
2024-12-30,2,1.9714,0.5545,1.4169
2024-12-30,3,1.3229,0.4759,0.847
2024-12-30,4,0.5932,0.4682,1.125
2024-12-30,5,0.6737,0.3375,0.3361
2024-12-30,6,1.0486,0.3337,0.715
2024-12-30,7,0.2919,0.1003,0.1916
2024-12-30,8,24.5804,10.3269,14.2535
2024-12-30,9,9.432,4.1231,5.3089
2024-12-30,10,8.9946,3.7949,5.1996
2024-12-30,11,17.8873,8.7956,9.0917
2024-12-30,12,2.2315,1.3724,2.8591
2024-12-30,13,1.5397,0.9159,2.6238
2024-12-30,14,20.2483,9.694,28.5542
2024-12-30,15,6.6886,4.3534,9.3352
2024-12-30,16,8.7648,4.4055,4.3594
2024-12-30,17,9.8427,3.2504,6.5923
2024-12-30,18,9.0864,3.2886,5.7978
2024-12-30,19,4.0667,2.6294,5.4373
2024-12-30,20,1.728,1.5605,3.6674
2024-12-30,21,6.9701,2.61,4.3602
2024-12-30,22,3.8054,2.1121,5.1933
2024-12-30,23,2.6101,2.1332,3.977
2024-12-30,24,3.7045,1.1086,2.5959
2024-12-30,25,0.9059,0.359,0.5468
2024-12-30,26,0.4308,0.3366,0.5941
2024-12-30,27,903.5658,417.8931,485.6727
2024-12-30,28,282.0717,120.829,161.2428
2024-12-30,29,1144.4463,461.5179,682.9284
2024-12-30,30,769.7053,453.608,316.09729999999996
2024-12-31,1,1.4666,1.1008,2.3658
2024-12-31,2,1.4169,1.0303,2.3866
2024-12-31,3,0.847,0.5314,1.3156
2024-12-31,4,1.125,0.3002,0.8247
2024-12-31,5,0.3361,0.2238,1.1123
2024-12-31,6,0.715,0.2819,0.433
2024-12-31,7,0.1916,0.0637,0.1278
2024-12-31,8,14.2535,11.0161,31.2375
2024-12-31,9,5.3089,5.3089,13.0
2024-12-31,10,5.1996,3.5374,12.6623
2024-12-31,11,9.0917,6.1494,21.9422
2024-12-31,12,2.8591,0.7586,2.1006
2024-12-31,13,2.6238,0.9383,1.6855
2024-12-31,14,28.5542,11.7106,16.8436
2024-12-31,15,9.3352,3.9068,5.4284
2024-12-31,16,4.3594,4.3483,11.011
2024-12-31,17,6.5923,2.3267,4.2656
2024-12-31,18,5.7978,2.4268,3.3709
2024-12-31,19,5.4373,2.2624,3.1749
2024-12-31,20,3.6674,1.2178,2.4496
2024-12-31,21,4.3602,2.4923,7.8679
2024-12-31,22,5.1933,2.0778,3.1154
2024-12-31,23,3.977,1.5262,2.4507
2024-12-31,24,2.5959,1.3413,1.2547
2024-12-31,25,0.5468,0.2206,0.3263
2024-12-31,26,0.5941,0.1956,0.3986
2024-12-31,27,485.6727,485.6727,1150.0
2024-12-31,28,161.2428,111.5235,299.7192
2024-12-31,29,647.584,573.5835,74.00049999999999
2024-12-31,30,428.2073,577.15,0.0
2025-01-01,1,2.3658,0.0,2.3658
2025-01-01,2,2.3866,0.0,2.3866
2025-01-01,3,1.3156,0.8274,2.4881
2025-01-01,4,0.8247,0.6685,1.6562
2025-01-01,5,1.1123,0.4215,0.6908
2025-01-01,6,0.433,0.433,1.5
2025-01-01,7,0.1278,0.1155,0.5123
2025-01-01,8,31.2375,18.0797,49.1578
2025-01-01,9,13.0,7.679,20.321
2025-01-01,10,12.6623,6.2634,19.3988
2025-01-01,11,21.9422,8.7918,35.1504
2025-01-01,12,2.1006,1.6055,4.495
2025-01-01,13,1.6855,1.4455,3.74
2025-01-01,14,16.8436,15.8983,42.9452
2025-01-01,15,5.4284,5.4284,13.0
2025-01-01,16,11.011,8.1728,16.8383
2025-01-01,17,4.2656,3.7648,11.5008
2025-01-01,18,3.3709,3.3709,11.0
2025-01-01,19,3.1749,3.1749,8.0
2025-01-01,20,2.4496,1.558,5.3916
2025-01-01,21,7.8679,3.3115,12.5564
2025-01-01,22,3.1154,2.0562,8.0592
2025-01-01,23,2.4507,2.4507,6.0
2025-01-01,24,1.2547,1.2547,5.0
2025-01-01,25,0.3263,0.3263,1.5
2025-01-01,26,0.3986,0.3986,1.0
2025-01-01,27,1150.0,698.4251,1751.5749
2025-01-01,28,299.7192,175.696,474.0232
2025-01-01,29,1414.7293,730.9829,683.7464
2025-01-01,30,846.8787,721.9825,124.89620000000002
2025-01-02,1,2.3658,0.0,2.3658
2025-01-02,2,2.3866,1.0814,1.3052
2025-01-02,3,2.4881,0.6426,1.8456
2025-01-02,4,1.6562,0.6492,1.007
2025-01-02,5,0.6908,0.3785,1.3123
2025-01-02,6,1.5,0.4375,1.0625
2025-01-02,7,0.5123,0.1128,0.3995
2025-01-02,8,49.1578,18.6919,30.4659
2025-01-02,9,20.321,7.9526,12.3684
2025-01-02,10,19.3988,5.8264,13.5724
2025-01-02,11,35.1504,10.6808,24.4696
2025-01-02,12,4.495,1.2216,3.2735
2025-01-02,13,3.74,2.0256,1.7144
2025-01-02,14,42.9452,19.1801,23.7651
2025-01-02,15,13.0,4.8886,8.1114
2025-01-02,16,16.8383,6.1935,10.6448
2025-01-02,17,11.5008,5.0574,6.4434
2025-01-02,18,11.0,4.1777,6.8223
2025-01-02,19,8.0,2.9966,5.0034
2025-01-02,20,5.3916,1.9644,3.4272
2025-01-02,21,12.5564,4.3886,8.1679
2025-01-02,22,8.0592,1.9343,6.1249
2025-01-02,23,6.0,1.8857,4.1143
2025-01-02,24,5.0,1.3891,3.6109
2025-01-02,25,1.5,0.3343,1.1657
2025-01-02,26,1.0,0.3504,0.6496
2025-01-02,27,1751.5749,734.1648,1017.4101
2025-01-02,28,474.0232,171.0411,302.9821
2025-01-02,29,2199.8065,747.7906,1452.0159
2025-01-02,30,1365.731,745.1115,620.6195
2025-01-03,1,2.3658,1.3418,1.0239
2025-01-03,2,1.3052,1.1617,0.1435
2025-01-03,3,1.8456,0.6806,1.165
2025-01-03,4,1.007,0.527,0.48
2025-01-03,5,1.3123,0.5522,0.7601
2025-01-03,6,1.0625,0.4255,0.6371
2025-01-03,7,0.3995,0.0971,0.3024
2025-01-03,8,30.4659,22.6242,7.8417
2025-01-03,9,12.3684,7.7817,4.5867
2025-01-03,10,13.5724,8.1615,5.411
2025-01-03,11,24.4696,14.6287,9.8409
2025-01-03,12,3.2735,1.6785,1.5949
2025-01-03,13,1.7144,1.2714,0.443
2025-01-03,14,23.7651,17.462,6.3031
2025-01-03,15,8.1114,5.2749,2.8364
2025-01-03,16,10.6448,6.2447,4.4
2025-01-03,17,6.4434,3.5459,2.8975
2025-01-03,18,6.8223,3.9615,2.8608
2025-01-03,19,5.0034,2.0429,2.9605
2025-01-03,20,3.4272,1.8136,1.6136
2025-01-03,21,8.1679,6.1974,1.9705
2025-01-03,22,6.1249,4.7918,1.3331
2025-01-03,23,4.1143,3.2264,0.8879
2025-01-03,24,3.6109,1.977,1.634
2025-01-03,25,1.1657,0.4273,0.7384
2025-01-03,26,0.6496,0.3645,0.2852
2025-01-03,27,1017.4101,631.8172,385.5929
2025-01-03,28,302.9821,162.4628,140.5193
2025-01-03,29,1382.8456,650.5295,732.3161000000001
2025-01-03,30,888.0758,648.8221,239.25369999999998
2025-01-04,1,1.0239,1.0239,3.0
2025-01-04,2,0.1435,0.1435,3.0
2025-01-04,3,1.165,0.4285,0.7365
2025-01-04,4,0.48,0.48,1.5
2025-01-04,5,0.7601,0.4183,0.3418
2025-01-04,6,0.6371,0.4135,1.2235
2025-01-04,7,0.3024,0.073,0.2294
2025-01-04,8,7.8417,7.8417,40.0
2025-01-04,9,4.5867,4.5867,17.0
2025-01-04,10,5.411,5.411,16.0
2025-01-04,11,9.8409,9.8409,29.0
2025-01-04,12,1.5949,1.5113,3.5836
2025-01-04,13,0.443,0.443,3.5
2025-01-04,14,6.3031,6.3031,37.0
2025-01-04,15,2.8364,2.8364,11.0
2025-01-04,16,4.4,4.4,14.0
2025-01-04,17,2.8975,2.8975,10.0
2025-01-04,18,2.8608,2.8608,10.0
2025-01-04,19,2.9605,2.1301,6.8303
2025-01-04,20,1.6136,1.5468,4.5668
2025-01-04,21,1.9705,1.9705,10.0
2025-01-04,22,1.3331,1.3331,6.5
2025-01-04,23,0.8879,0.8879,5.0
2025-01-04,24,1.634,0.0,1.634
2025-01-04,25,0.7384,0.3906,1.3479
2025-01-04,26,0.2852,0.2368,1.0483
2025-01-04,27,385.5929,385.5929,1500.0
2025-01-04,28,140.5193,140.5193,400.0
2025-01-04,29,464.3616,521.5809,0.0
2025-01-04,30,370.8011,524.1686,0.0
2025-01-05,1,3.0,1.0915,1.9085
2025-01-05,2,3.0,0.0,3.0
2025-01-05,3,0.7365,0.691,2.0455
2025-01-05,4,1.5,0.6349,0.8651
2025-01-05,5,0.3418,0.2732,1.0687
2025-01-05,6,1.2235,0.4083,0.8152
2025-01-05,7,0.2294,0.0682,0.1612
2025-01-05,8,40.0,19.2293,20.7707
2025-01-05,9,17.0,5.7042,11.2958
2025-01-05,10,16.0,4.4792,11.5208
2025-01-05,11,29.0,11.6723,17.3277
2025-01-05,12,3.5836,2.3652,3.7184
2025-01-05,13,3.5,1.0562,2.4438
2025-01-05,14,37.0,11.2198,25.7802
2025-01-05,15,11.0,5.2498,5.7502
2025-01-05,16,14.0,5.8526,8.1474
2025-01-05,17,10.0,3.6286,6.3714
2025-01-05,18,10.0,3.5383,6.4617
2025-01-05,19,6.8303,2.0141,4.8163
2025-01-05,20,4.5668,2.1434,2.4234
2025-01-05,21,10.0,3.1829,6.8171
2025-01-05,22,6.5,1.7342,4.7658
2025-01-05,23,5.0,2.0373,2.9627
2025-01-05,24,1.634,1.634,5.0
2025-01-05,25,1.3479,0.4703,0.8776
2025-01-05,26,1.0483,0.2575,0.7909
2025-01-05,27,1500.0,656.153,843.847
2025-01-05,28,400.0,0.0,400.0
2025-01-05,29,1900.0,535.6291,1364.3709
2025-01-05,30,1200.0,540.3667,659.6333
2025-01-06,1,1.9085,1.4338,3.9747
2025-01-06,2,3.0,1.1497,1.8503
2025-01-06,3,2.0455,0.5937,1.4518
2025-01-06,4,0.8651,0.6431,1.722
2025-01-06,5,1.0687,0.4042,0.6645
2025-01-06,6,0.8152,0.4995,1.3157
2025-01-06,7,0.1612,0.1379,0.5233
2025-01-06,8,20.7707,14.6745,49.0961
2025-01-06,9,11.2958,10.1136,20.1823
2025-01-06,10,11.5208,7.6227,19.8981
2025-01-06,11,17.3277,11.1926,35.1351
2025-01-06,12,3.7184,1.5031,2.2153
2025-01-06,13,2.4438,1.7259,3.718
2025-01-06,14,25.7802,16.8319,43.9483
2025-01-06,15,5.7502,4.9106,13.8396
2025-01-06,16,8.1474,6.9557,16.1917
2025-01-06,17,6.3714,5.495,10.8764
2025-01-06,18,6.4617,3.8155,11.6462
2025-01-06,19,4.8163,3.7604,8.0559
2025-01-06,20,2.4234,2.277,5.1465
2025-01-06,21,6.8171,5.1645,12.6525
2025-01-06,22,4.7658,2.9128,7.853
2025-01-06,23,2.9627,1.7063,6.2564
2025-01-06,24,5.0,3.2677,5.7323
2025-01-06,25,0.8776,0.4713,1.4063
2025-01-06,26,0.7909,0.2291,0.5617
2025-01-06,27,843.847,681.9729,1761.8741
2025-01-06,28,400.0,179.8317,220.1683
2025-01-06,29,1137.068,720.8817,416.18629999999996
2025-01-06,30,760.3374,732.1277,28.209699999999998
2025-01-07,1,3.9747,1.5671,2.4076
2025-01-07,2,1.8503,0.9269,3.4234
2025-01-07,3,1.4518,0.8821,2.5697
2025-01-07,4,1.722,0.6272,1.0948
2025-01-07,5,0.6645,0.5114,1.1531
2025-01-07,6,1.3157,0.4503,0.8654
2025-01-07,7,0.5233,0.071,0.4523
2025-01-07,8,49.0961,17.4009,31.6953
2025-01-07,9,20.1823,7.1242,13.058
2025-01-07,10,19.8981,8.6685,11.2296
2025-01-07,11,35.1351,16.9658,18.1693
2025-01-07,12,2.2153,1.3131,4.4022
2025-01-07,13,3.718,1.5634,2.1546
2025-01-07,14,43.9483,14.4126,29.5357
2025-01-07,15,13.8396,4.8205,9.0191
2025-01-07,16,16.1917,0.0,16.1917
2025-01-07,17,10.8764,5.2089,5.6675
2025-01-07,18,11.6462,4.969,6.6772
2025-01-07,19,8.0559,2.5999,5.456
2025-01-07,20,5.1465,2.0785,3.068
2025-01-07,21,12.6525,3.848,8.8045
2025-01-07,22,7.853,6.13,8.223
2025-01-07,23,6.2564,3.191,3.0654
2025-01-07,24,5.7323,1.8838,3.8485
2025-01-07,25,1.4063,0.3972,1.0091
2025-01-07,26,0.5617,0.3166,1.2451
2025-01-07,27,1761.8741,649.0136,1112.8605
2025-01-07,28,220.1683,168.3561,451.8122
2025-01-07,29,2211.3501,720.9273,1490.4228000000003
2025-01-07,30,1317.7596,724.1879,593.5717000000001
2025-01-08,1,2.4076,1.3088,4.0988
2025-01-08,2,3.4234,1.0922,2.3312
2025-01-08,3,2.5697,0.8903,1.6794
2025-01-08,4,1.0948,0.4983,1.5965
2025-01-08,5,1.1531,0.4932,0.6598
2025-01-08,6,0.8654,0.3964,1.469
2025-01-08,7,0.4523,0.0905,0.3617
2025-01-08,8,31.6953,17.6603,50.035
2025-01-08,9,13.058,8.6411,20.4169
2025-01-08,10,11.2296,5.0847,20.1449
2025-01-08,11,18.1693,15.1263,36.043
2025-01-08,12,4.4022,1.6767,2.7256
2025-01-08,13,2.1546,1.3685,3.7861
2025-01-08,14,29.5357,17.912,43.6238
2025-01-08,15,9.0191,5.6604,13.3587
2025-01-08,16,16.1917,7.2964,8.8953
2025-01-08,17,5.6675,4.6167,11.0508
2025-01-08,18,6.6772,4.4803,11.1968
2025-01-08,19,5.456,3.5065,8.4495
2025-01-08,20,3.068,1.5251,5.5428
2025-01-08,21,8.8045,3.6305,5.174
2025-01-08,22,8.223,6.1528,8.0702
2025-01-08,23,3.0654,3.0654,6.5
2025-01-08,24,3.8485,1.8894,5.9591
2025-01-08,25,1.0091,0.4735,0.5355
2025-01-08,26,1.2451,0.2793,0.9658
2025-01-08,27,1112.8605,734.1548,1778.7057
2025-01-08,28,451.8122,190.9505,260.8617
2025-01-08,29,1241.3353,806.5201,434.8152
2025-01-08,30,701.3356,805.6022,0.0
2025-01-09,1,4.0988,0.7622,3.3367
2025-01-09,2,2.3312,0.6646,1.6666
2025-01-09,3,1.6794,0.6168,1.0626
2025-01-09,4,1.5965,0.3704,1.226
2025-01-09,5,0.6598,0.3389,0.321
2025-01-09,6,1.469,0.3226,1.1463
2025-01-09,7,0.3617,0.0668,0.2949
2025-01-09,8,50.035,14.7455,35.2895
2025-01-09,9,20.4169,5.5473,14.8696
2025-01-09,10,20.1449,5.4868,14.6581
2025-01-09,11,36.043,10.0537,25.9893
2025-01-09,12,2.7256,0.8837,1.8419
2025-01-09,13,3.7861,1.006,2.7801
2025-01-09,14,43.6238,11.4349,32.1888
2025-01-09,15,13.3587,2.9756,10.3831
2025-01-09,16,8.8953,4.0262,4.8691
2025-01-09,17,11.0508,2.3211,8.7298
2025-01-09,18,11.1968,2.5521,8.6447
2025-01-09,19,8.4495,1.3593,7.0902
2025-01-09,20,5.5428,1.334,4.2088
2025-01-09,21,5.174,2.9181,8.2559
2025-01-09,22,8.0702,1.8699,6.2003
2025-01-09,23,6.5,1.6059,4.8941
2025-01-09,24,5.9591,1.3649,4.5942
2025-01-09,25,0.5355,0.3122,0.7233
2025-01-09,26,0.9658,0.2684,0.6973
2025-01-09,27,1778.7057,370.3297,1408.376
2025-01-09,28,260.8617,105.1186,155.7432
2025-01-09,29,2254.0502,435.3259,1818.7243
2025-01-09,30,1364.6235,442.4813,922.1422
2025-01-10,1,3.3367,0.8762,2.4604
2025-01-10,2,1.6666,0.7762,0.8904
2025-01-10,3,1.0626,0.4504,0.6122
2025-01-10,4,1.226,0.5237,0.7023
2025-01-10,5,0.321,0.2439,1.0771
2025-01-10,6,1.1463,0.3295,0.8168
2025-01-10,7,0.2949,0.0394,0.2555
2025-01-10,8,35.2895,16.1448,19.1448
2025-01-10,9,14.8696,4.7491,10.1205
2025-01-10,10,14.6581,5.2594,9.3987
2025-01-10,11,25.9893,8.5868,17.4025
2025-01-10,12,1.8419,0.9313,2.9105
2025-01-10,13,2.7801,0.9614,1.8187
2025-01-10,14,32.1888,10.16,22.0289
2025-01-10,15,10.3831,3.8832,6.4999
2025-01-10,16,4.8691,3.8771,10.992
2025-01-10,17,8.7298,2.4856,6.2442
2025-01-10,18,8.6447,2.8775,5.7672
2025-01-10,19,7.0902,2.7715,4.3187
2025-01-10,20,4.2088,1.0243,3.1845
2025-01-10,21,8.2559,2.5007,5.7552
2025-01-10,22,6.2003,1.7615,4.4389
2025-01-10,23,4.8941,2.323,2.5711
2025-01-10,24,4.5942,1.3801,3.2141
2025-01-10,25,0.7233,0.1466,0.5768
2025-01-10,26,0.6973,0.2232,0.4741
2025-01-10,27,1408.376,467.5002,940.8758
2025-01-10,28,155.7432,102.0379,303.7053
2025-01-10,29,1614.4691,453.9809,1160.4882
2025-01-10,30,992.2658,456.6863,535.5795
2025-01-11,1,2.4604,1.253,3.2074
2025-01-11,2,0.8904,0.8904,3.0
2025-01-11,3,0.6122,0.6122,2.0
2025-01-11,4,0.7023,0.6014,1.6009
2025-01-11,5,1.0771,0.3136,0.7635
2025-01-11,6,0.8168,0.4451,1.3717
2025-01-11,7,0.2555,0.1381,0.1175
2025-01-11,8,19.1448,15.7964,42.3484
2025-01-11,9,10.1205,6.7356,17.3848
2025-01-11,10,9.3987,5.0599,16.3388
2025-01-11,11,17.4025,15.4072,29.9953
2025-01-11,12,2.9105,1.1014,1.8091
2025-01-11,13,1.8187,0.9748,3.3439
2025-01-11,14,22.0289,12.8121,37.2168
2025-01-11,15,6.4999,4.9815,11.5185
2025-01-11,16,10.992,5.0744,5.9177
2025-01-11,17,6.2442,3.9536,9.2906
2025-01-11,18,5.7672,3.1263,9.6409
2025-01-11,19,4.3187,2.8048,7.014
2025-01-11,20,3.1845,1.3386,1.8459
2025-01-11,21,5.7552,3.7925,10.9627
2025-01-11,22,4.4389,3.2648,7.1741
2025-01-11,23,2.5711,1.6217,5.4494
2025-01-11,24,3.2141,1.9684,5.2457
2025-01-11,25,0.5768,0.4913,1.0855
2025-01-11,26,0.4741,0.2699,1.2042
2025-01-11,27,940.8758,594.3606,1496.5152
2025-01-11,28,303.7053,160.1939,393.5114
2025-01-11,29,1088.9882,659.0844,429.90380000000005
2025-01-11,30,649.6173,651.0736,0.0
2025-01-12,1,3.2074,1.0395,2.1679
2025-01-12,2,3.0,1.0188,1.9812
2025-01-12,3,2.0,0.6036,1.3964
2025-01-12,4,1.6009,0.5055,1.0953
2025-01-12,5,0.7635,0.2779,0.4856
2025-01-12,6,1.3717,0.3412,1.0304
2025-01-12,7,0.1175,0.1175,0.5
2025-01-12,8,42.3484,12.8293,29.5191
2025-01-12,9,17.3848,6.3646,11.0202
2025-01-12,10,16.3388,5.7289,10.6099
2025-01-12,11,29.9953,13.1987,16.7966
2025-01-12,12,1.8091,1.3555,3.9536
2025-01-12,13,3.3439,0.9987,2.3451
2025-01-12,14,37.2168,14.4462,22.7706
2025-01-12,15,11.5185,4.0083,7.5102
2025-01-12,16,5.9177,5.9177,14.0
2025-01-12,17,9.2906,3.6166,5.6739
2025-01-12,18,9.6409,3.2554,6.3855
2025-01-12,19,7.014,1.9297,5.0843
2025-01-12,20,1.8459,1.7885,4.5574
2025-01-12,21,10.9627,2.1383,8.8244
2025-01-12,22,7.1741,2.332,4.842
2025-01-12,23,5.4494,2.3262,3.1232
2025-01-12,24,5.2457,0.9605,4.2851
2025-01-12,25,1.0855,0.3201,0.7654
2025-01-12,26,1.2042,0.184,1.0201
2025-01-12,27,1496.5152,565.1536,931.3616
2025-01-12,28,393.5114,125.3948,268.1166
2025-01-12,29,1933.4055,572.2127,1361.1928
2025-01-12,30,1127.8666,572.2257,555.6409000000001
2025-01-13,1,2.1679,1.1526,1.0153
2025-01-13,2,1.9812,0.8197,1.1614
2025-01-13,3,1.3964,0.3374,1.059
2025-01-13,4,1.0953,0.5248,0.5705
2025-01-13,5,0.4856,0.2098,0.7758
2025-01-13,6,1.0304,0.2791,0.7513
2025-01-13,7,0.5,0.0591,0.4409
2025-01-13,8,29.5191,11.7569,17.7622
2025-01-13,9,11.0202,6.242,13.7782
2025-01-13,10,10.6099,6.4588,13.1511
2025-01-13,11,16.7966,7.507,24.2896
2025-01-13,12,3.9536,1.2075,2.746
2025-01-13,13,2.3451,0.8026,1.5425
2025-01-13,14,22.7706,10.5324,12.2382
2025-01-13,15,7.5102,3.337,4.1732
2025-01-13,16,14.0,4.3358,9.6642
2025-01-13,17,5.6739,2.8236,2.8503
2025-01-13,18,6.3855,3.0867,3.2988
2025-01-13,19,5.0843,1.5802,3.5041
2025-01-13,20,4.5574,1.2721,3.2853
2025-01-13,21,8.8244,3.9805,4.8439
2025-01-13,22,4.842,4.0845,5.7575
2025-01-13,23,3.1232,1.9499,4.1733
2025-01-13,24,4.2851,0.9615,3.3236
2025-01-13,25,0.7654,0.3917,0.3737
2025-01-13,26,1.0201,0.1655,0.8546
2025-01-13,27,931.3616,454.4277,476.9339
2025-01-13,28,268.1166,128.4636,139.6531
2025-01-13,29,1235.4137,545.0586,690.3551000000001
2025-01-13,30,654.7047,545.6612,109.0435
2025-01-14,1,1.0153,1.0153,2.5
2025-01-14,2,1.1614,0.7915,2.3699
2025-01-14,3,1.059,0.6269,1.4321
2025-01-14,4,0.5705,0.2734,1.2971
2025-01-14,5,0.7758,0.2843,0.4915
2025-01-14,6,0.7513,0.32,0.4314
2025-01-14,7,0.4409,0.0792,0.3617
2025-01-14,8,17.7622,0.0,17.7622
2025-01-14,9,13.7782,5.7354,8.0428
2025-01-14,10,13.1511,4.8235,8.3276
2025-01-14,11,24.2896,8.4193,15.8702
2025-01-14,12,2.746,0.9988,1.7473
2025-01-14,13,1.5425,0.7872,2.7553
2025-01-14,14,12.2382,9.9007,28.3375
2025-01-14,15,4.1732,3.857,9.3161
2025-01-14,16,9.6642,4.7867,4.8775
2025-01-14,17,2.8503,2.1816,7.6687
2025-01-14,18,3.2988,2.2547,7.0441
2025-01-14,19,3.5041,1.2623,2.2418
2025-01-14,20,3.2853,1.0548,2.2305
2025-01-14,21,4.8439,3.446,7.3979
2025-01-14,22,5.7575,1.6429,4.1146
2025-01-14,23,4.1733,1.6804,2.4929
2025-01-14,24,3.3236,1.0342,2.2895
2025-01-14,25,0.3737,0.3087,1.065
2025-01-14,26,0.8546,0.2597,0.5948
2025-01-14,27,476.9339,475.5845,1151.3494
2025-01-14,28,139.6531,0.0,139.6531
2025-01-14,29,700.739,378.8077,321.9313
2025-01-14,30,902.2373,376.8248,525.4125
2025-01-15,1,2.5,1.0278,1.4722
2025-01-15,2,2.3699,0.8228,1.5471
2025-01-15,3,1.4321,0.483,0.9491
2025-01-15,4,1.2971,0.4626,0.8345
2025-01-15,5,0.4915,0.2713,0.7202
2025-01-15,6,0.4314,0.4314,1.0
2025-01-15,7,0.3617,0.0939,0.2678
2025-01-15,8,17.7622,14.3479,31.4143
2025-01-15,9,8.0428,6.1202,12.9226
2025-01-15,10,8.3276,5.9662,12.3614
2025-01-15,11,15.8702,7.4815,22.3887
2025-01-15,12,1.7473,1.0728,3.1744
2025-01-15,13,2.7553,1.2304,1.525
2025-01-15,14,28.3375,10.4364,17.9012
2025-01-15,15,9.3161,2.9052,6.4109
2025-01-15,16,4.8775,3.5864,11.2911
2025-01-15,17,7.6687,2.6693,4.9994
2025-01-15,18,7.0441,3.4789,3.5651
2025-01-15,19,2.2418,2.2418,5.0
2025-01-15,20,2.2305,1.0761,3.6544
2025-01-15,21,7.3979,1.8679,5.5299
2025-01-15,22,4.1146,1.6394,2.4752
2025-01-15,23,2.4929,1.105,3.8879
2025-01-15,24,2.2895,1.4197,3.8698
2025-01-15,25,1.065,0.4497,0.6153
2025-01-15,26,0.5948,0.1912,0.4036
2025-01-15,27,1151.3494,405.5422,745.8072
2025-01-15,28,139.6531,106.3887,283.2643
2025-01-15,29,1492.869,406.4171,1086.4519
2025-01-15,30,565.7014,412.6139,153.08750000000003
2025-01-16,1,1.4722,0.7171,2.7551
2025-01-16,2,1.5471,0.0,1.5471
2025-01-16,3,0.9491,0.5752,1.3739
2025-01-16,4,0.8345,0.2891,0.5454
2025-01-16,5,0.7202,0.1851,0.5351
2025-01-16,6,1.0,0.2753,0.7247
2025-01-16,7,0.2678,0.0649,0.203
2025-01-16,8,31.4143,14.5179,16.8964
2025-01-16,9,12.9226,5.4889,7.4337
2025-01-16,10,12.3614,3.9559,8.4055
2025-01-16,11,22.3887,10.0481,12.3406
2025-01-16,12,3.1744,0.8602,2.3143
2025-01-16,13,1.525,0.8621,2.6629
2025-01-16,14,17.9012,10.0913,28.8098
2025-01-16,15,6.4109,3.1767,9.2342
2025-01-16,16,11.2911,5.2422,6.0489
2025-01-16,17,4.9994,2.8082,7.1911
2025-01-16,18,3.5651,3.5651,7.0
2025-01-16,19,5.0,1.4637,3.5363
2025-01-16,20,3.6544,0.9478,2.7066
2025-01-16,21,5.5299,3.6031,7.9268
2025-01-16,22,2.4752,0.0,2.4752
2025-01-16,23,3.8879,1.0376,2.8503
2025-01-16,24,3.8698,1.1949,2.6748
2025-01-16,25,0.6153,0.179,0.4362
2025-01-16,26,0.4036,0.2099,0.6937
2025-01-16,27,745.8072,348.8502,1146.957
2025-01-16,28,283.2643,104.1228,179.1415
2025-01-16,29,902.2138,366.4111,535.8027
2025-01-16,30,565.7014,365.1863,200.51510000000002
2025-01-17,1,2.7551,0.8424,1.9127
2025-01-17,2,1.5471,1.0603,1.9867
2025-01-17,3,1.3739,0.619,0.7549
2025-01-17,4,0.5454,0.3161,1.2293
2025-01-17,5,0.5351,0.23,0.3051
2025-01-17,6,0.7247,0.2482,0.4766
2025-01-17,7,0.203,0.0634,0.1395
2025-01-17,8,16.8964,14.426,29.4704
2025-01-17,9,7.4337,5.7388,12.6949
2025-01-17,10,8.4055,3.7534,12.6521
2025-01-17,11,12.3406,8.4124,21.9282
2025-01-17,12,2.3143,0.9689,1.3454
2025-01-17,13,2.6629,0.8308,1.8321
2025-01-17,14,28.8098,13.1992,15.6106
2025-01-17,15,9.2342,3.8628,5.3714
2025-01-17,16,6.0489,4.0946,10.9543
2025-01-17,17,7.1911,2.6599,4.5313
2025-01-17,18,7.0,2.8954,4.1046
2025-01-17,19,3.5363,1.8619,5.1744
2025-01-17,20,2.7066,1.6233,3.0833
2025-01-17,21,7.9268,2.8511,5.0757
2025-01-17,22,2.4752,2.4752,5.0
2025-01-17,23,2.8503,1.3673,1.4831
2025-01-17,24,2.6748,1.0828,1.592
2025-01-17,25,0.4362,0.1932,0.7431
2025-01-17,26,0.6937,0.1886,0.5051
2025-01-17,27,1146.957,404.6613,742.2958
2025-01-17,28,179.1415,101.2697,327.8718
2025-01-17,29,1468.0297,405.7886,1062.2411000000002
2025-01-17,30,929.6798,408.299,521.3808
2025-01-18,1,1.9127,1.4374,3.4753
2025-01-18,2,1.9867,0.6237,1.3631
2025-01-18,3,0.7549,0.5598,2.1951
2025-01-18,4,1.2293,0.4028,0.8265
2025-01-18,5,0.3051,0.2937,1.0114
2025-01-18,6,0.4766,0.3711,1.1055
2025-01-18,7,0.1395,0.1008,0.5387
2025-01-18,8,29.4704,16.4433,41.0271
2025-01-18,9,12.6949,7.9668,16.7281
2025-01-18,10,12.6521,8.6343,17.0178
2025-01-18,11,21.9282,7.8921,14.0361
2025-01-18,12,1.3454,1.3454,4.0
2025-01-18,13,1.8321,1.034,3.298
2025-01-18,14,15.6106,12.7387,36.8719
2025-01-18,15,5.3714,5.3553,11.0161
2025-01-18,16,10.9543,5.2364,5.7178
2025-01-18,17,4.5313,3.8407,9.6906
2025-01-18,18,4.1046,3.5061,9.5985
2025-01-18,19,5.1744,1.9754,3.199
2025-01-18,20,3.0833,2.1606,4.4227
2025-01-18,21,5.0757,5.0757,10.0
2025-01-18,22,5.0,1.8984,3.1016
2025-01-18,23,1.4831,1.4831,5.0
2025-01-18,24,1.592,1.592,5.0
2025-01-18,25,0.7431,0.3165,0.4266
2025-01-18,26,0.5051,0.3387,1.1664
2025-01-18,27,742.2958,618.5442,1473.7516
2025-01-18,28,327.8718,153.5961,174.2756
2025-01-18,29,903.9074,632.1738,271.7336
2025-01-18,30,567.0382,631.1863,0.0
2025-01-19,1,3.4753,1.5596,1.9157
2025-01-19,2,1.3631,0.9164,0.4467
2025-01-19,3,2.1951,1.0613,1.1338
2025-01-19,4,0.8265,0.0,0.8265
2025-01-19,5,1.0114,0.2832,0.7282
2025-01-19,6,1.1055,0.4304,0.6751
2025-01-19,7,0.5387,0.0746,0.4641
2025-01-19,8,41.0271,16.7998,24.2273
2025-01-19,9,16.7281,6.7395,9.9886
2025-01-19,10,17.0178,7.1979,9.8199
2025-01-19,11,14.0361,11.6694,2.3667
2025-01-19,12,4.0,1.9305,2.0695
2025-01-19,13,3.298,0.9929,2.3052
2025-01-19,14,36.8719,16.4003,20.4716
2025-01-19,15,11.0161,3.296,7.7202
2025-01-19,16,5.7178,5.7178,0.0
2025-01-19,17,9.6906,0.0,9.6906
2025-01-19,18,9.5985,4.4469,5.1515
2025-01-19,19,3.199,2.2453,0.9537
2025-01-19,20,4.4227,2.0068,2.416
2025-01-19,21,10.0,5.0582,4.9418
2025-01-19,22,3.1016,3.1016,0.0
2025-01-19,23,5.0,1.4282,3.5718
2025-01-19,24,5.0,1.364,3.636
2025-01-19,25,0.4266,0.3289,0.0976
2025-01-19,26,1.1664,0.2787,0.8877
2025-01-19,27,1473.7516,590.5063,883.2453
2025-01-19,28,174.2756,126.5643,47.7113
2025-01-19,29,1899.0311,576.3535,1322.6776
2025-01-19,30,1167.1624,579.3693,587.7931
2025-01-20,1,1.9157,1.0849,2.8308
2025-01-20,2,0.4467,0.4467,2.5
2025-01-20,3,1.1338,0.6135,1.5203
2025-01-20,4,0.8265,0.4982,1.3283
2025-01-20,5,0.7282,0.2435,0.4847
2025-01-20,6,0.6751,0.2478,0.4272
2025-01-20,7,0.4641,0.0606,0.4035
2025-01-20,8,24.2273,12.713,32.5143
2025-01-20,9,9.9886,5.8571,13.1314
2025-01-20,10,9.8199,4.0646,5.7552
2025-01-20,11,2.3667,2.3667,23.0
2025-01-20,12,2.0695,1.2261,2.8434
2025-01-20,13,2.3052,1.0824,1.2228
2025-01-20,14,20.4716,11.0797,28.3919
2025-01-20,15,7.7202,3.567,4.1532
2025-01-20,16,0.0,0.0,11.0
2025-01-20,17,9.6906,2.8805,6.8101
2025-01-20,18,5.1515,2.719,7.4325
2025-01-20,19,0.9537,0.9537,5.5
2025-01-20,20,2.416,1.2154,3.7006
2025-01-20,21,4.9418,3.8262,8.1156
2025-01-20,22,0.0,0.0,5.5
2025-01-20,23,3.5718,1.2918,2.28
2025-01-20,24,3.636,1.3419,2.2941
2025-01-20,25,0.0976,0.0976,1.0
2025-01-20,26,0.8877,0.2486,0.6391
2025-01-20,27,883.2453,454.7529,1178.4924
2025-01-20,28,47.7113,47.7113,300.0
2025-01-20,29,1282.804,434.9478,847.8562000000002
2025-01-20,30,686.6495,431.0329,255.6166
2025-01-21,1,2.8308,1.0234,1.8074
2025-01-21,2,2.5,0.8994,1.6006
2025-01-21,3,1.5203,0.7338,0.7864
2025-01-21,4,1.3283,0.3386,0.9897
2025-01-21,5,0.4847,0.304,0.6807
2025-01-21,6,0.4272,0.272,1.1552
2025-01-21,7,0.4035,0.0632,0.3403
2025-01-21,8,32.5143,13.9364,18.5778
2025-01-21,9,13.1314,6.7593,6.3721
2025-01-21,10,5.7552,5.3622,13.393
2025-01-21,11,23.0,6.2697,16.7303
2025-01-21,12,2.8434,1.0288,1.8146
2025-01-21,13,1.2228,1.0889,2.6339
2025-01-21,14,28.3919,11.6069,16.785
2025-01-21,15,4.1532,0.0,4.1532
2025-01-21,16,11.0,4.4748,6.5252
2025-01-21,17,6.8101,2.624,4.1861
2025-01-21,18,7.4325,2.5275,4.905
2025-01-21,19,5.5,1.9985,3.5015
2025-01-21,20,3.7006,1.3457,2.3549
2025-01-21,21,8.1156,2.5659,5.5498
2025-01-21,22,5.5,2.5637,2.9363
2025-01-21,23,2.28,1.211,4.0691
2025-01-21,24,2.2941,1.1848,4.1093
2025-01-21,25,1.0,0.2036,0.7964
2025-01-21,26,0.6391,0.3646,0.2745
2025-01-21,27,1178.4924,541.0326,637.4598
2025-01-21,28,300.0,103.6563,196.3437
2025-01-21,29,777.7928,549.483,228.3098000000001
2025-01-21,30,382.7851,554.838,0.0
2025-01-22,1,1.8074,0.9164,2.891
2025-01-22,2,1.6006,0.6969,0.9037
2025-01-22,3,0.7864,0.4561,1.8304
2025-01-22,4,0.9897,0.376,0.6138
2025-01-22,5,0.6807,0.2426,0.4381
2025-01-22,6,1.1552,0.4502,0.705
2025-01-22,7,0.3403,0.052,0.2883
2025-01-22,8,18.5778,13.1278,34.4501
2025-01-22,9,6.3721,5.3951,13.977
2025-01-22,10,13.393,4.632,8.761
2025-01-22,11,16.7303,9.8868,24.8434
2025-01-22,12,1.8146,1.0082,2.8064
2025-01-22,13,2.6339,0.8506,1.7834
2025-01-22,14,16.785,10.6222,29.1627
2025-01-22,15,4.1532,3.5447,8.6085
2025-01-22,16,6.5252,4.1468,11.3784
2025-01-22,17,4.1861,2.4094,7.7767
2025-01-22,18,4.905,2.7987,7.1063
2025-01-22,19,3.5015,2.7972,5.7043
2025-01-22,20,2.3549,0.916,1.4389
2025-01-22,21,5.5498,2.4973,9.0525
2025-01-22,22,2.9363,2.0632,5.8731
2025-01-22,23,4.0691,1.1743,2.8947
2025-01-22,24,4.1093,1.5192,2.5901
2025-01-22,25,0.7964,0.2843,0.5121
2025-01-22,26,0.2745,0.1692,0.6053
2025-01-22,27,637.4598,402.7846,1134.6751
2025-01-22,28,196.3437,139.266,307.0776
2025-01-22,29,1420.4871,499.8353,920.6518000000001
2025-01-22,30,949.1726,502.094,447.0786
2025-01-23,1,2.891,0.8481,2.0429
2025-01-23,2,0.9037,0.7797,2.124
2025-01-23,3,1.8304,0.5355,1.2949
2025-01-23,4,0.6138,0.396,1.2177
2025-01-23,5,0.4381,0.3967,1.0414
2025-01-23,6,0.705,0.327,0.378
2025-01-23,7,0.2883,0.0968,0.1915
2025-01-23,8,34.4501,12.5745,21.8756
2025-01-23,9,13.977,4.4541,9.5229
2025-01-23,10,8.761,5.7114,13.0495
2025-01-23,11,24.8434,7.2798,17.5637
2025-01-23,12,2.8064,0.0,2.8064
2025-01-23,13,1.7834,0.8784,2.905
2025-01-23,14,29.1627,11.4651,17.6977
2025-01-23,15,8.6085,3.5946,5.0138
2025-01-23,16,11.3784,3.7731,7.6053
2025-01-23,17,7.7767,2.596,5.1807
2025-01-23,18,7.1063,3.2831,3.8232
2025-01-23,19,5.7043,1.6633,4.041
2025-01-23,20,1.4389,1.4389,3.5
2025-01-23,21,9.0525,3.0425,6.01
2025-01-23,22,5.8731,2.7517,3.1213
2025-01-23,23,2.8947,1.1223,1.7724
2025-01-23,24,2.5901,1.1863,1.4037
2025-01-23,25,0.5121,0.3887,1.1235
2025-01-23,26,0.6053,0.2265,0.3788
2025-01-23,27,1134.6751,432.2632,702.4119
2025-01-23,28,307.0776,122.7507,184.3269
2025-01-23,29,868.7986,494.7281,374.0705
2025-01-23,30,519.1454,492.0626,27.08280000000002
2025-01-24,1,2.0429,0.6616,1.3813
2025-01-24,2,2.124,0.8124,1.3116
2025-01-24,3,1.2949,0.5172,0.7778
2025-01-24,4,1.2177,0.3783,0.8395
2025-01-24,5,1.0414,0.329,0.7124
2025-01-24,6,0.378,0.2693,1.1087
2025-01-24,7,0.1915,0.0616,0.1299
2025-01-24,8,21.8756,13.7388,32.1368
2025-01-24,9,9.5229,5.4108,13.1121
2025-01-24,10,13.0495,6.7648,6.2847
2025-01-24,11,17.5637,10.6695,22.8942
2025-01-24,12,2.8064,0.9457,1.8607
2025-01-24,13,2.905,0.9017,2.0033
2025-01-24,14,17.6977,13.2612,28.4365
2025-01-24,15,5.0138,3.6617,9.3522
2025-01-24,16,7.6053,3.935,10.6703
2025-01-24,17,5.1807,2.5651,7.6156
2025-01-24,18,3.8232,2.4104,7.4128
2025-01-24,19,4.041,2.3821,5.1589
2025-01-24,20,3.5,1.7517,1.7483
2025-01-24,21,6.01,3.8886,8.1214
2025-01-24,22,3.1213,2.6263,5.495
2025-01-24,23,1.7724,1.2815,3.9909
2025-01-24,24,1.4037,0.8507,3.5531
2025-01-24,25,1.1235,0.3012,0.8223
2025-01-24,26,0.3788,0.1588,0.72
2025-01-24,27,702.4119,431.0324,1171.3796
2025-01-24,28,184.3269,116.9603,317.3666
2025-01-24,29,1431.435,441.0845,990.3505
2025-01-24,30,892.1685,439.5121,452.6564
2025-01-25,1,1.3813,1.1885,3.1928
2025-01-25,2,1.3116,0.8268,2.9848
2025-01-25,3,0.7778,0.7778,2.0
2025-01-25,4,0.8395,0.5336,1.3059
2025-01-25,5,0.7124,0.3384,0.374
2025-01-25,6,1.1087,0.5203,0.5884
2025-01-25,7,0.1299,0.1034,0.5265
2025-01-25,8,32.1368,14.8945,17.2422
2025-01-25,9,13.1121,6.1023,7.0098
2025-01-25,10,6.2847,6.2847,17.0
2025-01-25,11,22.8942,9.5836,13.3106
2025-01-25,12,1.8607,1.1215,3.7392
2025-01-25,13,2.0033,1.283,3.2202
2025-01-25,14,28.4365,16.2884,37.1481
2025-01-25,15,9.3522,3.6867,5.6654
2025-01-25,16,10.6703,5.3596,14.3107
2025-01-25,17,7.6156,4.6774,9.9382
2025-01-25,18,7.4128,4.4521,9.9607
2025-01-25,19,5.1589,2.7863,6.8726
2025-01-25,20,1.7483,1.256,4.4923
2025-01-25,21,8.1214,3.9772,4.1441
2025-01-25,22,5.495,1.3585,4.1365
2025-01-25,23,3.9909,0.9242,3.0667
2025-01-25,24,3.5531,2.5124,5.0406
2025-01-25,25,0.8223,0.4809,1.3414
2025-01-25,26,0.72,0.234,0.486
2025-01-25,27,1171.3796,521.0277,650.3518
2025-01-25,28,317.3666,183.9214,383.4451
2025-01-25,29,860.5905,573.5725,287.01800000000003
2025-01-25,30,505.6544,572.2453,0.0
2025-01-26,1,3.1928,1.2006,1.9921
2025-01-26,2,2.9848,1.4159,1.5689
2025-01-26,3,2.0,0.8195,1.1805
2025-01-26,4,1.3059,0.4598,0.8461
2025-01-26,5,0.374,0.374,1.0
2025-01-26,6,0.5884,0.2673,1.3211
2025-01-26,7,0.5265,0.0618,0.4647
2025-01-26,8,17.2422,17.2422,43.0
2025-01-26,9,7.0098,7.0098,18.0
2025-01-26,10,17.0,6.5231,10.4769
2025-01-26,11,13.3106,13.3106,30.0
2025-01-26,12,3.7392,1.2845,2.4547
2025-01-26,13,3.2202,1.2032,2.0171
2025-01-26,14,37.1481,11.9474,25.2006
2025-01-26,15,5.6654,4.2634,11.402
2025-01-26,16,14.3107,5.8161,8.4946
2025-01-26,17,9.9382,3.2042,6.734
2025-01-26,18,9.9607,3.5,6.4607
2025-01-26,19,6.8726,2.0798,4.7928
2025-01-26,20,4.4923,1.8982,2.5941
2025-01-26,21,4.1441,2.7153,10.4289
2025-01-26,22,4.1365,3.5222,7.1143
2025-01-26,23,3.0667,1.4111,5.1556
2025-01-26,24,5.0406,1.4244,3.6163
2025-01-26,25,1.3414,0.2517,1.0897
2025-01-26,26,0.486,0.486,1.0
2025-01-26,27,650.3518,553.0883,1497.2635
2025-01-26,28,383.4451,172.5866,210.8586
2025-01-26,29,1886.5567,630.902,1255.6547
2025-01-26,30,1202.4612,638.1254,564.3358
2025-01-27,1,1.9921,0.7181,1.274
2025-01-27,2,1.5689,0.9609,2.1079
2025-01-27,3,1.1805,0.491,0.6895
2025-01-27,4,0.8461,0.0,0.8461
2025-01-27,5,1.0,0.2293,0.7707
2025-01-27,6,1.3211,0.2946,1.0265
2025-01-27,7,0.4647,0.0523,0.4124
2025-01-27,8,43.0,16.503,26.497
2025-01-27,9,18.0,5.5796,12.4204
2025-01-27,10,10.4769,3.7936,6.6833
2025-01-27,11,30.0,8.4941,21.5059
2025-01-27,12,2.4547,1.0151,1.4396
2025-01-27,13,2.0171,0.0,2.0171
2025-01-27,14,25.2006,14.2904,27.9102
2025-01-27,15,11.402,3.6367,7.7653
2025-01-27,16,8.4946,3.4076,5.087
2025-01-27,17,6.734,2.7543,3.9796
2025-01-27,18,6.4607,2.7825,3.6782
2025-01-27,19,4.7928,1.6647,3.1281
2025-01-27,20,2.5941,0.0,2.5941
2025-01-27,21,10.4289,5.5841,4.8448
2025-01-27,22,7.1143,2.1382,4.9761
2025-01-27,23,5.1556,2.0189,3.1366
2025-01-27,24,3.6163,1.2315,2.3848
2025-01-27,25,1.0897,0.3199,0.7698
2025-01-27,26,1.0,0.3646,0.6354
2025-01-27,27,1497.2635,528.4163,968.8472
2025-01-27,28,210.8586,99.9651,310.8935
2025-01-27,29,1163.4899,501.4184,662.0715
2025-01-27,30,651.6633,505.4024,146.26090000000005
2025-01-28,1,1.274,0.8209,2.453
2025-01-28,2,2.1079,0.6722,1.4357
2025-01-28,3,0.6895,0.0,0.6895
2025-01-28,4,0.8461,0.4142,0.4319
2025-01-28,5,0.7707,0.2507,0.52
2025-01-28,6,1.0265,0.4145,0.6119
2025-01-28,7,0.4124,0.0,0.4124
2025-01-28,8,26.497,11.6254,14.8716
2025-01-28,9,12.4204,5.628,6.7924
2025-01-28,10,6.6833,3.9298,12.7536
2025-01-28,11,21.5059,8.1153,13.3907
2025-01-28,12,1.4396,1.3069,3.1327
2025-01-28,13,2.0171,0.9898,1.0273
2025-01-28,14,27.9102,9.5686,18.3416
2025-01-28,15,7.7653,3.4091,4.3562
2025-01-28,16,5.087,3.9278,11.1592
2025-01-28,17,3.9796,2.7327,7.2469
2025-01-28,18,3.6782,2.5916,7.0866
2025-01-28,19,3.1281,2.2295,5.8986
2025-01-28,20,2.5941,1.0348,1.5592
2025-01-28,21,4.8448,3.106,8.7388
2025-01-28,22,4.9761,2.1756,2.8004
2025-01-28,23,3.1366,1.1765,1.9601
2025-01-28,24,2.3848,1.8374,3.5474
2025-01-28,25,0.7698,0.2311,0.5387
2025-01-28,26,0.6354,0.1352,0.5002
2025-01-28,27,968.8472,443.2367,525.6105
2025-01-28,28,310.8935,131.2415,179.652
2025-01-28,29,1484.0466,540.7492,943.2973999999999
2025-01-28,30,940.0526,536.8917,403.16089999999997
2025-01-29,1,2.453,1.0349,1.4182
2025-01-29,2,1.4357,0.0,1.4357
2025-01-29,3,0.6895,0.5868,1.6027
2025-01-29,4,0.4319,0.4319,1.5
2025-01-29,5,0.52,0.242,0.278
2025-01-29,6,0.6119,0.2613,0.3506
2025-01-29,7,0.4124,0.0463,0.366
2025-01-29,8,14.8716,14.557,34.3146
2025-01-29,9,6.7924,4.5778,14.2146
2025-01-29,10,12.7536,7.8614,12.8922
2025-01-29,11,13.3907,10.6591,23.7315
2025-01-29,12,3.1327,0.8882,2.2444
2025-01-29,13,1.0273,0.951,2.5763
2025-01-29,14,18.3416,11.2633,29.0783
2025-01-29,15,4.3562,3.0953,9.2609
2025-01-29,16,11.1592,5.0499,6.1093
2025-01-29,17,7.2469,2.9172,4.3297
2025-01-29,18,7.0866,2.899,4.1876
2025-01-29,19,5.8986,3.0275,2.8711
2025-01-29,20,1.5592,1.3946,3.6646
2025-01-29,21,8.7388,4.3297,4.409
2025-01-29,22,2.8004,1.2899,5.5105
2025-01-29,23,1.9601,1.5444,4.4158
2025-01-29,24,3.5474,1.1283,2.4191
2025-01-29,25,0.5387,0.247,0.2917
2025-01-29,26,0.5002,0.2583,0.2419
2025-01-29,27,525.6105,461.3342,1164.2763
2025-01-29,28,179.652,117.5361,312.1159
2025-01-29,29,902.9355,524.3239,378.61160000000007
2025-01-29,30,605.7139,525.1713,80.5426
2025-01-30,1,1.4182,1.0022,2.416
2025-01-30,2,1.4357,0.8595,2.0762
2025-01-30,3,1.6027,0.0,1.6027
2025-01-30,4,1.5,0.3499,1.1501
2025-01-30,5,0.278,0.2142,1.0637
2025-01-30,6,0.3506,0.304,1.0466
2025-01-30,7,0.366,0.06,0.306
2025-01-30,8,34.3146,11.8962,22.4184
2025-01-30,9,14.2146,6.0455,8.1691
2025-01-30,10,12.8922,4.9286,7.9636
2025-01-30,11,23.7315,9.9861,13.7455
2025-01-30,12,2.2444,1.2654,2.979
2025-01-30,13,2.5763,1.0482,1.5281
2025-01-30,14,29.0783,10.9954,18.0829
2025-01-30,15,9.2609,4.2591,5.0018
2025-01-30,16,6.1093,4.5659,10.5434
2025-01-30,17,4.3297,2.6834,7.6463
2025-01-30,18,4.1876,2.5219,7.6657
2025-01-30,19,2.8711,2.8711,5.5
2025-01-30,20,3.6646,1.4272,2.2374
2025-01-30,21,4.409,3.5172,7.8918
2025-01-30,22,5.5105,1.903,3.6076
2025-01-30,23,4.4158,2.2598,2.1559
2025-01-30,24,2.4191,1.4637,3.9555
2025-01-30,25,0.2917,0.2497,1.042
2025-01-30,26,0.2419,0.2419,1.0
2025-01-30,27,1164.2763,455.6183,708.6579
2025-01-30,28,312.1159,121.2193,190.8966
2025-01-30,29,902.9355,485.416,417.51950000000005
2025-01-30,30,936.9656,483.5566,453.409
2025-01-31,1,2.416,0.7083,1.7077
2025-01-31,2,2.0762,0.6523,1.4239
2025-01-31,3,1.6027,0.5169,1.0858
2025-01-31,4,1.1501,0.3318,0.8183
2025-01-31,5,1.0637,0.3979,0.6658
2025-01-31,6,1.0466,0.2437,0.8029
2025-01-31,7,0.306,0.0733,0.2327
2025-01-31,8,22.4184,9.2289,13.1894
2025-01-31,9,8.1691,4.501,12.6681
2025-01-31,10,7.9636,4.5144,12.4492
2025-01-31,11,13.7455,6.2678,22.4777
2025-01-31,12,2.979,0.9118,2.0673
2025-01-31,13,1.5281,1.1105,2.4176
2025-01-31,14,18.0829,9.7477,28.3352
2025-01-31,15,5.0018,3.005,8.9967
2025-01-31,16,10.5434,4.5605,5.9829
2025-01-31,17,7.6463,2.9569,4.6894
2025-01-31,18,7.6657,2.4781,5.1876
2025-01-31,19,5.5,1.6689,3.8311
2025-01-31,20,2.2374,0.9052,1.3322
2025-01-31,21,7.8918,4.0604,3.8315
2025-01-31,22,3.6076,1.7151,4.8924
2025-01-31,23,2.1559,1.2689,3.8871
2025-01-31,24,3.9555,0.9981,2.9574
2025-01-31,25,1.042,0.3289,0.7131
2025-01-31,26,1.0,0.2328,0.7672
2025-01-31,27,708.6579,442.0129,1166.645
2025-01-31,28,190.8966,112.7436,328.153
2025-01-31,29,1480.842,446.9865,1033.8555000000001
2025-01-31,30,600.9162,441.4866,159.4296
2025-02-01,1,1.7077,1.3345,3.3732
2025-02-01,2,1.4239,1.4127,3.0112
2025-02-01,3,1.0858,0.591,1.9948
2025-02-01,4,0.8183,0.423,1.3953
2025-02-01,5,0.6658,0.2995,0.3663
2025-02-01,6,0.8029,0.4063,1.3966
2025-02-01,7,0.2327,0.1242,0.1085
2025-02-01,8,13.1894,13.1894,45.0
2025-02-01,9,12.6681,5.9128,18.7553
2025-02-01,10,12.4492,6.1887,17.2605
2025-02-01,11,22.4777,15.3958,31.0819
2025-02-01,12,2.0673,0.8538,3.7134
2025-02-01,13,2.4176,1.3973,3.5203
2025-02-01,14,28.3352,14.9791,37.3562
2025-02-01,15,8.9967,3.8093,5.1875
2025-02-01,16,5.9829,5.4096,14.5733
2025-02-01,17,4.6894,4.0465,9.6429
2025-02-01,18,5.1876,3.398,9.7897
2025-02-01,19,3.8311,2.1458,7.1853
2025-02-01,20,1.3322,1.3322,4.5
2025-02-01,21,3.8315,3.8315,11.0
2025-02-01,22,4.8924,2.5638,7.3286
2025-02-01,23,3.8871,2.6401,5.7469
2025-02-01,24,2.9574,2.0373,4.9201
2025-02-01,25,0.7131,0.3906,1.3226
2025-02-01,26,0.7672,0.2788,0.4884
2025-02-01,27,1166.645,604.7091,1511.9359
2025-02-01,28,328.153,162.0219,166.1311
2025-02-01,29,942.5802,706.2193,236.36090000000002
2025-02-01,30,855.1014,701.714,153.38739999999996
2025-02-02,1,3.3732,1.1892,2.1841
2025-02-02,2,3.0112,1.2231,1.7881
2025-02-02,3,1.9948,0.8277,1.1671
2025-02-02,4,1.3953,0.4176,0.9776
2025-02-02,5,0.3663,0.3373,1.0289
2025-02-02,6,1.3966,0.4167,0.9798
2025-02-02,7,0.1085,0.0559,0.5526
2025-02-02,8,45.0,20.5123,24.4877
2025-02-02,9,18.7553,5.9704,12.7849
2025-02-02,10,17.2605,10.1149,7.1456
2025-02-02,11,31.0819,8.3541,22.7278
2025-02-02,12,3.7134,1.5908,2.1226
2025-02-02,13,3.5203,1.4922,2.0281
2025-02-02,14,37.3562,12.7605,24.5956
2025-02-02,15,5.1875,3.8609,11.3266
2025-02-02,16,14.5733,5.7168,8.8564
2025-02-02,17,9.6429,4.2341,5.4088
2025-02-02,18,9.7897,4.2186,5.5711
2025-02-02,19,7.1853,2.8605,4.3248
2025-02-02,20,4.5,1.6139,2.8861
2025-02-02,21,11.0,3.1755,7.8245
2025-02-02,22,7.3286,1.8536,5.475
2025-02-02,23,5.7469,1.6834,4.0635
2025-02-02,24,4.9201,1.8876,3.0324
2025-02-02,25,1.3226,0.2663,1.0563
2025-02-02,26,0.4884,0.4041,1.0843
2025-02-02,27,1511.9359,593.6991,918.2367
2025-02-02,28,166.1311,142.1969,373.9342
2025-02-02,29,1887.8459,633.9738,1253.8721
2025-02-02,30,1157.8185,628.9746,528.8439000000001
2025-02-03,1,2.1841,0.9352,1.2488
2025-02-03,2,1.7881,0.8397,0.9484
2025-02-03,3,1.1671,0.5838,0.5833
2025-02-03,4,0.9776,0.3964,0.5812
2025-02-03,5,1.0289,0.2527,0.7762
2025-02-03,6,0.9798,0.3406,0.6392
2025-02-03,7,0.5526,0.0677,0.485
2025-02-03,8,24.4877,17.9565,34.5312
2025-02-03,9,12.7849,5.8168,6.9681
2025-02-03,10,7.1456,5.3913,12.7543
2025-02-03,11,22.7278,9.9845,12.7433
2025-02-03,12,2.1226,1.2293,2.8933
2025-02-03,13,2.0281,0.9077,1.1203
2025-02-03,14,24.5956,10.0962,14.4994
2025-02-03,15,11.3266,3.8534,7.4732
2025-02-03,16,8.8564,0.0,8.8564
2025-02-03,17,5.4088,2.8459,7.5629
2025-02-03,18,5.5711,3.2012,7.3699
2025-02-03,19,4.3248,1.8084,2.5164
2025-02-03,20,2.8861,1.7196,3.6665
2025-02-03,21,7.8245,3.0746,4.7499
2025-02-03,22,5.475,1.746,3.729
2025-02-03,23,4.0635,1.8633,2.2002
2025-02-03,24,3.0324,1.8805,4.152
2025-02-03,25,1.0563,0.3141,0.7421
2025-02-03,26,1.0843,0.2156,0.8687
2025-02-03,27,918.2367,437.629,480.6077
2025-02-03,28,373.9342,107.3006,266.6336
2025-02-03,29,1887.8459,504.5691,1383.2768
2025-02-03,30,764.682,499.8772,264.8048
2025-02-04,1,1.2488,0.8316,2.4172
2025-02-04,2,0.9484,0.6781,2.2703
2025-02-04,3,0.5833,0.3988,1.6845
2025-02-04,4,0.5812,0.4145,1.1666
2025-02-04,5,0.7762,0.2451,0.5311
2025-02-04,6,0.6392,0.2567,0.3825
2025-02-04,7,0.485,0.0796,0.4054
2025-02-04,8,34.5312,11.8682,22.663
2025-02-04,9,6.9681,4.4511,13.517
2025-02-04,10,12.7543,7.5075,5.2467
2025-02-04,11,12.7433,12.7433,22.0
2025-02-04,12,2.8933,1.4749,1.4184
2025-02-04,13,1.1203,0.7337,2.8867
2025-02-04,14,14.4994,10.2842,28.2153
2025-02-04,15,7.4732,3.4434,4.0298
2025-02-04,16,8.8564,4.547,4.3094
2025-02-04,17,7.5629,2.9195,4.6434
2025-02-04,18,7.3699,0.0,7.3699
2025-02-04,19,2.5164,1.9998,5.0166
2025-02-04,20,3.6665,1.6597,2.0068
2025-02-04,21,4.7499,0.0,4.7499
2025-02-04,22,3.729,2.6501,5.0789
2025-02-04,23,2.2002,0.9962,4.204
2025-02-04,24,4.152,1.1121,3.0399
2025-02-04,25,0.7421,0.1998,0.5424
2025-02-04,26,0.8687,0.1155,0.7532
2025-02-04,27,480.6077,480.6077,1150.0
2025-02-04,28,266.6336,112.1146,154.519
2025-02-04,29,1358.9846,565.7726,793.212
2025-02-04,30,473.4924,567.9761,0.0
2025-02-05,1,2.4172,0.7284,1.6888
2025-02-05,2,2.2703,0.8545,1.4158
2025-02-05,3,1.6845,0.5869,1.0976
2025-02-05,4,1.1666,0.4117,0.755
2025-02-05,5,0.5311,0.3314,0.6998
2025-02-05,6,0.3825,0.2892,1.0933
2025-02-05,7,0.4054,0.0606,0.3448
2025-02-05,8,22.663,13.6821,31.9809
2025-02-05,9,13.517,4.783,8.734
2025-02-05,10,5.2467,5.2467,13.0
2025-02-05,11,22.0,7.8834,14.1166
2025-02-05,12,1.4184,0.8625,3.0559
2025-02-05,13,2.8867,1.128,1.7586
2025-02-05,14,28.2153,10.2975,17.9178
2025-02-05,15,4.0298,4.0298,9.0
2025-02-05,16,4.3094,4.262,11.0475
2025-02-05,17,4.6434,2.4957,7.1477
2025-02-05,18,7.3699,2.9269,4.443
2025-02-05,19,5.0166,1.6379,3.3787
2025-02-05,20,2.0068,0.9028,3.604
2025-02-05,21,4.7499,2.9525,7.7974
2025-02-05,22,5.0789,1.6688,3.4101
2025-02-05,23,4.204,1.4701,2.7339
2025-02-05,24,3.0399,1.0355,2.0043
2025-02-05,25,0.5424,0.2472,0.2952
2025-02-05,26,0.7532,0.2244,0.5288
2025-02-05,27,1150.0,394.117,755.883
2025-02-05,28,154.519,100.9484,303.5707
2025-02-05,29,758.2227,399.241,358.98170000000005
2025-02-05,30,884.9013,393.9422,490.9591
2025-02-06,1,1.6888,0.9891,2.6997
2025-02-06,2,1.4158,0.6618,2.2539
2025-02-06,3,1.0976,0.4499,0.6476
2025-02-06,4,0.755,0.3557,1.3993
2025-02-06,5,0.6998,0.2234,0.4764
2025-02-06,6,1.0933,0.3152,0.7782
2025-02-06,7,0.3448,0.0582,0.2865
2025-02-06,8,31.9809,15.2493,16.7316
2025-02-06,9,8.734,4.7701,13.9639
2025-02-06,10,13.0,6.762,6.238
2025-02-06,11,14.1166,8.9183,23.1984
2025-02-06,12,3.0559,1.0505,2.0054
2025-02-06,13,1.7586,0.7817,0.977
2025-02-06,14,17.9178,11.419,28.4988
2025-02-06,15,9.0,3.8856,5.1144
2025-02-06,16,11.0475,4.4446,6.6029
2025-02-06,17,7.1477,3.1291,4.0186
2025-02-06,18,4.443,2.0942,7.3488
2025-02-06,19,3.3787,1.7232,5.6555
2025-02-06,20,3.604,1.4984,2.1056
2025-02-06,21,7.7974,3.2207,4.5767
2025-02-06,22,3.4101,1.8825,5.5276
2025-02-06,23,2.7339,2.7339,4.0
2025-02-06,24,2.0043,0.935,4.0693
2025-02-06,25,0.2952,0.2952,1.0
2025-02-06,26,0.5288,0.199,0.3298
2025-02-06,27,755.883,437.9953,1167.8877
2025-02-06,28,303.5707,114.487,189.0837
2025-02-06,29,758.2227,481.2198,277.0029
2025-02-06,30,578.9731,476.7626,102.21050000000002
2025-02-07,1,2.6997,1.0183,1.6814
2025-02-07,2,2.2539,0.6134,1.6405
2025-02-07,3,0.6476,0.6476,1.5
2025-02-07,4,1.3993,0.3795,1.0198
2025-02-07,5,0.4764,0.3331,1.1433
2025-02-07,6,0.7782,0.455,0.3231
2025-02-07,7,0.2865,0.0622,0.2243
2025-02-07,8,16.7316,13.9285,32.8031
2025-02-07,9,13.9639,6.172,7.7918
2025-02-07,10,6.238,4.5492,12.6887
2025-02-07,11,23.1984,10.8006,12.3978
2025-02-07,12,2.0054,1.1953,2.8101
2025-02-07,13,0.977,0.9189,2.5581
2025-02-07,14,28.4988,11.3431,17.1557
2025-02-07,15,5.1144,3.0813,9.0331
2025-02-07,16,6.6029,4.9068,10.6961
2025-02-07,17,4.0186,2.8435,7.1752
2025-02-07,18,7.3488,2.6962,4.6527
2025-02-07,19,5.6555,3.1951,2.4604
2025-02-07,20,2.1056,1.4459,3.6597
2025-02-07,21,4.5767,3.7922,8.7844
2025-02-07,22,5.5276,1.9193,3.6083
2025-02-07,23,4.0,1.1804,2.8196
2025-02-07,24,4.0693,1.3667,2.7026
2025-02-07,25,1.0,0.2181,0.7819
2025-02-07,26,0.3298,0.3189,1.0109
2025-02-07,27,1167.8877,416.2649,751.6228
2025-02-07,28,189.0837,99.2538,289.8299
2025-02-07,29,1439.2198,454.282,984.9378000000002
2025-02-07,30,899.7978,446.9832,452.81460000000004
2025-02-08,1,1.6814,1.5038,3.1776
2025-02-08,2,1.6405,1.3956,2.7449
2025-02-08,3,1.5,0.7035,0.7965
2025-02-08,4,1.0198,0.4563,0.5635
2025-02-08,5,1.1433,0.348,0.7953
2025-02-08,6,0.3231,0.3231,1.5
2025-02-08,7,0.2243,0.0663,0.158
2025-02-08,8,32.8031,14.3771,18.426
2025-02-08,9,7.7918,7.7918,18.0
2025-02-08,10,12.6887,7.8238,16.8649
2025-02-08,11,12.3978,11.4347,29.9631
2025-02-08,12,2.8101,1.1402,1.6699
2025-02-08,13,2.5581,1.0009,1.5571
2025-02-08,14,17.1557,12.9613,37.1944
2025-02-08,15,9.0331,4.3384,4.6947
2025-02-08,16,10.6961,5.4807,14.2154
2025-02-08,17,7.1752,3.0893,4.0859
2025-02-08,18,4.6527,3.3199,9.3328
2025-02-08,19,2.4604,2.1297,6.8307
2025-02-08,20,3.6597,1.6981,1.9616
2025-02-08,21,8.7844,5.0415,10.743
2025-02-08,22,3.6083,1.8232,6.7851
2025-02-08,23,2.8196,0.9441,5.3756
2025-02-08,24,2.7026,1.1221,4.5805
2025-02-08,25,0.7819,0.2786,0.5033
2025-02-08,26,1.0109,0.3162,0.6946
2025-02-08,27,751.6228,621.5172,1480.1056
2025-02-08,28,289.8299,131.3534,158.4765
2025-02-08,29,994.8111,600.1288,394.68230000000005
2025-02-08,30,538.7561,608.1715,0.0
2025-02-09,1,3.1776,1.3243,1.8533
2025-02-09,2,2.7449,0.9436,1.8013
2025-02-09,3,0.7965,0.5176,2.2789
2025-02-09,4,0.5635,0.5635,1.5
2025-02-09,5,0.7953,0.3705,0.4248
2025-02-09,6,1.5,0.4189,1.0811
2025-02-09,7,0.158,0.1272,0.5308
2025-02-09,8,18.426,18.426,44.0
2025-02-09,9,18.0,7.5964,10.4036
2025-02-09,10,16.8649,11.6593,17.2056
2025-02-09,11,29.9631,8.0605,21.9026
2025-02-09,12,1.6699,1.479,3.6909
2025-02-09,13,1.5571,1.2026,3.3545
2025-02-09,14,37.1944,13.8137,23.3807
2025-02-09,15,4.6947,3.5439,11.1508
2025-02-09,16,14.2154,5.8976,8.3178
2025-02-09,17,4.0859,3.7181,9.3678
2025-02-09,18,9.3328,3.0237,6.3091
2025-02-09,19,6.8307,3.4881,3.3426
2025-02-09,20,1.9616,1.9616,4.5
2025-02-09,21,10.743,3.1125,7.6305
2025-02-09,22,6.7851,2.6708,4.1143
2025-02-09,23,5.3756,2.2093,3.1663
2025-02-09,24,4.5805,1.8761,2.7044
2025-02-09,25,0.5033,0.4036,1.0997
2025-02-09,26,0.6946,0.2403,0.4543
2025-02-09,27,1480.1056,614.9116,865.1939
2025-02-09,28,158.4765,158.4765,400.0
2025-02-09,29,1905.0913,655.5508,1249.5405
2025-02-09,30,1197.9833,649.4662,548.5171000000001
2025-02-10,1,1.8533,1.645,2.7083
2025-02-10,2,1.8013,0.7375,1.0639
2025-02-10,3,2.2789,0.5384,1.7405
2025-02-10,4,1.5,0.3185,1.1815
2025-02-10,5,0.4248,0.2765,1.1483
2025-02-10,6,1.0811,0.3221,0.759
2025-02-10,7,0.5308,0.0436,0.4872
2025-02-10,8,44.0,9.9831,34.0169
2025-02-10,9,10.4036,5.7801,13.6235
2025-02-10,10,17.2056,4.794,12.4115
2025-02-10,11,21.9026,7.3989,14.5037
2025-02-10,12,3.6909,1.1114,2.5795
2025-02-10,13,3.3545,1.0961,2.2584
2025-02-10,14,23.3807,11.5848,11.7959
2025-02-10,15,11.1508,3.447,7.7038
2025-02-10,16,8.3178,4.46,10.8578
2025-02-10,17,9.3678,3.1355,6.2323
2025-02-10,18,6.3091,3.1466,3.1625
2025-02-10,19,3.3426,1.8516,5.491
2025-02-10,20,4.5,1.4317,3.0683
2025-02-10,21,7.6305,3.6981,3.9323
2025-02-10,22,4.1143,2.2577,5.3566
2025-02-10,23,3.1663,1.0965,2.0698
2025-02-10,24,2.7044,1.4958,4.2086
2025-02-10,25,1.0997,0.1861,0.9136
2025-02-10,26,0.4543,0.2344,0.7199
2025-02-10,27,865.1939,413.2272,1151.9668
2025-02-10,28,400.0,112.6015,287.3985
2025-02-10,29,1199.2935,435.9395,763.354
2025-02-10,30,720.3867,435.8969,284.4898
2025-02-11,1,2.7083,0.9107,1.7976
2025-02-11,2,1.0639,0.6484,2.4155
2025-02-11,3,1.7405,0.0,1.7405
2025-02-11,4,1.1815,0.4982,0.6833
2025-02-11,5,1.1483,0.3174,0.8309
2025-02-11,6,0.759,0.3861,0.3729
2025-02-11,7,0.4872,0.0391,0.4481
2025-02-11,8,34.0169,10.8819,23.135
2025-02-11,9,13.6235,4.3479,9.2756
2025-02-11,10,12.4115,3.9566,8.4549
2025-02-11,11,14.5037,6.6305,23.8733
2025-02-11,12,2.5795,0.7747,1.8048
2025-02-11,13,2.2584,0.8509,1.4075
2025-02-11,14,11.7959,11.7959,29.0
2025-02-11,15,7.7038,3.6947,4.0091
2025-02-11,16,10.8578,3.6792,7.1786
2025-02-11,17,6.2323,2.7635,3.4688
2025-02-11,18,3.1625,3.0025,7.16
2025-02-11,19,5.491,2.5517,2.9392
2025-02-11,20,3.0683,1.7105,1.3578
2025-02-11,21,3.9323,3.7069,8.2255
2025-02-11,22,5.3566,2.8356,2.5211
2025-02-11,23,2.0698,1.0752,3.9946
2025-02-11,24,4.2086,0.99,3.2186
2025-02-11,25,0.9136,0.2173,0.6963
2025-02-11,26,0.7199,0.0983,0.6216
2025-02-11,27,1151.9668,462.7899,689.1768
2025-02-11,28,287.3985,93.7701,193.6284
2025-02-11,29,632.5994,482.4997,150.09969999999993
2025-02-11,30,358.2274,489.0174,0.0
2025-02-12,1,1.7976,0.7774,1.0202
2025-02-12,2,2.4155,0.7956,1.6198
2025-02-12,3,1.7405,0.5264,1.2142
2025-02-12,4,0.6833,0.4203,1.2631
2025-02-12,5,0.8309,0.1971,0.6338
2025-02-12,6,0.3729,0.2805,1.0924
2025-02-12,7,0.4481,0.0711,0.3771
2025-02-12,8,23.135,13.9403,33.1947
2025-02-12,9,9.2756,4.5392,13.7364
2025-02-12,10,8.4549,4.8248,12.6301
2025-02-12,11,23.8733,11.1185,12.7548
2025-02-12,12,1.8048,1.271,3.0338
2025-02-12,13,1.4075,0.8263,2.5812
2025-02-12,14,29.0,9.8447,19.1553
2025-02-12,15,4.0091,3.6387,9.3704
2025-02-12,16,7.1786,4.3771,10.8014
2025-02-12,17,3.4688,2.626,7.8428
2025-02-12,18,7.16,2.3518,4.8082
2025-02-12,19,2.9392,1.6963,5.743
2025-02-12,20,1.3578,1.2903,3.5675
2025-02-12,21,8.2255,3.542,4.6834
2025-02-12,22,2.5211,2.5211,5.5
2025-02-12,23,3.9946,1.4512,2.5434
2025-02-12,24,3.2186,1.5952,1.6234
2025-02-12,25,0.6963,0.1765,0.5198
2025-02-12,26,0.6216,0.229,0.3926
2025-02-12,27,689.1768,480.2757,1158.9011
2025-02-12,28,193.6284,125.3818,318.2466
2025-02-12,29,1514.8598,543.6284,971.2313999999999
2025-02-12,30,904.2438,536.2176,368.0262
2025-02-13,1,1.0202,1.0202,2.5
2025-02-13,2,1.6198,0.8173,2.3025
2025-02-13,3,1.2142,0.4623,0.7518
2025-02-13,4,1.2631,0.3525,0.9105
2025-02-13,5,0.6338,0.2162,0.4177
2025-02-13,6,1.0924,0.3278,0.7646
2025-02-13,7,0.3771,0.1195,0.2576
2025-02-13,8,33.1947,14.1361,19.0586
2025-02-13,9,13.7364,4.2161,9.5203
2025-02-13,10,12.6301,4.1981,8.432
2025-02-13,11,12.7548,8.8898,23.865
2025-02-13,12,3.0338,1.2975,1.7363
2025-02-13,13,2.5812,0.9986,1.5826
2025-02-13,14,19.1553,13.0904,29.065
2025-02-13,15,9.3704,3.0941,6.2763
2025-02-13,16,10.8014,4.4684,6.3331
2025-02-13,17,7.8428,3.0275,4.8153
2025-02-13,18,4.8082,2.4934,7.3148
2025-02-13,19,5.743,0.0,5.743
2025-02-13,20,3.5675,1.5588,2.0087
2025-02-13,21,4.6834,3.0763,8.6071
2025-02-13,22,5.5,2.1586,3.3414
2025-02-13,23,2.5434,0.9129,1.6305
2025-02-13,24,1.6234,1.3478,4.2757
2025-02-13,25,0.5198,0.4335,1.0863
2025-02-13,26,0.3926,0.1801,0.7126
2025-02-13,27,1158.9011,395.6041,763.2971
2025-02-13,28,318.2466,131.5755,186.6711
2025-02-13,29,917.2665,475.7114,441.5550999999999
2025-02-13,30,594.5884,483.9484,110.63999999999999
2025-02-14,1,2.5,1.1397,1.3603
2025-02-14,2,2.3025,0.688,1.6145
2025-02-14,3,0.7518,0.4537,1.7982
2025-02-14,4,0.9105,0.318,0.5925
2025-02-14,5,0.4177,0.2831,1.1345
2025-02-14,6,0.7646,0.0,0.7646
2025-02-14,7,0.2576,0.0705,0.1871
2025-02-14,8,19.0586,13.2043,34.8543
2025-02-14,9,9.5203,5.7669,13.7534
2025-02-14,10,8.432,6.5957,12.8362
2025-02-14,11,23.865,8.9043,14.9606
2025-02-14,12,1.7363,1.1015,3.1348
2025-02-14,13,1.5826,0.9721,2.6105
2025-02-14,14,29.065,0.0,29.065
2025-02-14,15,6.2763,3.2266,9.0497
2025-02-14,16,6.3331,4.1533,11.1798
2025-02-14,17,4.8153,3.3849,7.4304
2025-02-14,18,7.3148,2.6924,4.6224
2025-02-14,19,5.743,1.9716,3.7714
2025-02-14,20,2.0087,0.9969,3.5118
2025-02-14,21,8.6071,5.2955,3.3117
2025-02-14,22,3.3414,2.7398,5.6017
2025-02-14,23,1.6305,1.6305,4.5
2025-02-14,24,4.2757,1.8443,2.4314
2025-02-14,25,1.0863,0.2588,0.8275
2025-02-14,26,0.7126,0.2346,0.4779
2025-02-14,27,763.2971,486.906,1176.3911
2025-02-14,28,186.6711,122.3581,314.3131
2025-02-14,29,1483.5221,494.6008,988.9213
2025-02-14,30,862.0451,499.2374,362.80770000000007
2025-02-15,1,1.3603,1.3253,3.535
2025-02-15,2,1.6145,1.3002,2.8142
2025-02-15,3,1.7982,0.5975,1.2007
2025-02-15,4,0.5925,0.3974,1.6951
2025-02-15,5,1.1345,0.3614,0.7732
2025-02-15,6,0.7646,0.4603,1.3044
2025-02-15,7,0.1871,0.114,0.5731
2025-02-15,8,34.8543,15.7914,19.063
2025-02-15,9,13.7534,7.4449,17.3085
2025-02-15,10,12.8362,10.7006,17.1356
2025-02-15,11,14.9606,8.1143,29.8463
2025-02-15,12,3.1348,1.6091,1.5257
2025-02-15,13,2.6105,1.0662,1.5443
2025-02-15,14,29.065,14.2909,14.7741
2025-02-15,15,9.0497,4.9355,11.1142
2025-02-15,16,11.1798,6.4461,13.7337
2025-02-15,17,7.4304,3.521,3.9094
2025-02-15,18,4.6224,4.1224,9.5
2025-02-15,19,3.7714,3.3351,6.9362
2025-02-15,20,3.5118,1.767,1.7448
2025-02-15,21,3.3117,3.3117,10.0
2025-02-15,22,5.6017,5.0042,7.0974
2025-02-15,23,4.5,1.9941,2.5059
2025-02-15,24,2.4314,2.4314,5.0
2025-02-15,25,0.8275,0.0,0.8275
2025-02-15,26,0.4779,0.1247,0.3533
2025-02-15,27,1176.3911,469.9722,706.4189
2025-02-15,28,314.3131,147.8159,166.4971
2025-02-15,29,1024.1478,523.6399,500.50789999999995
2025-02-15,30,523.2243,514.7069,8.517399999999952
2025-02-16,1,3.535,1.389,2.1459
2025-02-16,2,2.8142,1.1734,1.6409
2025-02-16,3,1.2007,0.6677,0.533
2025-02-16,4,1.6951,0.408,1.2871
2025-02-16,5,0.7732,0.3659,0.4072
2025-02-16,6,1.3044,0.3764,0.928
2025-02-16,7,0.5731,0.082,0.4911
2025-02-16,8,19.063,18.9099,0.1531
2025-02-16,9,17.3085,7.3945,9.914
2025-02-16,10,17.1356,7.3834,9.7523
2025-02-16,11,29.8463,11.6636,18.1827
2025-02-16,12,1.5257,0.952,0.5738
2025-02-16,13,1.5443,1.2781,0.2662
2025-02-16,14,14.7741,14.4914,0.2826
2025-02-16,15,11.1142,4.8939,6.2203
2025-02-16,16,13.7337,6.9906,6.7431
2025-02-16,17,3.9094,3.9094,0.0
2025-02-16,18,9.5,3.9489,5.5512
2025-02-16,19,6.9362,2.9036,4.0327
2025-02-16,20,1.7448,1.576,0.1688
2025-02-16,21,10.0,3.3303,6.6697
2025-02-16,22,7.0974,2.9446,4.1529
2025-02-16,23,2.5059,2.5059,0.0
2025-02-16,24,5.0,1.2997,3.7003
2025-02-16,25,0.8275,0.3936,0.4339
2025-02-16,26,0.3533,0.2683,0.085
2025-02-16,27,706.4189,625.9265,80.4924
2025-02-16,28,166.4971,138.4234,28.0737
2025-02-16,29,1852.0922,616.9907,1235.1015000000002
2025-02-16,30,1209.1723,610.472,598.7003
2025-02-17,1,2.1459,1.1801,2.4659
2025-02-17,2,1.6409,0.9374,2.2035
2025-02-17,3,0.533,0.533,1.5
2025-02-17,4,1.2871,0.3718,0.9153
2025-02-17,5,0.4072,0.3333,1.0739
2025-02-17,6,0.928,0.2702,0.6578
2025-02-17,7,0.4911,0.0638,0.4273
2025-02-17,8,0.1531,0.1531,35.0
2025-02-17,9,9.914,5.3205,14.5935
2025-02-17,10,9.7523,4.6212,5.1311
2025-02-17,11,18.1827,8.8026,25.3802
2025-02-17,12,0.5738,0.5738,3.0
2025-02-17,13,0.2662,0.2662,2.5
2025-02-17,14,0.2826,0.2826,29.0
2025-02-17,15,6.2203,3.5364,8.6839
2025-02-17,16,6.7431,4.4148,11.3283
2025-02-17,17,0.0,0.0,8.0
2025-02-17,18,5.5512,2.6121,2.9391
2025-02-17,19,4.0327,1.8446,5.6881
2025-02-17,20,0.1688,0.1688,3.5
2025-02-17,21,6.6697,2.3037,4.366
2025-02-17,22,4.1529,1.1082,3.0446
2025-02-17,23,0.0,0.0,4.5
2025-02-17,24,3.7003,1.3796,2.3207
2025-02-17,25,0.4339,0.3379,1.096
2025-02-17,26,0.085,0.085,1.0
2025-02-17,27,80.4924,80.4924,1150.0
2025-02-17,28,28.0737,28.0737,300.0
2025-02-17,29,1081.2199,108.7256,972.4943000000001
2025-02-17,30,832.6613,109.3893,723.2719999999999
2025-02-18,1,2.4659,1.1029,1.363
2025-02-18,2,2.2035,1.126,1.0775
2025-02-18,3,1.5,0.4647,1.0353
2025-02-18,4,0.9153,0.3095,0.6058
2025-02-18,5,1.0739,0.3042,0.7697
2025-02-18,6,0.6578,0.0,0.6578
2025-02-18,7,0.4273,0.0567,0.3705
2025-02-18,8,35.0,14.5575,20.4425
2025-02-18,9,14.5935,6.37,8.2235
2025-02-18,10,5.1311,4.3978,12.7333
2025-02-18,11,25.3802,9.7109,15.6693
2025-02-18,12,3.0,1.2951,1.7049
2025-02-18,13,2.5,1.1295,1.3705
2025-02-18,14,29.0,11.7678,17.2322
2025-02-18,15,8.6839,3.4555,5.2284
2025-02-18,16,11.3283,4.467,6.8614
2025-02-18,17,8.0,3.2197,4.7803
2025-02-18,18,2.9391,2.636,7.3031
2025-02-18,19,5.6881,2.3172,3.3709
2025-02-18,20,3.5,1.497,2.003
2025-02-18,21,4.366,3.0833,8.2827
2025-02-18,22,3.0446,1.5743,5.4704
2025-02-18,23,4.5,1.3345,3.1655
2025-02-18,24,2.3207,1.106,4.2147
2025-02-18,25,1.096,0.2774,0.8186
2025-02-18,26,1.0,0.2258,0.7742
2025-02-18,27,1150.0,451.6634,698.3366
2025-02-18,28,300.0,112.3446,187.6554
2025-02-18,29,1428.1552,517.0788,911.0763999999999
2025-02-18,30,506.1487,520.3061,0.0
2025-02-19,1,1.363,0.9006,2.4624
2025-02-19,2,1.0775,0.9951,2.0824
2025-02-19,3,1.0353,0.5705,1.4647
2025-02-19,4,0.6058,0.6058,1.5
2025-02-19,5,0.7697,0.2212,0.5485
2025-02-19,6,0.6578,0.2887,0.3691
2025-02-19,7,0.3705,0.0487,0.3218
2025-02-19,8,20.4425,14.1384,33.3041
2025-02-19,9,8.2235,5.9003,14.3233
2025-02-19,10,12.7333,5.3027,7.4306
2025-02-19,11,15.6693,9.599,24.0702
2025-02-19,12,1.7049,0.0,1.7049
2025-02-19,13,1.3705,1.1255,2.745
2025-02-19,14,17.2322,11.3825,28.8497
2025-02-19,15,5.2284,3.2295,8.9989
2025-02-19,16,6.8614,4.2904,10.5709
2025-02-19,17,4.7803,2.1278,7.6525
2025-02-19,18,7.3031,3.8149,3.4882
2025-02-19,19,3.3709,2.1209,5.75
2025-02-19,20,2.003,1.2195,3.7835
2025-02-19,21,8.2827,2.4853,5.7974
2025-02-19,22,5.4704,1.1769,4.2935
2025-02-19,23,3.1655,1.6486,4.0169
2025-02-19,24,4.2147,1.3482,2.8665
2025-02-19,25,0.8186,0.3284,0.4901
2025-02-19,26,0.7742,0.3952,0.3789
2025-02-19,27,698.3366,449.6939,1148.6427
2025-02-19,28,187.6554,122.0744,315.581
2025-02-19,29,785.2241,495.4926,289.73150000000004
2025-02-19,30,946.5862,495.6807,450.90549999999996
2025-02-20,1,2.4624,1.0317,1.4306
2025-02-20,2,2.0824,0.6185,1.4639
2025-02-20,3,1.4647,0.4945,0.9702
2025-02-20,4,1.5,0.499,1.001
2025-02-20,5,0.5485,0.2755,0.773
2025-02-20,6,0.3691,0.3302,1.0389
2025-02-20,7,0.3218,0.0671,0.2547
2025-02-20,8,33.3041,17.3779,15.9262
2025-02-20,9,14.3233,5.6359,8.6873
2025-02-20,10,7.4306,4.1553,13.2753
2025-02-20,11,24.0702,0.0,24.0702
2025-02-20,12,1.7049,1.0123,3.1926
2025-02-20,13,2.745,0.9326,1.8124
2025-02-20,14,28.8497,11.2904,17.5593
2025-02-20,15,8.9989,3.2101,5.7887
2025-02-20,16,10.5709,3.9879,6.583
2025-02-20,17,7.6525,3.0517,4.6008
2025-02-20,18,3.4882,2.7514,7.7368
2025-02-20,19,5.75,0.0,5.75
2025-02-20,20,3.7835,0.929,2.8545
2025-02-20,21,5.7974,2.1675,3.6299
2025-02-20,22,4.2935,1.801,2.4925
2025-02-20,23,4.0169,1.3372,2.6797
2025-02-20,24,2.8665,1.2914,1.575
2025-02-20,25,0.4901,0.128,0.3622
2025-02-20,26,0.3789,0.182,0.6969
2025-02-20,27,1148.6427,401.6602,746.9825
2025-02-20,28,315.581,119.3762,196.2048
2025-02-20,29,785.2241,505.9083,279.3158
2025-02-20,30,598.8124,509.1616,89.6508
2025-02-21,1,1.4306,0.822,2.6086
2025-02-21,2,1.4639,0.7451,2.2188
2025-02-21,3,0.9702,0.4843,1.4859
2025-02-21,4,1.001,0.4385,0.5625
2025-02-21,5,0.773,0.237,0.536
2025-02-21,6,1.0389,0.3834,0.6555
2025-02-21,7,0.2547,0.1002,0.1545
2025-02-21,8,15.9262,11.3187,34.6075
2025-02-21,9,8.6873,4.4497,14.2376
2025-02-21,10,13.2753,5.4579,7.8174
2025-02-21,11,24.0702,8.4818,15.5884
2025-02-21,12,3.1926,1.7869,1.4057
2025-02-21,13,1.8124,0.9599,2.8525
2025-02-21,14,17.5593,0.0,17.5593
2025-02-21,15,5.7887,3.5775,9.2112
2025-02-21,16,6.583,3.9868,11.5962
2025-02-21,17,4.6008,2.9843,7.6165
2025-02-21,18,7.7368,2.6468,5.09
2025-02-21,19,5.75,2.2121,3.5379
2025-02-21,20,2.8545,1.2372,1.6173
2025-02-21,21,3.6299,3.6299,9.0
2025-02-21,22,2.4925,2.0152,5.4773
2025-02-21,23,2.6797,1.36,4.3197
2025-02-21,24,1.575,1.4697,4.1053
2025-02-21,25,0.3622,0.1912,1.171
2025-02-21,26,0.6969,0.1884,0.5085
2025-02-21,27,746.9825,473.7272,1173.2553
2025-02-21,28,196.2048,111.8552,334.3496
2025-02-21,29,1523.1431,532.2766,990.8665
2025-02-21,30,884.6772,530.55,354.1272
2025-02-22,1,2.6086,1.2844,1.3242
2025-02-22,2,2.2188,1.1925,3.0263
2025-02-22,3,1.4859,0.6299,0.856
2025-02-22,4,0.5625,0.5487,1.5138
2025-02-22,5,0.536,0.3651,1.1709
2025-02-22,6,0.6555,0.624,1.5315
2025-02-22,7,0.1545,0.078,0.5765
2025-02-22,8,34.6075,21.903,45.7045
2025-02-22,9,14.2376,7.929,18.3085
2025-02-22,10,7.8174,5.9607,16.8567
2025-02-22,11,15.5884,10.0035,32.5849
2025-02-22,12,1.4057,1.4057,4.0
2025-02-22,13,2.8525,1.2451,1.6074
2025-02-22,14,17.5593,16.9961,37.5632
2025-02-22,15,9.2112,3.6434,5.5678
2025-02-22,16,11.5962,4.9547,6.6415
2025-02-22,17,7.6165,3.1453,4.4711
2025-02-22,18,5.09,4.1679,9.922
2025-02-22,19,3.5379,0.0,3.5379
2025-02-22,20,1.6173,1.6173,5.0
2025-02-22,21,9.0,3.7546,5.2454
2025-02-22,22,5.4773,2.5268,2.9506
2025-02-22,23,4.3197,2.8598,5.9598
2025-02-22,24,4.1053,1.5955,2.5098
2025-02-22,25,1.171,0.293,0.8779
2025-02-22,26,0.5085,0.3095,1.199
2025-02-22,27,1173.2553,645.1586,1528.0967
2025-02-22,28,334.3496,147.5188,186.8309
2025-02-22,29,960.6301,766.4283,194.20179999999993
2025-02-22,30,563.8746,771.2959,0.0
2025-02-23,1,1.3242,1.3242,3.5
2025-02-23,2,3.0263,1.1062,1.9201
2025-02-23,3,0.856,0.657,2.199
2025-02-23,4,1.5138,0.5581,0.9557
2025-02-23,5,1.1709,0.4638,0.7071
2025-02-23,6,1.5315,0.3631,1.1684
2025-02-23,7,0.5765,0.1022,0.4743
2025-02-23,8,45.7045,15.1826,30.5219
2025-02-23,9,18.3085,7.759,10.5496
2025-02-23,10,16.8567,7.2217,9.635
2025-02-23,11,32.5849,13.0944,19.4905
2025-02-23,12,4.0,1.4919,2.5081
2025-02-23,13,1.6074,1.1455,3.4619
2025-02-23,14,37.5632,16.433,21.1302
2025-02-23,15,5.5678,3.9639,11.6039
2025-02-23,16,6.6415,6.6415,14.0
2025-02-23,17,4.4711,3.6641,9.8071
2025-02-23,18,9.922,3.5466,6.3754
2025-02-23,19,3.5379,2.5884,7.4494
2025-02-23,20,5.0,2.3548,2.6452
2025-02-23,21,5.2454,2.9613,11.2841
2025-02-23,22,2.9506,2.9506,7.5
2025-02-23,23,5.9598,2.0558,3.904
2025-02-23,24,2.5098,2.1084,5.4014
2025-02-23,25,0.8779,0.6153,1.2626
2025-02-23,26,1.199,0.3314,0.8676
2025-02-23,27,1528.0967,557.3204,970.7763
2025-02-23,28,186.8309,155.6161,381.2148
2025-02-23,29,1893.6015,656.0065,1237.595
2025-02-23,30,1196.8662,649.2092,547.6569999999999
2025-02-24,1,3.5,1.3343,2.1657
2025-02-24,2,1.9201,1.9201,3.5
2025-02-24,3,2.199,0.7597,1.4393
2025-02-24,4,0.9557,0.4209,2.0348
2025-02-24,5,0.7071,0.3344,1.3728
2025-02-24,6,1.1684,0.3748,0.7937
2025-02-24,7,0.4743,0.1021,0.3723
2025-02-24,8,30.5219,19.2779,56.244
2025-02-24,9,10.5496,8.7152,22.8344
2025-02-24,10,9.635,0.0,9.635
2025-02-24,11,19.4905,11.4604,39.0301
2025-02-24,12,2.5081,2.0644,4.4437
2025-02-24,13,3.4619,1.6949,1.7669
2025-02-24,14,21.1302,16.0243,44.1059
2025-02-24,15,11.6039,4.695,6.9089
2025-02-24,16,14.0,6.6576,7.3424
2025-02-24,17,9.8071,3.8932,5.9139
2025-02-24,18,6.3754,3.8888,11.4866
2025-02-24,19,7.4494,3.6824,3.7671
2025-02-24,20,2.6452,1.2787,5.8666
2025-02-24,21,11.2841,6.3769,13.9072
2025-02-24,22,7.5,5.6086,9.3914
2025-02-24,23,3.904,2.1729,6.7311
2025-02-24,24,5.4014,1.8291,3.5723
2025-02-24,25,1.2626,0.306,0.9566
2025-02-24,26,0.8676,0.446,0.4216
2025-02-24,27,970.7763,691.2592,1779.517
2025-02-24,28,381.2148,163.0042,218.2106
2025-02-24,29,1190.7814,867.2432,323.5382000000001
2025-02-24,30,694.8112,869.8497,0.0
2025-02-25,1,2.1657,1.1921,2.9735
2025-02-25,2,3.5,0.8637,2.6363
2025-02-25,3,1.4393,0.5166,0.9227
2025-02-25,4,2.0348,0.5582,1.4766
2025-02-25,5,1.3728,0.2898,1.0829
2025-02-25,6,0.7937,0.2865,0.5071
2025-02-25,7,0.3723,0.0632,0.309
2025-02-25,8,56.244,0.0,56.244
2025-02-25,9,22.8344,5.2448,17.5897
2025-02-25,10,9.635,3.8731,5.7619
2025-02-25,11,39.0301,10.6921,28.338
2025-02-25,12,4.4437,0.8096,3.6341
2025-02-25,13,1.7669,1.2141,2.5528
2025-02-25,14,44.1059,0.0,44.1059
2025-02-25,15,6.9089,3.3137,3.5952
2025-02-25,16,7.3424,0.0,7.3424
2025-02-25,17,5.9139,2.6335,3.2803
2025-02-25,18,11.4866,2.4116,9.075
2025-02-25,19,3.7671,2.3925,5.8746
2025-02-25,20,5.8666,1.1975,4.6691
2025-02-25,21,13.9072,0.0,13.9072
2025-02-25,22,9.3914,3.0025,6.3889
2025-02-25,23,6.7311,1.6003,5.1309
2025-02-25,24,3.5723,1.0812,2.4912
2025-02-25,25,0.9566,0.1691,0.7875
2025-02-25,26,0.4216,0.2237,0.6979
2025-02-25,27,1779.517,457.8374,1321.6796
2025-02-25,28,218.2106,92.3828,125.8279
2025-02-25,29,2239.4851,552.2293,1687.2558
2025-02-25,30,1336.0374,550.6923,785.3450999999999
2025-02-26,1,2.9735,1.0763,1.8972
2025-02-26,2,2.6363,1.0523,1.584
2025-02-26,3,0.9227,0.7104,1.7124
2025-02-26,4,1.4766,0.2962,1.1804
2025-02-26,5,1.0829,0.2079,0.875
2025-02-26,6,0.5071,0.2334,1.2737
2025-02-26,7,0.309,0.0,0.309
2025-02-26,8,56.244,12.6089,43.6351
2025-02-26,9,17.5897,4.5543,13.0354
2025-02-26,10,5.7619,5.7619,13.0
2025-02-26,11,28.338,10.7685,17.5695
2025-02-26,12,3.6341,1.2073,2.4267
2025-02-26,13,2.5528,0.7433,1.8095
2025-02-26,14,44.1059,13.1697,30.9362
2025-02-26,15,3.5952,3.04,8.5552
2025-02-26,16,7.3424,4.104,11.2383
2025-02-26,17,3.2803,2.6038,7.6766
2025-02-26,18,9.075,2.7402,6.3348
2025-02-26,19,5.8746,2.0733,3.8013
2025-02-26,20,4.6691,1.9584,2.7107
2025-02-26,21,13.9072,3.0652,10.842
2025-02-26,22,6.3889,3.9064,2.4825
2025-02-26,23,5.1309,1.5744,3.5565
2025-02-26,24,2.4912,1.0804,1.4108
2025-02-26,25,0.7875,0.3571,0.4304
2025-02-26,26,0.6979,0.2785,0.4195
2025-02-26,27,1321.6796,378.8786,942.801
2025-02-26,28,125.8279,110.8454,314.9825
2025-02-26,29,1661.0341,441.3564,1219.6777000000002
2025-02-26,30,1035.2681,445.9534,589.3147
2025-02-27,1,1.8972,1.1776,2.7196
2025-02-27,2,1.584,0.8902,2.1938
2025-02-27,3,1.7124,0.6758,1.0366
2025-02-27,4,1.1804,0.3287,0.8517
2025-02-27,5,0.875,0.1961,0.679
2025-02-27,6,1.2737,0.2463,1.0274
2025-02-27,7,0.309,0.0783,0.2308
2025-02-27,8,43.6351,11.9976,31.6375
2025-02-27,9,13.0354,4.6123,8.4231
2025-02-27,10,13.0,4.5002,8.4998
2025-02-27,11,17.5695,12.4309,25.1386
2025-02-27,12,2.4267,0.9559,1.4708
2025-02-27,13,1.8095,0.9629,2.8466
2025-02-27,14,30.9362,11.3812,19.555
2025-02-27,15,8.5552,3.3379,5.2173
2025-02-27,16,11.2383,4.2108,7.0276
2025-02-27,17,7.6766,3.0111,4.6655
2025-02-27,18,6.3348,2.6131,3.7217
2025-02-27,19,3.8013,1.7549,6.0464
2025-02-27,20,2.7107,0.0,2.7107
2025-02-27,21,10.842,2.7714,8.0706
2025-02-27,22,2.4825,1.235,5.7475
2025-02-27,23,3.5565,1.7669,1.7896
2025-02-27,24,1.4108,1.4108,4.0
2025-02-27,25,0.4304,0.2899,1.1405
2025-02-27,26,0.4195,0.2732,0.6463
2025-02-27,27,942.801,449.9514,492.8495
2025-02-27,28,314.9825,121.0592,193.9233
2025-02-27,29,1079.9631,552.101,527.8620999999999
2025-02-27,30,666.029,552.3028,113.72619999999995
2025-02-28,1,2.7196,1.1653,1.5543
2025-02-28,2,2.1938,0.9908,1.203
2025-02-28,3,1.0366,0.7703,1.7662
2025-02-28,4,0.8517,0.4184,0.4334
2025-02-28,5,0.679,0.2427,0.4363
2025-02-28,6,1.0274,0.4411,0.5863
2025-02-28,7,0.2308,0.1001,0.1307
2025-02-28,8,31.6375,15.521,16.1165
2025-02-28,9,8.4231,5.8079,14.6152
2025-02-28,10,8.4998,3.9673,13.5325
2025-02-28,11,25.1386,12.075,13.0637
2025-02-28,12,1.4708,1.1837,3.2871
2025-02-28,13,2.8466,0.9993,1.8473
2025-02-28,14,19.555,12.1476,29.4074
2025-02-28,15,5.2173,4.2822,8.9351
2025-02-28,16,7.0276,3.6757,11.3519
2025-02-28,17,4.6655,3.1129,7.5526
2025-02-28,18,3.7217,2.6833,8.0384
2025-02-28,19,6.0464,2.7129,3.3335
2025-02-28,20,2.7107,0.0,2.7107
2025-02-28,21,8.0706,2.2906,5.78
2025-02-28,22,5.7475,1.5364,4.2111
2025-02-28,23,1.7896,1.6514,4.6381
2025-02-28,24,4.0,1.722,2.278
2025-02-28,25,1.1405,0.1938,0.9468
2025-02-28,26,0.6463,0.1366,0.5097
2025-02-28,27,492.8495,489.2642,1153.5853
2025-02-28,28,193.9233,110.9508,332.9724
2025-02-28,29,1510.456,568.4633,941.9926999999999
2025-02-28,30,935.1622,570.4491,364.71309999999994
2025-03-01,1,1.5543,1.5037,3.5506
2025-03-01,2,1.203,1.0002,3.2029
2025-03-01,3,1.7662,0.6342,1.132
2025-03-01,4,0.4334,0.4334,1.5
2025-03-01,5,0.4363,0.4363,1.0
2025-03-01,6,0.5863,0.341,1.2453
2025-03-01,7,0.1307,0.0861,0.5446
2025-03-01,8,16.1165,16.1165,47.0
2025-03-01,9,14.6152,6.9085,7.7067
2025-03-01,10,13.5325,7.0884,17.4441
2025-03-01,11,13.0637,11.1629,32.9008
2025-03-01,12,3.2871,1.4135,1.8736
2025-03-01,13,1.8473,0.9934,3.3539
2025-03-01,14,29.4074,14.3771,15.0303
2025-03-01,15,8.9351,4.4588,4.4762
2025-03-01,16,11.3519,5.2374,6.1145
2025-03-01,17,7.5526,3.3461,4.2065
2025-03-01,18,8.0384,3.9526,4.0859
2025-03-01,19,3.3335,3.3335,7.5
2025-03-01,20,2.7107,1.6288,5.0819
2025-03-01,21,5.78,3.9386,11.8414
2025-03-01,22,4.2111,3.5468,7.6643
2025-03-01,23,4.6381,1.4627,3.1755
2025-03-01,24,2.278,2.278,5.0
2025-03-01,25,0.9468,0.4696,0.4772
2025-03-01,26,0.5097,0.0,0.5097
2025-03-01,27,1153.5853,601.7228,1501.8625
2025-03-01,28,332.9724,141.4018,191.5706
2025-03-01,29,982.6805,722.6676,260.01290000000006
2025-03-01,30,580.8514,717.2818,0.0
2025-03-02,1,3.5506,1.3135,2.2371
2025-03-02,2,3.2029,0.9448,2.258
2025-03-02,3,1.132,0.6498,1.9822
2025-03-02,4,1.5,0.6763,0.8237
2025-03-02,5,1.0,0.2834,0.7166
2025-03-02,6,1.2453,0.3822,0.8631
2025-03-02,7,0.5446,0.0811,0.4635
2025-03-02,8,47.0,16.4058,30.5942
2025-03-02,9,7.7067,7.1294,18.5773
2025-03-02,10,17.4441,5.7704,11.6737
2025-03-02,11,32.9008,10.5792,22.3215
2025-03-02,12,1.8736,1.8736,4.0
2025-03-02,13,3.3539,0.0,3.3539
2025-03-02,14,15.0303,13.2912,37.7391
2025-03-02,15,4.4762,4.2682,11.2081
2025-03-02,16,6.1145,5.4159,14.6986
2025-03-02,17,4.2065,4.0015,9.205
2025-03-02,18,4.0859,3.5518,9.5341
2025-03-02,19,7.5,3.0764,4.4236
2025-03-02,20,5.0819,1.6184,3.4635
2025-03-02,21,11.8414,4.1776,7.6638
2025-03-02,22,7.6643,2.853,4.8113
2025-03-02,23,3.1755,1.5865,5.5889
2025-03-02,24,5.0,2.7878,2.2122
2025-03-02,25,0.4772,0.3511,1.1261
2025-03-02,26,0.5097,0.3668,1.1429
2025-03-02,27,1501.8625,637.373,864.4895
2025-03-02,28,191.5706,151.0976,390.473
2025-03-02,29,1883.1009,698.5036,1184.5973
2025-03-02,30,1150.9899,695.412,455.5779
2025-03-03,1,2.2371,1.0221,1.215
2025-03-03,2,2.258,0.9608,1.2972
2025-03-03,3,1.9822,0.0,1.9822
2025-03-03,4,0.8237,0.3968,0.4269
2025-03-03,5,0.7166,0.3387,0.3779
2025-03-03,6,0.8631,0.2843,0.5788
2025-03-03,7,0.4635,0.0616,0.4019
2025-03-03,8,30.5942,16.9285,35.6657
2025-03-03,9,18.5773,5.638,12.9392
2025-03-03,10,11.6737,5.4731,6.2006
2025-03-03,11,22.3215,11.772,10.5495
2025-03-03,12,4.0,1.0608,2.9392
2025-03-03,13,3.3539,1.1386,2.2153
2025-03-03,14,37.7391,11.291,26.4481
2025-03-03,15,11.2081,3.2574,7.9506
2025-03-03,16,14.6986,4.8446,9.854
2025-03-03,17,9.205,2.8079,6.3971
2025-03-03,18,9.5341,3.9669,5.5672
2025-03-03,19,4.4236,1.7888,2.6348
2025-03-03,20,3.4635,1.2641,2.1994
2025-03-03,21,7.6638,2.3096,5.3543
2025-03-03,22,4.8113,1.9059,2.9054
2025-03-03,23,5.5889,1.1226,4.4663
2025-03-03,24,2.2122,1.0753,4.1368
2025-03-03,25,1.1261,0.3052,0.8208
2025-03-03,26,1.1429,0.1812,0.9618
2025-03-03,27,864.4895,499.3017,1165.1878
2025-03-03,28,390.473,112.6267,277.8463
2025-03-03,29,1294.1693,595.6129,698.5564
2025-03-03,30,739.0312,587.3235,151.70770000000005
2025-03-04,1,1.215,1.1579,2.5571
2025-03-04,2,1.2972,1.2568,2.5403
2025-03-04,3,1.9822,0.6191,1.3631
2025-03-04,4,0.4269,0.4269,1.5
2025-03-04,5,0.3779,0.2181,1.1599
2025-03-04,6,0.5788,0.3729,1.2059
2025-03-04,7,0.4019,0.076,0.3259
2025-03-04,8,35.6657,16.5796,19.0861
2025-03-04,9,12.9392,7.413,14.5263
2025-03-04,10,6.2006,4.9609,13.2397
2025-03-04,11,10.5495,10.5495,25.0
2025-03-04,12,2.9392,0.7046,2.2347
2025-03-04,13,2.2153,0.8522,1.3632
2025-03-04,14,26.4481,12.9387,13.5094
2025-03-04,15,7.9506,2.7572,5.1935
2025-03-04,16,9.854,4.2602,5.5938
2025-03-04,17,6.3971,2.6447,3.7524
2025-03-04,18,5.5672,2.7325,7.8346
2025-03-04,19,2.6348,2.3051,5.8297
2025-03-04,20,2.1994,0.9918,3.7076
2025-03-04,21,5.3543,2.4034,8.9509
2025-03-04,22,2.9054,2.5323,5.8731
2025-03-04,23,4.4663,1.727,2.7393
2025-03-04,24,4.1368,1.8687,2.2681
2025-03-04,25,0.8208,0.5002,0.3206
2025-03-04,26,0.9618,0.1544,0.8074
2025-03-04,27,1165.1878,463.3711,701.8167
2025-03-04,28,277.8463,120.1256,157.7207
2025-03-04,29,837.9506,556.6197,281.33090000000004
2025-03-04,30,451.051,561.4061,0.0
2025-03-05,1,2.5571,0.8876,1.6696
2025-03-05,2,2.5403,0.492,2.0484
2025-03-05,3,1.3631,0.523,0.8401
2025-03-05,4,1.5,0.4684,1.0316
2025-03-05,5,1.1599,0.2453,0.9146
2025-03-05,6,1.2059,0.3593,0.8466
2025-03-05,7,0.3259,0.11,0.216
2025-03-05,8,19.0861,12.4037,32.6824
2025-03-05,9,14.5263,7.5366,6.9897
2025-03-05,10,13.2397,4.8889,8.3508
2025-03-05,11,25.0,9.3433,15.6567
2025-03-05,12,2.2347,1.3167,2.9179
2025-03-05,13,1.3632,0.9059,2.4573
2025-03-05,14,13.5094,9.8605,28.6489
2025-03-05,15,5.1935,3.7992,9.3943
2025-03-05,16,5.5938,4.8272,10.7667
2025-03-05,17,3.7524,2.4901,7.2623
2025-03-05,18,7.8346,2.9482,4.8864
2025-03-05,19,5.8297,1.4164,4.4133
2025-03-05,20,3.7076,0.9855,2.7221
2025-03-05,21,8.9509,3.0214,5.9295
2025-03-05,22,5.8731,2.0014,3.8717
2025-03-05,23,2.7393,1.7134,4.026
2025-03-05,24,2.2681,1.2592,4.0089
2025-03-05,25,0.3206,0.2051,1.1155
2025-03-05,26,0.8074,0.2035,0.6039
2025-03-05,27,701.8167,384.7401,1167.0767
2025-03-05,28,157.7207,99.4885,308.2322
2025-03-05,29,1473.2978,384.416,1088.8818
2025-03-05,30,857.8332,386.2217,471.61150000000004
2025-03-06,1,1.6696,0.9251,2.7444
2025-03-06,2,2.0484,0.7792,1.2692
2025-03-06,3,0.8401,0.4864,1.8537
2025-03-06,4,1.0316,0.2895,0.7421
2025-03-06,5,0.9146,0.2062,0.7084
2025-03-06,6,0.8466,0.1966,0.65
2025-03-06,7,0.216,0.0753,0.1406
2025-03-06,8,32.6824,12.5847,20.0977
2025-03-06,9,6.9897,4.6379,14.3518
2025-03-06,10,8.3508,4.5553,12.7955
2025-03-06,11,15.6567,11.4292,24.2275
2025-03-06,12,2.9179,0.9564,1.9615
2025-03-06,13,2.4573,0.8349,1.6224
2025-03-06,14,28.6489,9.5341,19.1149
2025-03-06,15,9.3943,2.7645,6.6298
2025-03-06,16,10.7667,3.6032,7.1635
2025-03-06,17,7.2623,2.914,4.3482
2025-03-06,18,4.8864,2.9503,7.936
2025-03-06,19,4.4133,3.0195,5.3938
2025-03-06,20,2.7221,1.1119,1.6102
2025-03-06,21,5.9295,1.8257,4.1039
2025-03-06,22,3.8717,1.2739,2.5978
2025-03-06,23,4.026,1.3787,2.6473
2025-03-06,24,4.0089,1.7656,2.2432
2025-03-06,25,1.1155,0.0,1.1155
2025-03-06,26,0.6039,0.1984,0.4055
2025-03-06,27,1167.0767,487.0516,680.025
2025-03-06,28,308.2322,113.9717,194.2606
2025-03-06,29,1036.3916,477.3855,559.0061
2025-03-06,30,485.8495,476.5667,9.282799999999952
2025-03-07,1,2.7444,1.0021,1.7424
2025-03-07,2,1.2692,0.9125,2.3567
2025-03-07,3,1.8537,0.5502,1.3035
2025-03-07,4,0.7421,0.3604,1.3817
2025-03-07,5,0.7084,0.276,0.4324
2025-03-07,6,0.65,0.2017,0.4483
2025-03-07,7,0.1406,0.064,0.0766
2025-03-07,8,20.0977,11.6789,32.4188
2025-03-07,9,14.3518,5.6727,8.6791
2025-03-07,10,12.7955,5.6848,7.1108
2025-03-07,11,24.2275,7.2178,17.0097
2025-03-07,12,1.9615,1.2067,3.2548
2025-03-07,13,1.6224,0.894,2.7283
2025-03-07,14,19.1149,10.1089,29.006
2025-03-07,15,6.6298,3.4207,9.209
2025-03-07,16,7.1635,4.928,11.2354
2025-03-07,17,4.3482,2.7214,7.6269
2025-03-07,18,7.936,2.7187,5.2173
2025-03-07,19,5.3938,1.9673,3.4265
2025-03-07,20,1.6102,1.5247,3.5855
2025-03-07,21,4.1039,2.3262,7.7777
2025-03-07,22,2.5978,1.4248,5.673
2025-03-07,23,2.6473,1.353,4.2942
2025-03-07,24,2.2432,1.5554,3.6879
2025-03-07,25,1.1155,0.3127,0.8028
2025-03-07,26,0.4055,0.2878,0.6177
2025-03-07,27,680.025,0.0,680.025
2025-03-07,28,194.2606,111.3224,332.9381
2025-03-07,29,1453.1223,95.4125,1357.7098
2025-03-07,30,952.5215,95.8066,856.7149
2025-03-08,1,1.7424,1.2142,3.5281
2025-03-08,2,2.3567,0.0,2.3567
2025-03-08,3,1.3035,0.5735,0.73
2025-03-08,4,1.3817,0.4281,0.9536
2025-03-08,5,0.4324,0.4324,1.0
2025-03-08,6,0.4483,0.4386,1.5098
2025-03-08,7,0.0766,0.0766,0.5
2025-03-08,8,32.4188,20.0911,45.3277
2025-03-08,9,8.6791,8.2899,18.3892
2025-03-08,10,7.1108,4.2617,16.849
2025-03-08,11,17.0097,0.0,17.0097
2025-03-08,12,3.2548,1.5816,1.6732
2025-03-08,13,2.7283,1.1046,1.6237
2025-03-08,14,29.006,14.1778,14.8282
2025-03-08,15,9.209,4.8857,11.3234
2025-03-08,16,11.2354,4.9082,6.3272
2025-03-08,17,7.6269,4.2853,9.3416
2025-03-08,18,5.2173,3.6382,9.5792
2025-03-08,19,3.4265,3.4265,7.5
2025-03-08,20,3.5855,1.625,1.9605
2025-03-08,21,7.7777,5.7247,11.053
2025-03-08,22,5.673,2.0567,3.6162
2025-03-08,23,4.2942,1.2038,3.0905
2025-03-08,24,3.6879,1.7264,1.9614
2025-03-08,25,0.8028,0.4271,0.3757
2025-03-08,26,0.6177,0.3093,0.3083
2025-03-08,27,680.025,531.1629,1498.8621
2025-03-08,28,332.9381,128.9283,204.0098
2025-03-08,29,1453.1223,619.3806,833.7417
2025-03-08,30,571.7486,622.6626,0.0
2025-03-09,1,3.5281,1.7183,1.8098
2025-03-09,2,2.3567,1.1608,1.1959
2025-03-09,3,0.73,0.6064,2.1236
2025-03-09,4,0.9536,0.484,1.4697
2025-03-09,5,1.0,0.307,0.693
2025-03-09,6,1.5098,0.3395,1.1702
2025-03-09,7,0.5,0.1001,0.3999
2025-03-09,8,45.3277,23.8406,21.4872
2025-03-09,9,18.3892,8.2034,10.1857
2025-03-09,10,16.849,6.0195,10.8296
2025-03-09,11,17.0097,10.8596,33.1501
2025-03-09,12,1.6732,1.6732,4.0
2025-03-09,13,1.6237,1.2649,3.3588
2025-03-09,14,14.8282,14.8282,38.0
2025-03-09,15,11.3234,4.4617,6.8617
2025-03-09,16,6.3272,6.2348,14.0924
2025-03-09,17,9.3416,4.0043,5.3373
2025-03-09,18,9.5792,3.1535,6.4257
2025-03-09,19,7.5,3.6274,3.8726
2025-03-09,20,1.9605,1.9605,5.0
2025-03-09,21,11.053,6.1872,4.8658
2025-03-09,22,3.6162,2.877,7.7393
2025-03-09,23,3.0905,1.9699,5.6206
2025-03-09,24,1.9614,1.9614,5.0
2025-03-09,25,0.3757,0.3757,1.0
2025-03-09,26,0.3083,0.3083,1.0
2025-03-09,27,1498.8621,615.4606,883.4015
2025-03-09,28,204.0098,149.8287,404.1811
2025-03-09,29,1877.5045,747.149,1130.3555000000001
2025-03-09,30,1139.3744,759.6006,379.77379999999994
2025-03-10,1,1.8098,1.7138,4.096
2025-03-10,2,1.1959,1.1959,3.5
2025-03-10,3,2.1236,0.9714,1.1522
2025-03-10,4,1.4697,0.6597,0.81
2025-03-10,5,0.693,0.4728,1.2202
2025-03-10,6,1.1702,0.7223,1.448
2025-03-10,7,0.3999,0.1537,0.2461
2025-03-10,8,21.4872,17.6552,56.832
2025-03-10,9,10.1857,7.8125,23.3732
2025-03-10,10,10.8296,8.6829,20.1466
2025-03-10,11,33.1501,13.7679,19.3822
2025-03-10,12,4.0,1.7786,2.2214
2025-03-10,13,3.3588,2.3025,4.0563
2025-03-10,14,38.0,17.4185,20.5815
2025-03-10,15,6.8617,5.8179,14.0438
2025-03-10,16,14.0924,6.5054,7.587
2025-03-10,17,5.3373,4.5936,11.7437
2025-03-10,18,6.4257,4.9107,11.5149
2025-03-10,19,3.8726,3.8726,9.0
2025-03-10,20,5.0,2.3582,2.6418
2025-03-10,21,4.8658,0.0,13.8658
2025-03-10,22,7.7393,3.5849,4.1544
2025-03-10,23,5.6206,3.1812,6.9394
2025-03-10,24,5.0,1.9215,3.0785
2025-03-10,25,1.0,0.6029,1.3971
2025-03-10,26,1.0,0.3775,0.6225
2025-03-10,27,883.4015,744.364,1789.0375
2025-03-10,28,404.1811,185.1778,219.0033
2025-03-10,29,1233.9437,943.0415,290.9022
2025-03-10,30,681.9156,960.3641,0.0
2025-03-11,1,4.096,0.0,4.096
2025-03-11,2,3.5,0.7676,2.7324
2025-03-11,3,1.1522,0.7376,1.4146
2025-03-11,4,0.81,0.4051,1.4049
2025-03-11,5,1.2202,0.3243,0.8959
2025-03-11,6,1.448,0.347,1.101
2025-03-11,7,0.2461,0.0621,0.1841
2025-03-11,8,56.832,13.0327,43.7992
2025-03-11,9,23.3732,5.3507,18.0226
2025-03-11,10,20.1466,6.0734,14.0732
2025-03-11,11,19.3822,9.0099,10.3723
2025-03-11,12,2.2214,0.9401,1.2813
2025-03-11,13,4.0563,0.716,3.3402
2025-03-11,14,20.5815,12.9376,28.6439
2025-03-11,15,14.0438,4.2071,9.8367
2025-03-11,16,7.587,4.2902,11.2968
2025-03-11,17,11.7437,3.035,8.7087
2025-03-11,18,11.5149,2.6558,8.8592
2025-03-11,19,9.0,2.2549,6.7451
2025-03-11,20,2.6418,1.1107,1.5311
2025-03-11,21,13.8658,3.3092,10.5566
2025-03-11,22,4.1544,4.1544,6.0
2025-03-11,23,6.9394,1.0299,5.9095
2025-03-11,24,3.0785,1.2037,1.8748
2025-03-11,25,1.3971,0.3226,1.0745
2025-03-11,26,0.6225,0.3276,0.2949
2025-03-11,27,1789.0375,522.0096,1267.0279
2025-03-11,28,219.0033,116.7024,302.3009
2025-03-11,29,2235.5358,615.7113,1619.8245000000002
2025-03-11,30,1360.0233,609.2468,750.7765
2025-03-12,1,4.096,0.9252,3.1708
2025-03-12,2,2.7324,0.7943,1.938
2025-03-12,3,1.4146,0.7159,0.6987
2025-03-12,4,1.4049,0.3774,1.0275
2025-03-12,5,0.8959,0.3106,0.5853
2025-03-12,6,1.101,0.546,0.555
2025-03-12,7,0.1841,0.072,0.112
2025-03-12,8,43.7992,12.6219,31.1773
2025-03-12,9,18.0226,5.938,12.0846
2025-03-12,10,14.0732,4.005,10.0682
2025-03-12,11,10.3723,10.3723,26.0
2025-03-12,12,1.2813,0.9817,3.2996
2025-03-12,13,3.3402,1.0289,2.3114
2025-03-12,14,28.6439,11.9195,16.7244
2025-03-12,15,9.8367,3.8245,6.0121
2025-03-12,16,11.2968,5.1331,6.1637
2025-03-12,17,8.7087,3.4763,5.2324
2025-03-12,18,8.8592,3.0484,5.8108
2025-03-12,19,6.7451,2.5855,4.1596
2025-03-12,20,1.5311,1.4153,4.1158
2025-03-12,21,10.5566,3.3799,7.1766
2025-03-12,22,6.0,2.3485,3.6515
2025-03-12,23,5.9095,1.3926,4.5169
2025-03-12,24,1.8748,1.3066,4.5682
2025-03-12,25,1.0745,0.2289,0.8456
2025-03-12,26,0.2949,0.2334,1.0615
2025-03-12,27,1267.0279,383.757,883.2708
2025-03-12,28,302.3009,131.3725,170.9284
2025-03-12,29,1667.2825,528.3323,1138.9502
2025-03-12,30,1040.1239,531.7798,508.3441
2025-03-13,1,3.1708,1.7137,1.4571
2025-03-13,2,1.938,0.8502,1.0879
2025-03-13,3,0.6987,0.518,1.6807
2025-03-13,4,1.0275,0.3837,0.6438
2025-03-13,5,0.5853,0.2526,0.3327
2025-03-13,6,0.555,0.2776,1.2774
2025-03-13,7,0.112,0.0529,0.5591
2025-03-13,8,31.1773,12.6112,18.5661
2025-03-13,9,12.0846,4.1917,7.8929
2025-03-13,10,10.0682,4.0621,6.0061
2025-03-13,11,26.0,12.7903,13.2097
2025-03-13,12,3.2996,1.6339,1.6657
2025-03-13,13,2.3114,1.0964,1.215
2025-03-13,14,16.7244,10.7922,28.9323
2025-03-13,15,6.0121,3.7216,9.2905
2025-03-13,16,6.1637,4.144,11.0197
2025-03-13,17,5.2324,3.1621,8.0702
2025-03-13,18,5.8108,2.5025,3.3082
2025-03-13,19,4.1596,1.7584,2.4012
2025-03-13,20,4.1158,1.5084,2.6074
2025-03-13,21,7.1766,2.6775,4.4991
2025-03-13,22,3.6515,0.0,3.6515
2025-03-13,23,4.5169,1.6242,2.8927
2025-03-13,24,4.5682,1.5218,3.0464
2025-03-13,25,0.8456,0.2776,0.568
2025-03-13,26,1.0615,0.3484,0.7131
2025-03-13,27,883.2708,396.5212,486.7496
2025-03-13,28,170.9284,131.4496,289.4788
2025-03-13,29,1077.6194,477.9745,599.6449
2025-03-13,30,688.6754,477.3702,211.30519999999996
2025-03-14,1,1.4571,1.1973,2.7598
2025-03-14,2,1.0879,1.0809,2.507
2025-03-14,3,1.6807,0.4775,1.2032
2025-03-14,4,0.6438,0.4802,1.1636
2025-03-14,5,0.3327,0.2112,1.1216
2025-03-14,6,1.2774,0.3133,0.9641
2025-03-14,7,0.5591,0.0655,0.4936
2025-03-14,8,18.5661,11.9994,33.5667
2025-03-14,9,7.8929,5.127,13.7659
2025-03-14,10,6.0061,5.0991,12.907
2025-03-14,11,13.2097,7.6369,23.5728
2025-03-14,12,1.6657,1.157,3.0088
2025-03-14,13,1.215,0.6641,2.5509
2025-03-14,14,28.9323,9.628,19.3043
2025-03-14,15,9.2905,3.1629,6.1276
2025-03-14,16,11.0197,3.736,7.2837
2025-03-14,17,8.0702,2.6291,5.4411
2025-03-14,18,3.3082,2.4604,7.8479
2025-03-14,19,2.4012,2.3076,5.5936
2025-03-14,20,2.6074,2.1266,3.4809
2025-03-14,21,4.4991,2.9347,8.5644
2025-03-14,22,3.6515,2.1429,5.5087
2025-03-14,23,2.8927,1.5233,4.3694
2025-03-14,24,3.0464,0.9427,2.1037
2025-03-14,25,0.568,0.3493,0.7187
2025-03-14,26,0.7131,0.3593,0.3538
2025-03-14,27,486.7496,465.0408,1171.7088
2025-03-14,28,289.4788,116.6948,172.784
2025-03-14,29,1457.728,518.7574,938.9706000000001
2025-03-14,30,931.514,518.6518,412.86220000000003
2025-03-15,1,2.7598,1.6485,3.6113
2025-03-15,2,2.507,0.9383,1.5686
2025-03-15,3,1.2032,0.568,2.1351
2025-03-15,4,1.1636,0.473,0.6906
2025-03-15,5,1.1216,0.3869,0.7347
2025-03-15,6,0.9641,0.3157,0.6484
2025-03-15,7,0.4936,0.0667,0.4269
2025-03-15,8,33.5667,16.5502,46.0165
2025-03-15,9,13.7659,8.2111,18.5548
2025-03-15,10,12.907,0.0,12.907
2025-03-15,11,23.5728,11.3699,32.2029
2025-03-15,12,3.0088,1.4723,1.5365
2025-03-15,13,2.5509,1.3306,3.7203
2025-03-15,14,19.3043,14.9421,37.3622
2025-03-15,15,6.1276,3.4326,11.6949
2025-03-15,16,7.2837,5.8817,14.402
2025-03-15,17,5.4411,3.4667,9.9745
2025-03-15,18,7.8479,3.5213,4.3265
2025-03-15,19,5.5936,0.0,5.5936
2025-03-15,20,3.4809,2.0691,4.9117
2025-03-15,21,8.5644,3.0605,5.504
2025-03-15,22,5.5087,2.0543,3.4544
2025-03-15,23,4.3694,2.2009,5.6685
2025-03-15,24,2.1037,1.9129,5.1908
2025-03-15,25,0.7187,0.4011,1.3176
2025-03-15,26,0.3538,0.2539,1.0999
2025-03-15,27,1171.7088,608.3118,1513.397
2025-03-15,28,172.784,136.2253,386.5588
2025-03-15,29,831.2807,713.0887,118.19200000000001
2025-03-15,30,499.0584,714.1321,0.0
2025-03-16,1,3.6113,0.9961,2.6151
2025-03-16,2,1.5686,1.1539,2.9148
2025-03-16,3,2.1351,0.6652,1.47
2025-03-16,4,0.6906,0.0,0.6906
2025-03-16,5,0.7347,0.4838,1.2509
2025-03-16,6,0.6484,0.5376,1.6108
2025-03-16,7,0.4269,0.0755,0.3514
2025-03-16,8,46.0165,19.0633,26.9532
2025-03-16,9,18.5548,6.8772,11.6776
2025-03-16,10,12.907,4.3428,8.5642
2025-03-16,11,32.2029,13.1493,19.0535
2025-03-16,12,1.5365,0.0,1.5365
2025-03-16,13,3.7203,1.5423,2.178
2025-03-16,14,37.3622,16.6137,20.7486
2025-03-16,15,11.6949,4.8169,6.8781
2025-03-16,16,14.402,7.1382,7.2638
2025-03-16,17,9.9745,0.0,9.9745
2025-03-16,18,4.3265,4.3265,10.0
2025-03-16,19,5.5936,2.451,3.1426
2025-03-16,20,4.9117,1.923,2.9887
2025-03-16,21,5.504,3.4891,12.0149
2025-03-16,22,3.4544,1.7421,7.7123
2025-03-16,23,5.6685,2.9578,2.7108
2025-03-16,24,5.1908,1.8288,3.362
2025-03-16,25,1.3176,0.0,1.3176
2025-03-16,26,1.0999,0.3247,0.7753
2025-03-16,27,1513.397,583.2398,930.1572
2025-03-16,28,386.5588,146.6193,239.9394
2025-03-16,29,1889.4248,715.6358,1173.789
2025-03-16,30,1185.1536,726.186,458.96760000000006
2025-03-17,1,2.6151,0.9545,1.6607
2025-03-17,2,2.9148,1.1385,1.7762
2025-03-17,3,1.47,0.5903,0.8797
2025-03-17,4,0.6906,0.4599,0.2307
2025-03-17,5,1.2509,0.2798,0.9711
2025-03-17,6,1.6108,0.37,1.2408
2025-03-17,7,0.3514,0.0612,0.2902
2025-03-17,8,26.9532,14.8926,12.0606
2025-03-17,9,11.6776,5.0632,6.6144
2025-03-17,10,8.5642,7.2737,1.2905
2025-03-17,11,19.0535,0.0,19.0535
2025-03-17,12,1.5365,1.2202,0.3163
2025-03-17,13,2.178,1.0608,1.1171
2025-03-17,14,20.7486,10.4224,10.3262
2025-03-17,15,6.8781,4.4237,2.4543
2025-03-17,16,7.2638,4.391,2.8728
2025-03-17,17,9.9745,2.58,7.3945
2025-03-17,18,10.0,2.5905,7.4095
2025-03-17,19,3.1426,2.4466,0.696
2025-03-17,20,2.9887,1.6091,1.3796
2025-03-17,21,12.0149,4.214,7.8009
2025-03-17,22,7.7123,1.6319,6.0804
2025-03-17,23,2.7108,1.6471,1.0637
2025-03-17,24,3.362,0.9199,2.4421
2025-03-17,25,1.3176,0.1823,1.1353
2025-03-17,26,0.7753,0.2193,0.556
2025-03-17,27,930.1572,499.4409,430.7164
2025-03-17,28,239.9394,109.9663,129.9732
2025-03-17,29,1172.4301,596.7,575.7301
2025-03-17,30,700.7855,587.6916,113.09389999999996
2025-03-18,1,1.6607,1.1872,2.4735
2025-03-18,2,1.7762,1.0288,2.2474
2025-03-18,3,0.8797,0.4897,1.3899
2025-03-18,4,0.2307,0.2307,1.5
2025-03-18,5,0.9711,0.2569,0.7142
2025-03-18,6,1.2408,0.0,1.2408
2025-03-18,7,0.2902,0.0743,0.2159
2025-03-18,8,12.0606,11.1228,33.9378
2025-03-18,9,6.6144,4.6918,13.9225
2025-03-18,10,1.2905,1.2905,13.0
2025-03-18,11,19.0535,9.3769,9.6767
2025-03-18,12,0.3163,0.3163,3.0
2025-03-18,13,1.1171,1.019,2.5981
2025-03-18,14,10.3262,10.3262,29.0
2025-03-18,15,2.4543,2.4543,9.0
2025-03-18,16,2.8728,2.8728,11.0
2025-03-18,17,7.3945,2.4575,4.937
2025-03-18,18,7.4095,2.7156,4.6939
2025-03-18,19,0.696,0.696,5.5
2025-03-18,20,1.3796,0.8536,3.526
2025-03-18,21,7.8009,2.3878,5.4131
2025-03-18,22,6.0804,1.8315,4.2489
2025-03-18,23,1.0637,1.0637,4.5
2025-03-18,24,2.4421,1.6969,3.7452
2025-03-18,25,1.1353,0.2131,0.9222
2025-03-18,26,0.556,0.3251,0.2309
2025-03-18,27,430.7164,430.7164,1150.0
2025-03-18,28,129.9732,120.3121,309.6611
2025-03-18,29,624.9728,535.6621,89.3107
2025-03-18,30,390.7104,534.0462,0.0
2025-03-19,1,2.4735,0.8721,1.6014
2025-03-19,2,2.2474,0.7167,1.5307
2025-03-19,3,1.3899,0.4309,0.959
2025-03-19,4,1.5,0.4764,1.0236
2025-03-19,5,0.7142,0.3413,0.3728
2025-03-19,6,1.2408,0.3508,0.89
2025-03-19,7,0.2159,0.0626,0.1533
2025-03-19,8,33.9378,15.2404,18.6974
2025-03-19,9,13.9225,4.3949,9.5276
2025-03-19,10,13.0,5.6922,7.3078
2025-03-19,11,9.6767,9.6767,25.0
2025-03-19,12,3.0,1.4544,1.5456
2025-03-19,13,2.5981,1.1196,1.4785
2025-03-19,14,29.0,11.3812,17.6188
2025-03-19,15,9.0,3.2867,5.7133
2025-03-19,16,11.0,3.9132,7.0868
2025-03-19,17,4.937,2.289,7.648
2025-03-19,18,4.6939,3.0513,7.6426
2025-03-19,19,5.5,1.7529,3.7471
2025-03-19,20,3.526,1.3569,2.1692
2025-03-19,21,5.4131,2.4615,8.9515
2025-03-19,22,4.2489,1.9252,2.3236
2025-03-19,23,4.5,1.6653,2.8347
2025-03-19,24,3.7452,3.0152,3.73
2025-03-19,25,0.9222,0.4671,0.455
2025-03-19,26,0.2309,0.2309,1.0
2025-03-19,27,1150.0,574.8892,575.1108
2025-03-19,28,309.6611,121.7534,187.9076
2025-03-19,29,1433.8003,678.2623,755.5380000000001
2025-03-19,30,888.753,680.5245,208.22850000000005
2025-03-20,1,1.6014,1.0665,0.5349
2025-03-20,2,1.5307,0.8546,0.6761
2025-03-20,3,0.959,0.576,0.383
2025-03-20,4,1.0236,0.3863,0.6373
2025-03-20,5,0.3728,0.3728,0.0
2025-03-20,6,0.89,0.3593,0.5307
2025-03-20,7,0.1533,0.0579,0.0954
2025-03-20,8,18.6974,17.3986,1.2987
2025-03-20,9,9.5276,7.8171,1.7105
2025-03-20,10,7.3078,5.7819,1.5259
2025-03-20,11,25.0,10.7911,14.2089
2025-03-20,12,1.5456,1.2307,0.3149
2025-03-20,13,1.4785,0.7719,0.7066
2025-03-20,14,17.6188,8.819,8.7998
2025-03-20,15,5.7133,4.1804,1.5329
2025-03-20,16,7.0868,4.3192,2.7676
2025-03-20,17,7.648,2.9073,4.7407
2025-03-20,18,7.6426,2.9353,4.7073
2025-03-20,19,3.7471,2.7769,0.9702
2025-03-20,20,2.1692,1.0466,1.1226
2025-03-20,21,8.9515,2.5502,6.4014
2025-03-20,22,2.3236,2.3236,0.0
2025-03-20,23,2.8347,1.6192,1.2155
2025-03-20,24,3.73,1.377,2.353
2025-03-20,25,0.455,0.2752,0.1798
2025-03-20,26,1.0,0.3628,0.6372
2025-03-20,27,575.1108,438.2487,136.8621
2025-03-20,28,187.9076,112.1748,75.7328
2025-03-20,29,782.6567,511.5138,271.1429
2025-03-20,30,567.3868,509.2786,58.10820000000001
2025-03-21,1,0.5349,0.5349,3.0
2025-03-21,2,0.6761,0.6761,2.5
2025-03-21,3,0.383,0.383,1.5
2025-03-21,4,0.6373,0.4765,1.1609
2025-03-21,5,0.0,0.0,1.0
2025-03-21,6,0.5307,0.3024,1.2283
2025-03-21,7,0.0954,0.0734,0.522
2025-03-21,8,1.2987,1.2987,37.0
2025-03-21,9,1.7105,0.0,14.7105
2025-03-21,10,1.5259,0.0,13.5259
2025-03-21,11,14.2089,13.0143,26.1946
2025-03-21,12,0.3149,0.3149,3.0
2025-03-21,13,0.7066,0.7066,3.0
2025-03-21,14,8.7998,8.7998,29.0
2025-03-21,15,1.5329,1.5329,9.0
2025-03-21,16,2.7676,2.7676,11.0
2025-03-21,17,4.7407,2.7291,8.0116
2025-03-21,18,4.7073,2.5988,8.1085
2025-03-21,19,0.9702,0.0,5.9702
2025-03-21,20,1.1226,1.1226,4.0
2025-03-21,21,6.4014,3.083,9.3183
2025-03-21,22,0.0,0.0,6.0
2025-03-21,23,1.2155,1.2155,4.5
2025-03-21,24,2.353,0.0,2.353
2025-03-21,25,0.1798,0.1798,1.0
2025-03-21,26,0.6372,0.2355,0.4017
2025-03-21,27,136.8621,136.8621,1150.0
2025-03-21,28,75.7328,75.7328,300.0
2025-03-21,29,130.531,214.4966,0.0
2025-03-21,30,249.7496,212.9354,36.8142
2025-03-22,1,3.0,1.3017,1.6983
2025-03-22,2,2.5,1.1501,1.3499
2025-03-22,3,1.5,0.9015,0.5985
2025-03-22,4,1.1609,0.571,0.5898
2025-03-22,5,1.0,0.3496,0.6504
2025-03-22,6,1.2283,0.439,0.7893
2025-03-22,7,0.522,0.0665,0.4555
2025-03-22,8,37.0,23.9217,13.0783
2025-03-22,9,14.7105,6.3844,8.3261
2025-03-22,10,13.5259,8.5948,4.9312
2025-03-22,11,26.1946,14.1569,12.0377
2025-03-22,12,3.0,1.207,1.793
2025-03-22,13,3.0,1.4072,1.5928
2025-03-22,14,29.0,15.484,13.516
2025-03-22,15,9.0,4.1843,4.8157
2025-03-22,16,11.0,7.7989,3.2011
2025-03-22,17,8.0116,0.0,8.0116
2025-03-22,18,8.1085,3.178,4.9305
2025-03-22,19,5.9702,2.6645,3.3056
2025-03-22,20,4.0,1.7357,2.2643
2025-03-22,21,9.3183,4.3085,5.0098
2025-03-22,22,6.0,2.6194,3.3806
2025-03-22,23,4.5,0.0,4.5
2025-03-22,24,2.353,2.2045,0.1485
2025-03-22,25,1.0,0.2096,0.7904
2025-03-22,26,0.4017,0.2277,0.1739
2025-03-22,27,1150.0,688.4416,461.5584
2025-03-22,28,300.0,145.6701,154.3299
2025-03-22,29,1500.0,720.8363,779.1637
2025-03-22,30,900.0,708.0644,191.93560000000002
2025-03-23,1,1.6983,0.8654,3.3329
2025-03-23,2,1.3499,1.072,3.278
2025-03-23,3,0.5985,0.5985,2.0
2025-03-23,4,0.5898,0.5898,1.5
2025-03-23,5,0.6504,0.4444,1.2059
2025-03-23,6,0.7893,0.3237,0.4656
2025-03-23,7,0.4555,0.0719,0.3837
2025-03-23,8,13.0783,13.0783,47.0
2025-03-23,9,8.3261,6.1598,19.1663
2025-03-23,10,4.9312,4.8546,17.0766
2025-03-23,11,12.0377,12.0377,33.0
2025-03-23,12,1.793,1.793,4.0
2025-03-23,13,1.5928,1.4478,3.6449
2025-03-23,14,13.516,13.516,38.0
2025-03-23,15,4.8157,3.7158,12.0999
2025-03-23,16,3.2011,3.2011,15.0
2025-03-23,17,8.0116,4.5261,9.4854
2025-03-23,18,4.9305,3.8636,10.0669
2025-03-23,19,3.3056,2.8408,7.4648
2025-03-23,20,2.2643,2.0207,4.7436
2025-03-23,21,5.0098,5.0098,12.0
2025-03-23,22,3.3806,2.4212,7.4594
2025-03-23,23,4.5,1.7045,2.7955
2025-03-23,24,0.1485,0.1485,5.0
2025-03-23,25,0.7904,0.3128,0.4776
2025-03-23,26,0.1739,0.1739,1.0
2025-03-23,27,461.5584,461.5584,1550.0
2025-03-23,28,154.3299,130.6362,423.6937
2025-03-23,29,624.4521,588.6092,35.842899999999986
2025-03-23,30,409.0807,590.0626,0.0
2025-03-24,1,3.3329,1.0244,2.3085
2025-03-24,2,3.278,0.7836,2.4944
2025-03-24,3,2.0,0.4989,1.5011
2025-03-24,4,1.5,0.3844,1.1156
2025-03-24,5,1.2059,0.2849,0.921
2025-03-24,6,0.4656,0.2187,1.247
2025-03-24,7,0.3837,0.0377,0.346
2025-03-24,8,47.0,13.7897,33.2103
2025-03-24,9,19.1663,5.5182,13.6482
2025-03-24,10,17.0766,4.3945,12.682
2025-03-24,11,33.0,10.3938,22.6062
2025-03-24,12,4.0,1.2174,2.7826
2025-03-24,13,3.6449,0.8522,2.7927
2025-03-24,14,38.0,13.0933,24.9067
2025-03-24,15,12.0999,3.5252,8.5747
2025-03-24,16,15.0,4.9561,10.0439
2025-03-24,17,9.4854,2.539,6.9465
2025-03-24,18,10.0669,3.0099,7.057
2025-03-24,19,7.4648,2.1861,5.2788
2025-03-24,20,4.7436,1.5538,3.1898
2025-03-24,21,12.0,2.7661,9.2339
2025-03-24,22,7.4594,2.147,5.3123
2025-03-24,23,2.7955,1.5977,4.6977
2025-03-24,24,5.0,1.7866,3.2134
2025-03-24,25,0.4776,0.4776,1.0
2025-03-24,26,1.0,0.2435,0.7565
2025-03-24,27,1550.0,460.5533,1089.4467
2025-03-24,28,423.6937,94.9401,328.7536
2025-03-24,29,2000.0,502.6226,1497.3774
2025-03-24,30,1200.0,501.5074,698.4926
2025-03-25,1,2.3085,0.8497,1.4589
2025-03-25,2,2.4944,0.7913,1.7031
2025-03-25,3,1.5011,0.6248,0.8763
2025-03-25,4,1.1156,0.3698,0.7458
2025-03-25,5,0.921,0.2373,0.6837
2025-03-25,6,1.247,0.4018,0.8452
2025-03-25,7,0.346,0.084,0.262
2025-03-25,8,33.2103,13.6158,19.5945
2025-03-25,9,13.6482,7.5084,6.1398
2025-03-25,10,12.682,0.0,12.682
2025-03-25,11,22.6062,8.8555,13.7508
2025-03-25,12,2.7826,1.2737,1.5089
2025-03-25,13,2.7927,1.1041,1.6886
2025-03-25,14,24.9067,12.1291,12.7776
2025-03-25,15,8.5747,3.8778,4.697
2025-03-25,16,10.0439,4.3643,5.6796
2025-03-25,17,6.9465,2.7183,4.2282
2025-03-25,18,7.057,3.4615,3.5955
2025-03-25,19,5.2788,2.8826,2.3961
2025-03-25,20,3.1898,1.4724,1.7174
2025-03-25,21,9.2339,4.7858,4.4481
2025-03-25,22,5.3123,2.7712,2.5411
2025-03-25,23,4.6977,0.92,3.7777
2025-03-25,24,3.2134,1.7343,1.4791
2025-03-25,25,1.0,0.3037,0.6963
2025-03-25,26,0.7565,0.1976,0.5589
2025-03-25,27,1089.4467,416.9254,672.5213
2025-03-25,28,328.7536,122.5012,206.2523
2025-03-25,29,1356.4661,508.0991,848.3670000000001
2025-03-25,30,855.5835,508.5707,347.01279999999997
2025-03-26,1,1.4589,1.2121,0.2468
2025-03-26,2,1.7031,0.9032,0.7999
2025-03-26,3,0.8763,0.7781,0.0982
2025-03-26,4,0.7458,0.5254,0.2204
2025-03-26,5,0.6837,0.0,0.6837
2025-03-26,6,0.8452,0.3116,0.5337
2025-03-26,7,0.262,0.0543,0.2077
2025-03-26,8,19.5945,12.7836,6.8109
2025-03-26,9,6.1398,6.1398,0.0
2025-03-26,10,12.682,4.7578,7.9242
2025-03-26,11,13.7508,11.4565,2.2943
2025-03-26,12,1.5089,0.8192,0.6897
2025-03-26,13,1.6886,1.0923,0.5963
2025-03-26,14,12.7776,11.5911,1.1865
2025-03-26,15,4.697,4.364,0.333
2025-03-26,16,5.6796,3.5421,2.1375
2025-03-26,17,4.2282,3.2789,0.9493
2025-03-26,18,3.5955,3.3025,0.293
2025-03-26,19,2.3961,2.0077,0.3885
2025-03-26,20,1.7174,1.5944,0.1231
2025-03-26,21,4.4481,4.4481,0.0
2025-03-26,22,2.5411,1.4665,1.0746
2025-03-26,23,3.7777,2.1523,1.6254
2025-03-26,24,1.4791,1.0945,0.3846
2025-03-26,25,0.6963,0.3207,0.3756
2025-03-26,26,0.5589,0.2275,0.3314
2025-03-26,27,672.5213,483.0962,189.4251
2025-03-26,28,206.2523,112.428,93.8244
2025-03-26,29,840.1347,528.3862,311.7484999999999
2025-03-26,30,499.8452,529.559,0.0
2025-03-27,1,0.2468,0.2468,3.0
2025-03-27,2,0.7999,0.7999,2.5
2025-03-27,3,0.0982,0.0982,2.0
2025-03-27,4,0.2204,0.2204,1.5
2025-03-27,5,0.6837,0.3615,0.3223
2025-03-27,6,0.5337,0.3397,1.1939
2025-03-27,7,0.2077,0.0682,0.1394
2025-03-27,8,6.8109,6.8109,40.0
2025-03-27,9,0.0,0.0,16.0
2025-03-27,10,7.9242,5.221,14.7033
2025-03-27,11,2.2943,2.2943,28.0
2025-03-27,12,0.6897,0.6897,3.5
2025-03-27,13,0.5963,0.5963,3.0
2025-03-27,14,1.1865,1.1865,31.0
2025-03-27,15,0.333,0.333,10.0
2025-03-27,16,2.1375,2.1375,12.0
2025-03-27,17,0.9493,0.9493,8.0
2025-03-27,18,0.293,0.293,8.0
2025-03-27,19,0.3885,0.3885,6.5
2025-03-27,20,0.1231,0.1231,4.0
2025-03-27,21,0.0,0.0,10.0
2025-03-27,22,1.0746,1.0746,6.5
2025-03-27,23,1.6254,1.3247,4.8008
2025-03-27,24,0.3846,0.3846,4.0
2025-03-27,25,0.3756,0.0,0.3756
2025-03-27,26,0.3314,0.0,0.3314
2025-03-27,27,189.4251,189.4251,1250.0
2025-03-27,28,93.8244,93.8244,350.0
2025-03-27,29,273.5353,283.5804,0.0
2025-03-27,30,138.2439,285.8308,0.0
2025-03-28,1,3.0,0.7499,2.2501
2025-03-28,2,2.5,1.1518,1.3482
2025-03-28,3,2.0,0.6003,1.3997
2025-03-28,4,1.5,0.4679,1.0321
2025-03-28,5,0.3223,0.3132,0.0091
2025-03-28,6,1.1939,0.2555,0.9385
2025-03-28,7,0.1394,0.0712,0.0683
2025-03-28,8,40.0,12.9186,27.0814
2025-03-28,9,16.0,5.9594,10.0406
2025-03-28,10,14.7033,5.7268,8.9764
2025-03-28,11,28.0,9.8067,18.1933
2025-03-28,12,3.5,1.1056,2.3944
2025-03-28,13,3.0,0.8898,2.1102
2025-03-28,14,31.0,13.35,17.65
2025-03-28,15,10.0,4.1074,5.8926
2025-03-28,16,12.0,4.2176,7.7824
2025-03-28,17,8.0,2.9784,5.0216
2025-03-28,18,8.0,3.109,4.891
2025-03-28,19,6.5,2.2304,4.2696
2025-03-28,20,4.0,1.9052,2.0948
2025-03-28,21,10.0,4.0484,5.9516
2025-03-28,22,6.5,2.5318,3.9682
2025-03-28,23,4.8008,3.3034,1.4973
2025-03-28,24,4.0,0.0,4.0
2025-03-28,25,0.3756,0.0,0.3756
2025-03-28,26,0.3314,0.1862,0.1452
2025-03-28,27,1250.0,493.9966,756.0034
2025-03-28,28,350.0,138.9278,211.0722
2025-03-28,29,1600.0,608.2141,991.7859
2025-03-28,30,1000.0,613.549,386.451
2025-03-29,1,2.2501,1.3848,3.8653
2025-03-29,2,1.3482,0.9673,3.3809
2025-03-29,3,1.3997,0.8687,2.531
2025-03-29,4,1.0321,0.5475,1.9846
2025-03-29,5,0.0091,0.0091,1.5
2025-03-29,6,0.9385,0.5506,1.3878
2025-03-29,7,0.0683,0.0683,0.5
2025-03-29,8,27.0814,27.0814,53.0
2025-03-29,9,10.0406,10.0406,21.0
2025-03-29,10,8.9764,5.6927,19.2837
2025-03-29,11,18.1933,18.1933,37.0
2025-03-29,12,2.3944,1.4472,4.4472
2025-03-29,13,2.1102,1.1944,3.9158
2025-03-29,14,17.65,17.65,41.0
2025-03-29,15,5.8926,3.4628,12.4297
2025-03-29,16,7.7824,6.1915,15.5909
2025-03-29,17,5.0216,3.7649,10.2567
2025-03-29,18,4.891,4.5404,10.3506
2025-03-29,19,4.2696,2.7145,8.5552
2025-03-29,20,2.0948,1.9519,5.6429
2025-03-29,21,5.9516,5.9516,13.0
2025-03-29,22,3.9682,3.3476,8.6206
2025-03-29,23,1.4973,1.4973,6.5
2025-03-29,24,4.0,1.3733,2.6267
2025-03-29,25,0.3756,0.2297,1.1458
2025-03-29,26,0.1452,0.1452,1.0
2025-03-29,27,756.0034,607.1593,1648.8441
2025-03-29,28,211.0722,146.7957,414.2765
2025-03-29,29,781.9631,785.4127,0.0
2025-03-29,30,671.6668,783.9038,0.0
2025-03-30,1,3.8653,0.0,3.8653
2025-03-30,2,3.3809,1.3947,1.9862
2025-03-30,3,2.531,0.6316,1.8995
2025-03-30,4,1.9846,0.7702,1.2144
2025-03-30,5,1.5,0.4807,1.0193
2025-03-30,6,1.3878,0.6157,0.7721
2025-03-30,7,0.5,0.0981,0.4019
2025-03-30,8,53.0,22.0054,30.9946
2025-03-30,9,21.0,7.5853,13.4147
2025-03-30,10,19.2837,7.7053,11.5784
2025-03-30,11,37.0,10.0156,26.9844
2025-03-30,12,4.4472,1.9203,2.5269
2025-03-30,13,3.9158,1.7948,2.121
2025-03-30,14,41.0,18.813,22.187
2025-03-30,15,12.4297,5.335,7.0947
2025-03-30,16,15.5909,6.6855,8.9054
2025-03-30,17,10.2567,3.8582,6.3985
2025-03-30,18,10.3506,3.0372,7.3134
2025-03-30,19,8.5552,2.397,6.1581
2025-03-30,20,5.6429,2.243,3.4
2025-03-30,21,13.0,4.5999,8.4001
2025-03-30,22,8.6206,2.0627,6.5579
2025-03-30,23,6.5,2.0684,4.4316
2025-03-30,24,2.6267,1.7219,5.9048
2025-03-30,25,1.1458,0.3652,0.7807
2025-03-30,26,1.0,0.3533,0.6467
2025-03-30,27,1648.8441,605.0116,1043.8324
2025-03-30,28,414.2765,159.9249,254.3516
2025-03-30,29,2100.0,690.0888,1409.9112
2025-03-30,30,1265.7764,697.6564,568.12
2025-03-31,1,3.8653,1.0763,2.789
2025-03-31,2,1.9862,0.9187,1.0675
2025-03-31,3,1.8995,0.5751,1.3244
2025-03-31,4,1.2144,0.4937,0.7207
2025-03-31,5,1.0193,0.2835,0.7358
2025-03-31,6,0.7721,0.3218,0.4503
2025-03-31,7,0.4019,0.1574,0.2445
2025-03-31,8,30.9946,14.8954,16.0993
2025-03-31,9,13.4147,7.0319,6.3828
2025-03-31,10,11.5784,7.2844,15.294
2025-03-31,11,26.9844,11.8966,15.0878
2025-03-31,12,2.5269,1.2496,1.2773
2025-03-31,13,2.121,0.8379,1.2831
2025-03-31,14,22.187,14.3212,31.8659
2025-03-31,15,7.0947,4.7484,10.3463
2025-03-31,16,8.9054,4.0037,4.9017
2025-03-31,17,6.3985,2.9275,3.471
2025-03-31,18,7.3134,3.2159,4.0975
2025-03-31,19,6.1581,2.3223,3.8359
2025-03-31,20,3.4,1.4364,1.9636
2025-03-31,21,8.4001,3.1207,5.2794
2025-03-31,22,6.5579,1.4011,5.1569
2025-03-31,23,4.4316,1.4955,2.9361
2025-03-31,24,5.9048,1.651,4.2538
2025-03-31,25,0.7807,0.7328,1.0478
2025-03-31,26,0.6467,0.2051,0.4416
2025-03-31,27,1043.8324,511.6344,532.198
2025-03-31,28,254.3516,150.8003,353.5513
2025-03-31,29,1308.7028,634.898,673.8048
2025-03-31,30,759.3697,635.6375,123.73219999999992
2025-04-01,1,2.789,1.3499,1.4391
2025-04-01,2,1.0675,1.0675,2.5
2025-04-01,3,1.3244,0.6654,0.659
2025-04-01,4,0.7207,0.4989,1.2218
2025-04-01,5,0.7358,0.3129,0.4229
2025-04-01,6,0.4503,0.4211,1.0292
2025-04-01,7,0.2445,0.1115,0.133
2025-04-01,8,16.0993,16.0993,41.0
2025-04-01,9,6.3828,5.2519,17.1309
2025-04-01,10,15.294,0.0,15.294
2025-04-01,11,15.0878,9.8515,29.2363
2025-04-01,12,1.2773,1.2554,3.5219
2025-04-01,13,1.2831,1.2831,3.0
2025-04-01,14,31.8659,10.7123,21.1535
2025-04-01,15,10.3463,3.8776,6.4687
2025-04-01,16,4.9017,4.3409,12.5609
2025-04-01,17,3.471,2.9576,8.5134
2025-04-01,18,4.0975,2.6652,8.4323
2025-04-01,19,3.8359,3.8359,7.0
2025-04-01,20,1.9636,1.9636,4.5
2025-04-01,21,5.2794,3.1972,10.0822
2025-04-01,22,5.1569,1.768,3.3889
2025-04-01,23,2.9361,1.4608,4.9753
2025-04-01,24,4.2538,1.3942,2.8597
2025-04-01,25,1.0478,0.2242,0.8237
2025-04-01,26,0.4416,0.331,1.1106
2025-04-01,27,532.198,532.198,1300.0
2025-04-01,28,353.5513,111.2243,242.3269
2025-04-01,29,735.0786,636.8459,98.23270000000002
2025-04-01,30,1052.1487,637.8188,414.32989999999995
2025-04-02,1,1.4391,1.4391,3.0
2025-04-02,2,2.5,1.3775,1.1225
2025-04-02,3,0.659,0.659,2.0
2025-04-02,4,1.2218,0.4084,0.8134
2025-04-02,5,0.4229,0.2897,1.1331
2025-04-02,6,1.0292,0.4424,0.5868
2025-04-02,7,0.133,0.0628,0.5701
2025-04-02,8,41.0,16.4831,24.5169
2025-04-02,9,17.1309,6.4441,10.6868
2025-04-02,10,15.294,7.3972,7.8968
2025-04-02,11,29.2363,8.1896,21.0467
2025-04-02,12,3.5219,1.049,2.4729
2025-04-02,13,3.0,1.7062,1.2938
2025-04-02,14,21.1535,14.4592,32.6943
2025-04-02,15,6.4687,3.6454,9.8233
2025-04-02,16,12.5609,5.6336,6.9272
2025-04-02,17,8.5134,2.46,6.0534
2025-04-02,18,8.4323,3.1436,5.2887
2025-04-02,19,7.0,1.7205,5.2795
2025-04-02,20,4.5,1.1758,3.3242
2025-04-02,21,10.0822,3.0636,7.0186
2025-04-02,22,3.3889,3.0268,6.862
2025-04-02,23,4.9753,1.4619,3.5134
2025-04-02,24,2.8597,2.0498,4.8099
2025-04-02,25,0.8237,0.5993,1.2244
2025-04-02,26,1.1106,0.101,1.0096
2025-04-02,27,1300.0,443.2029,856.7971
2025-04-02,28,242.3269,122.6217,369.7052
2025-04-02,29,1648.1752,465.8647,1182.3104999999998
2025-04-02,30,600.5423,465.3034,135.23889999999994
2025-04-03,1,3.0,0.9335,2.0665
2025-04-03,2,1.1225,1.0516,3.071
2025-04-03,3,2.0,0.7348,1.2652
2025-04-03,4,0.8134,0.4042,1.4092
2025-04-03,5,1.1331,0.3717,0.7614
2025-04-03,6,0.5868,0.4863,1.1005
2025-04-03,7,0.5701,0.1126,0.4576
2025-04-03,8,24.5169,18.4696,44.0473
2025-04-03,9,10.6868,7.5903,18.0965
2025-04-03,10,7.8968,5.962,15.9348
2025-04-03,11,21.0467,13.5393,30.5074
2025-04-03,12,2.4729,1.6902,3.7826
2025-04-03,13,1.2938,1.2906,3.5031
2025-04-03,14,32.6943,13.7289,18.9654
2025-04-03,15,9.8233,4.6101,5.2132
2025-04-03,16,6.9272,3.6768,13.2505
2025-04-03,17,6.0534,3.8447,9.2087
2025-04-03,18,5.2887,3.1441,9.1446
2025-04-03,19,5.2795,1.9238,3.3558
2025-04-03,20,3.3242,1.6095,4.7148
2025-04-03,21,7.0186,3.8523,11.1663
2025-04-03,22,6.862,1.9873,4.8747
2025-04-03,23,3.5134,1.9126,5.6008
2025-04-03,24,4.8099,1.3213,3.4886
2025-04-03,25,1.2244,0.347,0.8773
2025-04-03,26,1.0096,0.1547,0.8549
2025-04-03,27,856.7971,569.3291,1387.4681
2025-04-03,28,369.7052,127.9408,241.7644
2025-04-03,29,962.0256,690.4017,271.62390000000005
2025-04-03,30,1011.9175,694.8095,317.10800000000006
2025-04-04,1,2.0665,1.4168,3.1497
2025-04-04,2,3.071,1.2545,1.8165
2025-04-04,3,1.2652,0.7054,2.0598
2025-04-04,4,1.4092,0.3464,1.0628
2025-04-04,5,0.7614,0.3749,0.3866
2025-04-04,6,1.1005,0.4614,0.6391
2025-04-04,7,0.4576,0.0644,0.3932
2025-04-04,8,44.0473,14.1274,29.9199
2025-04-04,9,18.0965,5.7735,12.323
2025-04-04,10,15.9348,6.108,9.8269
2025-04-04,11,30.5074,15.0495,15.4579
2025-04-04,12,3.7826,1.1399,2.6428
2025-04-04,13,3.5031,1.5855,1.9177
2025-04-04,14,18.9654,11.9513,34.0141
2025-04-04,15,5.2132,4.3956,10.8177
2025-04-04,16,13.2505,4.3418,8.9087
2025-04-04,17,9.2087,2.9912,6.2175
2025-04-04,18,9.1446,3.1019,6.0426
2025-04-04,19,3.3558,1.9085,6.9473
2025-04-04,20,4.7148,1.3684,3.3464
2025-04-04,21,11.1663,2.9781,8.1882
2025-04-04,22,4.8747,4.0001,6.8747
2025-04-04,23,5.6008,1.8004,3.8004
2025-04-04,24,3.4886,2.0427,4.4459
2025-04-04,25,0.8773,0.2241,0.6532
2025-04-04,26,0.8549,0.2408,0.6141
2025-04-04,27,1387.4681,479.5355,907.9325
2025-04-04,28,241.7644,160.7257,381.0388
2025-04-04,29,1744.5706,618.0408,1126.5298
2025-04-04,30,637.5673,619.7962,17.771100000000047
2025-04-05,1,3.1497,1.4004,1.7494
2025-04-05,2,1.8165,1.3329,3.4836
2025-04-05,3,2.0598,1.1983,2.3615
2025-04-05,4,1.0628,0.6839,1.8789
2025-04-05,5,0.3866,0.3866,1.5
2025-04-05,6,0.6391,0.6391,1.5
2025-04-05,7,0.3932,0.1098,0.2833
2025-04-05,8,29.9199,21.9715,59.9484
2025-04-05,9,12.323,0.0,12.323
2025-04-05,10,9.8269,9.8269,21.0
2025-04-05,11,15.4579,15.4579,42.0
2025-04-05,12,2.6428,1.5716,4.5712
2025-04-05,13,1.9177,1.6065,4.3112
2025-04-05,14,34.0141,18.2581,44.7559
2025-04-05,15,10.8177,0.0,10.8177
2025-04-05,16,8.9087,7.5099,17.3988
2025-04-05,17,6.2175,4.2385,11.979
2025-04-05,18,6.0426,4.4711,11.5715
2025-04-05,19,6.9473,3.5087,9.4386
2025-04-05,20,3.3464,2.0084,5.8381
2025-04-05,21,8.1882,6.4894,14.6988
2025-04-05,22,6.8747,2.8102,4.0645
2025-04-05,23,3.8004,1.9691,7.3313
2025-04-05,24,4.4459,2.288,6.1579
2025-04-05,25,0.6532,0.3114,1.3418
2025-04-05,26,0.6141,0.312,1.3021
2025-04-05,27,907.9325,663.0028,1744.9297
2025-04-05,28,381.0388,171.4402,209.5985
2025-04-05,29,1109.6857,927.6305,182.0552
2025-04-05,30,1034.0435,938.9581,95.08540000000005
2025-04-06,1,1.7494,1.3538,4.3955
2025-04-06,2,3.4836,1.1926,2.2909
2025-04-06,3,2.3615,0.7797,1.5818
2025-04-06,4,1.8789,0.9231,0.9557
2025-04-06,5,1.5,0.4466,1.0534
2025-04-06,6,1.5,0.4107,1.0893
2025-04-06,7,0.2833,0.0797,0.2036
2025-04-06,8,59.9484,24.5549,35.3935
2025-04-06,9,12.323,10.8416,23.4814
2025-04-06,10,21.0,5.4753,15.5247
2025-04-06,11,42.0,15.1444,26.8556
2025-04-06,12,4.5712,1.3772,3.194
2025-04-06,13,4.3112,1.1772,3.134
2025-04-06,14,44.7559,18.8809,25.875
2025-04-06,15,10.8177,5.22,5.5977
2025-04-06,16,17.3988,5.9152,11.4836
2025-04-06,17,11.979,3.4806,8.4984
2025-04-06,18,11.5715,4.2214,7.3501
2025-04-06,19,9.4386,3.9095,5.5291
2025-04-06,20,5.8381,2.2846,3.5535
2025-04-06,21,14.6988,3.3042,11.3946
2025-04-06,22,4.0645,4.0145,9.55
2025-04-06,23,7.3313,3.3054,4.0258
2025-04-06,24,6.1579,2.4797,3.6782
2025-04-06,25,1.3418,0.3657,0.9761
2025-04-06,26,1.3021,0.5122,0.7899
2025-04-06,27,1744.9297,759.7729,985.1568
2025-04-06,28,209.5985,159.8946,449.7039
2025-04-06,29,2219.7631,954.2069,1265.5562
2025-04-06,30,525.4403,951.2893,0.0
2025-04-07,1,4.3955,1.1209,3.2747
2025-04-07,2,2.2909,0.989,1.3019
2025-04-07,3,1.5818,0.6725,0.9093
2025-04-07,4,0.9557,0.4442,1.5115
2025-04-07,5,1.0534,0.2664,0.787
2025-04-07,6,1.0893,0.3771,0.7122
2025-04-07,7,0.2036,0.0981,0.1055
2025-04-07,8,35.3935,16.8608,18.5327
2025-04-07,9,23.4814,7.5886,15.8928
2025-04-07,10,15.5247,7.2263,8.2984
2025-04-07,11,26.8556,14.676,12.1796
2025-04-07,12,3.194,1.181,2.013
2025-04-07,13,3.134,1.127,2.007
2025-04-07,14,25.875,11.575,14.2999
2025-04-07,15,5.5977,4.5149,11.0828
2025-04-07,16,11.4836,5.7512,5.7324
2025-04-07,17,8.4984,3.0949,5.4035
2025-04-07,18,7.3501,3.5159,3.8342
2025-04-07,19,5.5291,2.6852,2.8438
2025-04-07,20,3.5535,1.6074,1.9461
2025-04-07,21,11.3946,7.0821,4.3125
2025-04-07,22,9.55,2.2781,7.2719
2025-04-07,23,4.0258,2.6505,5.3754
2025-04-07,24,3.6782,1.3449,2.3334
2025-04-07,25,0.9761,0.3582,0.618
2025-04-07,26,0.7899,0.0,0.7899
2025-04-07,27,985.1568,603.9094,1381.2474
2025-04-07,28,449.7039,144.5168,305.1872
2025-04-07,29,1486.8547,754.8091,732.0456000000001
2025-04-07,30,1404.1229,744.8193,659.3036000000001
2025-04-08,1,3.2747,1.6208,1.6539
2025-04-08,2,1.3019,1.003,2.7989
2025-04-08,3,0.9093,0.7053,2.204
2025-04-08,4,1.5115,0.0,1.5115
2025-04-08,5,0.787,0.2848,0.5022
2025-04-08,6,0.7122,0.2971,1.4151
2025-04-08,7,0.1055,0.0897,0.5158
2025-04-08,8,18.5327,18.5327,45.0
2025-04-08,9,15.8928,6.353,9.5398
2025-04-08,10,8.2984,6.2416,16.0568
2025-04-08,11,12.1796,12.1796,32.0
2025-04-08,12,2.013,1.1434,3.8696
2025-04-08,13,2.007,1.0975,3.4095
2025-04-08,14,14.2999,14.2999,35.0
2025-04-08,15,11.0828,3.9408,7.142
2025-04-08,16,5.7324,4.6908,13.0417
2025-04-08,17,5.4035,3.0019,9.4016
2025-04-08,18,3.8342,2.9448,8.8894
2025-04-08,19,2.8438,2.4017,7.4421
2025-04-08,20,1.9461,1.389,4.5571
2025-04-08,21,4.3125,4.3125,11.0
2025-04-08,22,7.2719,0.0,7.2719
2025-04-08,23,5.3754,2.3556,3.0197
2025-04-08,24,2.3334,1.8738,5.4596
2025-04-08,25,0.618,0.4292,1.1888
2025-04-08,26,0.7899,0.1792,0.6108
2025-04-08,27,1381.2474,545.9429,835.3045
2025-04-08,28,305.1872,133.0402,172.147
2025-04-08,29,831.3348,712.8923,118.4425
2025-04-08,30,959.6231,707.7227,251.9004
2025-04-09,1,1.6539,0.954,3.1999
2025-04-09,2,2.7989,0.8692,1.9297
2025-04-09,3,2.204,0.6795,1.5245
2025-04-09,4,1.5115,0.666,0.8455
2025-04-09,5,0.5022,0.2307,1.2714
2025-04-09,6,1.4151,0.4052,1.0099
2025-04-09,7,0.5158,0.0718,0.444
2025-04-09,8,45.0,18.9522,26.0478
2025-04-09,9,9.5398,6.8079,18.7319
2025-04-09,10,16.0568,4.5561,11.5007
2025-04-09,11,32.0,9.7725,22.2275
2025-04-09,12,3.8696,1.2191,2.6505
2025-04-09,13,3.4095,1.5901,1.8195
2025-04-09,14,35.0,11.9026,23.0974
2025-04-09,15,7.142,4.5486,10.5934
2025-04-09,16,13.0417,4.9519,8.0898
2025-04-09,17,9.4016,3.0848,6.3168
2025-04-09,18,8.8894,3.073,5.8164
2025-04-09,19,7.4421,1.9622,5.4799
2025-04-09,20,4.5571,2.3168,2.2403
2025-04-09,21,11.0,2.9269,8.0731
2025-04-09,22,7.2719,2.5353,4.7366
2025-04-09,23,3.0197,1.9307,5.589
2025-04-09,24,5.4596,1.7852,3.6744
2025-04-09,25,1.1888,0.2545,0.9343
2025-04-09,26,0.6108,0.1943,0.4165
2025-04-09,27,835.3045,517.707,1417.5975
2025-04-09,28,172.147,151.3608,370.7862
2025-04-09,29,1729.5111,598.7845,1130.7266
2025-04-09,30,589.8904,595.4749,0.0
2025-04-10,1,3.1999,1.285,1.9149
2025-04-10,2,1.9297,1.1424,2.7873
2025-04-10,3,1.5245,0.7443,0.7802
2025-04-10,4,0.8455,0.4467,1.3988
2025-04-10,5,1.2714,0.3266,0.9449
2025-04-10,6,1.0099,0.4374,0.5726
2025-04-10,7,0.444,0.1051,0.3389
2025-04-10,8,26.0478,18.7158,45.332
2025-04-10,9,18.7319,5.4236,13.3083
2025-04-10,10,11.5007,5.3272,16.1735
2025-04-10,11,22.2275,14.1925,32.0349
2025-04-10,12,2.6505,1.8516,3.7989
2025-04-10,13,1.8195,1.2415,3.5779
2025-04-10,14,23.0974,15.4517,35.6457
2025-04-10,15,10.5934,3.8223,6.7711
2025-04-10,16,8.0898,4.2774,13.8124
2025-04-10,17,6.3168,3.3848,8.932
2025-04-10,18,5.8164,2.7879,9.0285
2025-04-10,19,5.4799,3.8582,7.6218
2025-04-10,20,2.2403,1.8236,4.9167
2025-04-10,21,8.0731,4.0374,11.0357
2025-04-10,22,4.7366,3.0871,7.6495
2025-04-10,23,5.589,1.6444,3.9446
2025-04-10,24,3.6744,1.8808,4.7936
2025-04-10,25,0.9343,0.2758,0.6585
2025-04-10,26,0.4165,0.3945,1.022
2025-04-10,27,1417.5975,621.8151,795.7824
2025-04-10,28,370.7862,147.5226,223.2636
2025-04-10,29,871.7574,793.8645,77.89289999999994
2025-04-10,30,1117.1404,789.1094,328.03099999999995
2025-04-11,1,1.9149,1.4209,3.494
2025-04-11,2,2.7873,1.6637,3.1237
2025-04-11,3,0.7802,0.6915,2.0887
2025-04-11,4,1.3988,0.5831,0.8157
2025-04-11,5,0.9449,0.3858,0.5591
2025-04-11,6,0.5726,0.5103,1.5623
2025-04-11,7,0.3389,0.1858,0.1531
2025-04-11,8,45.332,19.4842,25.8478
2025-04-11,9,13.3083,7.1634,20.1449
2025-04-11,10,16.1735,5.5651,10.6084
2025-04-11,11,32.0349,10.3412,21.6937
2025-04-11,12,3.7989,1.0601,2.7388
2025-04-11,13,3.5779,2.1189,1.4591
2025-04-11,14,35.6457,13.2607,22.3851
2025-04-11,15,6.7711,4.1409,11.6302
2025-04-11,16,13.8124,5.063,8.7494
2025-04-11,17,8.932,3.9962,4.9358
2025-04-11,18,9.0285,3.139,5.8895
2025-04-11,19,7.6218,2.2125,5.4092
2025-04-11,20,4.9167,1.9727,2.944
2025-04-11,21,11.0357,4.7112,6.3244
2025-04-11,22,7.6495,3.1519,4.4976
2025-04-11,23,3.9446,2.9316,6.0131
2025-04-11,24,4.7936,1.2618,3.5318
2025-04-11,25,0.6585,0.4865,1.172
2025-04-11,26,1.022,0.191,0.831
2025-04-11,27,795.7824,482.6926,1513.0898
2025-04-11,28,223.2636,144.6958,378.5678
2025-04-11,29,1822.3716,671.953,1150.4186
2025-04-11,30,657.5379,679.5855,0.0
2025-04-12,1,3.494,1.2707,2.2233
2025-04-12,2,3.1237,1.6408,1.4829
2025-04-12,3,2.0887,1.2122,2.8765
2025-04-12,4,0.8157,0.7817,2.034
2025-04-12,5,0.5591,0.4803,1.5787
2025-04-12,6,1.5623,0.4899,1.0723
2025-04-12,7,0.1531,0.1117,0.5414
2025-04-12,8,25.8478,18.9472,61.9005
2025-04-12,9,20.1449,10.3855,9.7594
2025-04-12,10,10.6084,6.3467,21.2617
2025-04-12,11,21.6937,20.6928,43.0009
2025-04-12,12,2.7388,2.0931,5.1457
2025-04-12,13,1.4591,1.4591,4.5
2025-04-12,14,22.3851,19.2971,47.088
2025-04-12,15,11.6302,6.0772,14.5529
2025-04-12,16,8.7494,6.8921,17.8573
2025-04-12,17,4.9358,4.4699,12.4659
2025-04-12,18,5.8895,4.5985,12.291
2025-04-12,19,5.4092,3.3884,10.0208
2025-04-12,20,2.944,2.944,6.5
2025-04-12,21,6.3244,6.3244,15.0
2025-04-12,22,4.4976,3.9918,10.0058
2025-04-12,23,6.0131,2.0139,3.9991
2025-04-12,24,3.5318,3.2311,6.3008
2025-04-12,25,1.172,0.3556,0.8164
2025-04-12,26,0.831,0.4305,0.4005
2025-04-12,27,1513.0898,680.5342,832.5557
2025-04-12,28,378.5678,175.719,202.8488
2025-04-12,29,1174.7842,935.7036,239.0806
2025-04-12,30,1135.4632,928.7659,206.69729999999993
2025-04-13,1,2.2233,1.7773,0.446
2025-04-13,2,1.4829,1.4829,0.0
2025-04-13,3,2.8765,1.2908,1.5857
2025-04-13,4,2.034,0.694,1.34
2025-04-13,5,1.5787,0.4732,1.1056
2025-04-13,6,1.0723,0.4575,0.6149
2025-04-13,7,0.5414,0.2112,0.3303
2025-04-13,8,61.9005,20.9012,40.9994
2025-04-13,9,9.7594,8.4497,1.3098
2025-04-13,10,21.2617,9.3676,11.8941
2025-04-13,11,43.0009,0.0,43.0009
2025-04-13,12,5.1457,1.718,3.4277
2025-04-13,13,4.5,1.0854,3.4146
2025-04-13,14,47.088,17.0249,30.0631
2025-04-13,15,14.5529,6.3036,8.2493
2025-04-13,16,17.8573,6.6181,11.2393
2025-04-13,17,12.4659,5.5001,6.9658
2025-04-13,18,12.291,4.9971,7.2939
2025-04-13,19,10.0208,3.8021,6.2188
2025-04-13,20,6.5,1.4011,5.0989
2025-04-13,21,15.0,4.8289,10.1711
2025-04-13,22,10.0058,3.2563,6.7496
2025-04-13,23,3.9991,2.9504,1.0487
2025-04-13,24,6.3008,3.2789,3.0219
2025-04-13,25,0.8164,0.3014,0.515
2025-04-13,26,0.4005,0.4005,0.0
2025-04-13,27,832.5557,832.5557,0.0
2025-04-13,28,202.8488,168.4925,34.3563
2025-04-13,29,2323.6276,993.0429,1330.5846999999999
2025-04-13,30,1449.9673,998.1754,451.79190000000006
2025-04-14,1,0.446,0.446,3.5
2025-04-14,2,0.0,0.0,3.0
2025-04-14,3,1.5857,0.5899,0.9958
2025-04-14,4,1.34,0.6688,0.6712
2025-04-14,5,1.1056,0.3869,0.7186
2025-04-14,6,0.6149,0.5626,1.5523
2025-04-14,7,0.3303,0.072,0.2583
2025-04-14,8,40.9994,16.4247,24.5746
2025-04-14,9,1.3098,1.3098,19.0
2025-04-14,10,11.8941,5.7946,17.0995
2025-04-14,11,43.0009,13.7856,29.2153
2025-04-14,12,3.4277,1.6555,1.7723
2025-04-14,13,3.4146,1.0968,2.3178
2025-04-14,14,30.0631,15.7985,37.2646
2025-04-14,15,8.2493,3.7767,4.4726
2025-04-14,16,11.2393,3.7651,7.4742
2025-04-14,17,6.9658,3.0852,3.8806
2025-04-14,18,7.2939,3.9187,9.3752
2025-04-14,19,6.2188,3.5852,7.6336
2025-04-14,20,5.0989,2.1201,2.9788
2025-04-14,21,10.1711,6.2132,11.9579
2025-04-14,22,6.7496,4.2043,7.5453
2025-04-14,23,1.0487,1.0487,6.0
2025-04-14,24,3.0219,1.2748,4.7471
2025-04-14,25,0.515,0.3547,1.1604
2025-04-14,26,0.0,0.0,1.0
2025-04-14,27,0.0,0.0,1450.0
2025-04-14,28,34.3563,34.3563,400.0
2025-04-14,29,1406.7906,34.6746,1372.116
2025-04-14,30,866.2746,34.4198,831.8548
2025-04-15,1,3.5,1.5414,1.9586
2025-04-15,2,3.0,1.3203,1.6797
2025-04-15,3,0.9958,0.68,2.3158
2025-04-15,4,0.6712,0.6528,1.5184
2025-04-15,5,0.7186,0.0,0.7186
2025-04-15,6,1.5523,0.3666,1.1857
2025-04-15,7,0.2583,0.1304,0.1279
2025-04-15,8,24.5746,19.5194,48.0552
2025-04-15,9,19.0,8.0594,10.9406
2025-04-15,10,17.0995,5.1699,11.9297
2025-04-15,11,29.2153,10.7251,18.4902
2025-04-15,12,1.7723,1.0407,3.7315
2025-04-15,13,2.3178,1.1206,3.6972
2025-04-15,14,37.2646,14.5059,22.7586
2025-04-15,15,4.4726,4.4726,12.0
2025-04-15,16,7.4742,5.2069,14.2673
2025-04-15,17,3.8806,2.9249,9.9556
2025-04-15,18,9.3752,3.1794,6.1959
2025-04-15,19,7.6336,3.2938,4.3398
2025-04-15,20,2.9788,2.4831,4.9957
2025-04-15,21,11.9579,3.1192,8.8387
2025-04-15,22,7.5453,4.459,3.0863
2025-04-15,23,6.0,1.2671,4.7329
2025-04-15,24,4.7471,2.5235,2.2236
2025-04-15,25,1.1604,0.3599,0.8004
2025-04-15,26,1.0,0.2996,0.7004
2025-04-15,27,1450.0,534.5421,915.4579
2025-04-15,28,400.0,159.811,240.189
2025-04-15,29,1890.9182,719.1424,1171.7758000000001
2025-04-15,30,1152.272,730.944,421.328
2025-04-16,1,1.9586,1.0326,3.426
2025-04-16,2,1.6797,0.876,2.8038
2025-04-16,3,2.3158,0.6729,1.6429
2025-04-16,4,1.5184,0.418,1.1004
2025-04-16,5,0.7186,0.3109,0.4077
2025-04-16,6,1.1857,0.4008,0.7848
2025-04-16,7,0.1279,0.0921,0.5358
2025-04-16,8,48.0552,24.9834,23.0718
2025-04-16,9,10.9406,8.5114,18.4292
2025-04-16,10,11.9297,3.9021,8.0275
2025-04-16,11,18.4902,12.6751,31.8151
2025-04-16,12,3.7315,1.3389,2.3926
2025-04-16,13,3.6972,1.0827,2.6145
2025-04-16,14,22.7586,18.4474,37.3113
2025-04-16,15,12.0,4.4073,7.5927
2025-04-16,16,14.2673,5.9813,8.2859
2025-04-16,17,9.9556,3.3962,6.5594
2025-04-16,18,6.1959,3.1318,10.064
2025-04-16,19,4.3398,3.7653,7.5745
2025-04-16,20,4.9957,1.61,3.3857
2025-04-16,21,8.8387,4.1636,4.6751
2025-04-16,22,3.0863,2.4748,7.6116
2025-04-16,23,4.7329,1.7713,2.9615
2025-04-16,24,2.2236,1.6222,4.6014
2025-04-16,25,0.8004,0.2114,0.589
2025-04-16,26,0.7004,0.2391,0.4613
2025-04-16,27,915.4579,621.2022,1494.2556
2025-04-16,28,240.189,172.9453,417.2437
2025-04-16,29,1200.4167,765.983,434.43370000000004
2025-04-16,30,685.1314,756.5419,0.0
2025-04-17,1,3.426,1.3076,2.1183
2025-04-17,2,2.8038,1.1563,1.6474
2025-04-17,3,1.6429,0.8298,0.8131
2025-04-17,4,1.1004,0.5296,0.5708
2025-04-17,5,0.4077,0.3141,0.0936
2025-04-17,6,0.7848,0.5211,0.2637
2025-04-17,7,0.5358,0.0,0.5358
2025-04-17,8,23.0718,17.9596,5.1122
2025-04-17,9,18.4292,7.7657,10.6635
2025-04-17,10,8.0275,6.5709,1.4566
2025-04-17,11,31.8151,11.1428,20.6724
2025-04-17,12,2.3926,1.2342,1.1584
2025-04-17,13,2.6145,1.5009,1.1137
2025-04-17,14,37.3113,15.5212,21.7901
2025-04-17,15,7.5927,4.1744,3.4183
2025-04-17,16,8.2859,3.8145,4.4715
2025-04-17,17,6.5594,4.2288,2.3306
2025-04-17,18,10.064,3.4668,6.5972
2025-04-17,19,7.5745,2.0449,5.5296
2025-04-17,20,3.3857,1.7643,1.6213
2025-04-17,21,4.6751,4.663,0.0121
2025-04-17,22,7.6116,3.2726,4.3389
2025-04-17,23,2.9615,2.9615,0.0
2025-04-17,24,4.6014,1.6073,2.9941
2025-04-17,25,0.589,0.2749,0.3141
2025-04-17,26,0.4613,0.2626,0.1987
2025-04-17,27,1494.2556,584.2773,909.9784
2025-04-17,28,417.2437,147.5543,269.6893
2025-04-17,29,1886.9867,721.1134,1165.8733
2025-04-17,30,1164.7946,730.3539,434.4407
2025-04-18,1,2.1183,1.2348,3.8836
2025-04-18,2,1.6474,1.1104,3.037
2025-04-18,3,0.8131,0.7507,2.0624
2025-04-18,4,0.5708,0.5708,1.5
2025-04-18,5,0.0936,0.0936,1.0
2025-04-18,6,0.2637,0.2637,1.5
2025-04-18,7,0.5358,0.0927,0.4431
2025-04-18,8,5.1122,5.1122,52.0
2025-04-18,9,10.6635,6.5932,21.0702
2025-04-18,10,1.4566,1.4566,18.0
2025-04-18,11,20.6724,12.9534,35.7189
2025-04-18,12,1.1584,1.1584,4.0
2025-04-18,13,1.1137,1.1137,3.5
2025-04-18,14,21.7901,14.7387,38.0513
2025-04-18,15,3.4183,3.4183,12.0
2025-04-18,16,4.4715,4.4715,15.0
2025-04-18,17,2.3306,2.3306,10.0
2025-04-18,18,6.5972,3.59,10.0072
2025-04-18,19,5.5296,2.8217,8.2079
2025-04-18,20,1.6213,1.6213,5.5
2025-04-18,21,0.0121,0.0121,13.0
2025-04-18,22,4.3389,2.8251,8.5138
2025-04-18,23,0.0,0.0,6.5
2025-04-18,24,2.9941,1.4417,5.5524
2025-04-18,25,0.3141,0.3141,1.0
2025-04-18,26,0.1987,0.1987,1.0
2025-04-18,27,909.9784,599.3153,1510.6631
2025-04-18,28,269.6893,129.5912,390.0981
2025-04-18,29,1075.7389,828.8232,246.91570000000002
2025-04-18,30,759.1578,823.4709,0.0
2025-04-19,1,3.8836,1.7418,2.1418
2025-04-19,2,3.037,2.2423,4.2948
2025-04-19,3,2.0624,1.0794,2.983
2025-04-19,4,1.5,1.0061,1.9939
2025-04-19,5,1.0,0.5301,1.4699
2025-04-19,6,1.5,0.5499,0.9501
2025-04-19,7,0.4431,0.0,0.4431
2025-04-19,8,52.0,21.4858,30.5142
2025-04-19,9,21.0702,11.8941,27.1761
2025-04-19,10,18.0,8.8874,9.1126
2025-04-19,11,35.7189,15.7764,19.9425
2025-04-19,12,4.0,2.5888,5.4112
2025-04-19,13,3.5,1.8192,4.6808
2025-04-19,14,38.0513,17.8851,20.1663
2025-04-19,15,12.0,6.2667,15.7333
2025-04-19,16,15.0,7.2953,7.7047
2025-04-19,17,10.0,4.541,5.459
2025-04-19,18,10.0072,5.0758,12.9314
2025-04-19,19,8.2079,5.6018,11.106
2025-04-19,20,5.5,2.3094,3.1906
2025-04-19,21,13.0,8.0381,16.9619
2025-04-19,22,8.5138,8.5138,11.0
2025-04-19,23,6.5,2.1194,4.3806
2025-04-19,24,5.5524,3.9247,7.6277
2025-04-19,25,1.0,0.5025,1.4975
2025-04-19,26,1.0,0.3923,0.6077
2025-04-19,27,1510.6631,579.3332,931.3299
2025-04-19,28,390.0981,236.6472,503.4509
2025-04-19,29,1961.6654,934.2134,1027.4520000000002
2025-04-19,30,1146.6205,929.3457,217.27480000000003
2025-04-20,1,2.1418,1.4502,4.6916
2025-04-20,2,4.2948,1.4595,2.8352
2025-04-20,3,2.983,1.032,1.9509
2025-04-20,4,1.9939,0.6354,1.3584
2025-04-20,5,1.4699,0.3672,1.1026
2025-04-20,6,0.9501,0.5449,1.9052
2025-04-20,7,0.4431,0.0961,0.347
2025-04-20,8,30.5142,20.9451,65.5691
2025-04-20,9,27.1761,8.9311,18.2449
2025-04-20,10,9.1126,9.1126,23.0
2025-04-20,11,19.9425,13.5323,45.4102
2025-04-20,12,5.4112,2.1823,3.2289
2025-04-20,13,4.6808,1.651,3.0298
2025-04-20,14,20.1663,19.3551,49.8112
2025-04-20,15,15.7333,6.5861,9.1472
2025-04-20,16,7.7047,7.7047,19.0
2025-04-20,17,5.459,5.133,13.326
2025-04-20,18,12.9314,3.979,8.9524
2025-04-20,19,11.106,3.5321,7.574
2025-04-20,20,3.1906,3.1906,6.5
2025-04-20,21,16.9619,4.4116,12.5503
2025-04-20,22,11.0,7.0183,10.4817
2025-04-20,23,4.3806,2.5003,7.8803
2025-04-20,24,7.6277,1.8969,5.7308
2025-04-20,25,1.4975,0.2613,1.2362
2025-04-20,26,0.6077,0.2482,1.3594
2025-04-20,27,931.3299,673.0527,2008.2772
2025-04-20,28,503.4509,169.734,333.7169
2025-04-20,29,2540.5261,774.1827,1766.3434000000002
2025-04-20,30,1491.2095,772.4297,718.7797999999999
2025-04-21,1,4.6916,1.6575,3.0341
2025-04-21,2,2.8352,1.231,1.6042
2025-04-21,3,1.9509,0.9497,1.0012
2025-04-21,4,1.3584,0.4105,0.9479
2025-04-21,5,1.1026,0.4746,0.628
2025-04-21,6,1.9052,0.5262,1.379
2025-04-21,7,0.347,0.0829,0.2641
2025-04-21,8,65.5691,17.3621,48.2071
2025-04-21,9,18.2449,0.0,18.2449
2025-04-21,10,23.0,0.0,23.0
2025-04-21,11,45.4102,10.4466,34.9636
2025-04-21,12,3.2289,1.2833,1.9456
2025-04-21,13,3.0298,1.2416,1.7882
2025-04-21,14,49.8112,17.506,32.3052
2025-04-21,15,9.1472,3.6954,5.4517
2025-04-21,16,19.0,5.6064,13.3936
2025-04-21,17,13.326,3.2223,10.1037
2025-04-21,18,8.9524,3.417,5.5354
2025-04-21,19,7.574,3.0259,4.5481
2025-04-21,20,6.5,1.3809,5.1191
2025-04-21,21,12.5503,7.7051,12.8451
2025-04-21,22,10.4817,3.317,7.1647
2025-04-21,23,7.8803,2.4801,5.4003
2025-04-21,24,5.7308,1.961,3.7698
2025-04-21,25,1.2362,0.4621,0.7741
2025-04-21,26,1.3594,0.321,1.0384
2025-04-21,27,2008.2772,653.7382,1354.539
2025-04-21,28,333.7169,152.1428,181.5741
2025-04-21,29,1471.7624,878.6405,593.1219000000001
2025-04-21,30,968.4336,891.4661,76.96749999999997
2025-04-22,1,3.0341,1.3163,1.7178
2025-04-22,2,1.6042,1.2634,3.3409
2025-04-22,3,1.0012,0.8919,2.1094
2025-04-22,4,0.9479,0.7847,1.6632
2025-04-22,5,0.628,0.5515,1.0765
2025-04-22,6,1.379,0.4523,0.9267
2025-04-22,7,0.2641,0.079,0.1851
2025-04-22,8,48.2071,16.6858,31.5213
2025-04-22,9,18.2449,9.7821,8.4629
2025-04-22,10,23.0,7.2988,15.7012
2025-04-22,11,34.9636,14.0543,20.9093
2025-04-22,12,1.9456,1.9456,4.0
2025-04-22,13,1.7882,1.7882,3.5
2025-04-22,14,32.3052,17.4248,39.8805
2025-04-22,15,5.4517,3.7757,11.676
2025-04-22,16,13.3936,6.4967,6.8968
2025-04-22,17,10.1037,3.379,6.7247
2025-04-22,18,5.5354,3.3225,10.2129
2025-04-22,19,4.5481,4.3447,8.2034
2025-04-22,20,5.1191,2.1731,2.946
2025-04-22,21,12.8451,4.6648,8.1803
2025-04-22,22,7.1647,4.9343,8.7304
2025-04-22,23,5.4003,2.5878,2.8124
2025-04-22,24,3.7698,3.7698,6.0
2025-04-22,25,0.7741,0.5234,1.2507
2025-04-22,26,1.0384,0.3185,0.72
2025-04-22,27,1354.539,668.9771,685.5619
2025-04-22,28,181.5741,138.2784,393.2958
2025-04-22,29,1993.858,848.5392,1145.3188
2025-04-22,30,549.6124,850.3123,0.0
2025-04-23,1,1.7178,1.7178,4.0
2025-04-23,2,3.3409,1.1641,2.1768
2025-04-23,3,2.1094,0.5902,1.5192
2025-04-23,4,1.6632,0.5909,1.0723
2025-04-23,5,1.0765,0.4242,0.6524
2025-04-23,6,0.9267,0.6504,1.7763
2025-04-23,7,0.1851,0.0798,0.1052
2025-04-23,8,31.5213,27.7199,56.8014
2025-04-23,9,8.4629,8.4629,22.0
2025-04-23,10,15.7012,5.359,10.3422
2025-04-23,11,20.9093,12.5844,39.3249
2025-04-23,12,4.0,1.4241,2.5759
2025-04-23,13,3.5,1.9716,1.5284
2025-04-23,14,39.8805,14.4293,25.4511
2025-04-23,15,11.676,4.583,7.093
2025-04-23,16,6.8968,0.0,6.8968
2025-04-23,17,6.7247,3.1315,10.5932
2025-04-23,18,10.2129,3.3767,6.8362
2025-04-23,19,8.2034,3.925,4.2783
2025-04-23,20,2.946,2.2168,5.7292
2025-04-23,21,8.1803,7.4047,13.7756
2025-04-23,22,8.7304,3.2502,5.4802
2025-04-23,23,2.8124,2.0846,6.7278
2025-04-23,24,6.0,1.4975,4.5025
2025-04-23,25,1.2507,0.5272,0.7235
2025-04-23,26,0.72,0.1951,0.5249
2025-04-23,27,685.5619,579.0596,1556.5024
2025-04-23,28,393.2958,162.0298,231.266
2025-04-23,29,1236.5503,912.4254,324.12490000000014
2025-04-23,30,1237.5927,910.279,327.3136999999999
2025-04-24,1,4.0,1.3376,2.6624
2025-04-24,2,2.1768,1.3957,3.2811
2025-04-24,3,1.5192,0.7391,2.2801
2025-04-24,4,1.0723,0.9269,1.6453
2025-04-24,5,0.6524,0.3118,1.3405
2025-04-24,6,1.7763,0.4103,1.3659
2025-04-24,7,0.1052,0.0846,0.5206
2025-04-24,8,56.8014,21.7419,35.0594
2025-04-24,9,22.0,8.0493,13.9507
2025-04-24,10,10.3422,7.0835,18.2587
2025-04-24,11,39.3249,14.2367,25.0882
2025-04-24,12,2.5759,2.338,4.2379
2025-04-24,13,1.5284,0.0,1.5284
2025-04-24,14,25.4511,14.2389,40.2122
2025-04-24,15,7.093,0.0,7.093
2025-04-24,16,6.8968,5.3781,15.5188
2025-04-24,17,10.5932,4.0266,6.5667
2025-04-24,18,6.8362,3.4728,10.3634
2025-04-24,19,4.2783,4.0687,8.7096
2025-04-24,20,5.7292,2.1729,3.5563
2025-04-24,21,13.7756,4.6091,9.1665
2025-04-24,22,5.4802,3.6192,8.861
2025-04-24,23,6.7278,0.0,6.7278
2025-04-24,24,4.5025,2.1276,2.3749
2025-04-24,25,0.7235,0.3838,1.3397
2025-04-24,26,0.5249,0.2544,1.2704
2025-04-24,27,1556.5024,587.1234,969.379
2025-04-24,28,231.266,150.1356,431.1304
2025-04-24,29,1952.4327,835.5721,1116.8606
2025-04-24,30,802.739,841.3214,0.0
2025-04-25,1,2.6624,1.311,3.8514
2025-04-25,2,3.2811,1.4158,1.8653
2025-04-25,3,2.2801,0.8392,1.4409
2025-04-25,4,1.6453,0.753,0.8923
2025-04-25,5,1.3405,0.4086,0.9319
2025-04-25,6,1.3659,0.4979,0.8681
2025-04-25,7,0.5206,0.0766,0.444
2025-04-25,8,35.0594,22.8137,53.2457
2025-04-25,9,13.9507,6.4519,21.4988
2025-04-25,10,18.2587,5.8895,12.3691
2025-04-25,11,25.0882,17.1265,36.9617
2025-04-25,12,4.2379,1.4074,2.8304
2025-04-25,13,1.5284,1.2516,3.7767
2025-04-25,14,40.2122,15.4593,24.7529
2025-04-25,15,7.093,5.6076,12.4854
2025-04-25,16,15.5188,6.1714,9.3474
2025-04-25,17,6.5667,4.0209,10.5458
2025-04-25,18,10.3634,4.312,6.0514
2025-04-25,19,8.7096,4.0749,4.6347
2025-04-25,20,3.5563,1.9089,5.6474
2025-04-25,21,9.1665,3.9417,5.2247
2025-04-25,22,8.861,4.0722,4.7887
2025-04-25,23,6.7278,2.5792,4.1486
2025-04-25,24,2.3749,1.5077,5.8672
2025-04-25,25,1.3397,0.4605,0.8792
2025-04-25,26,1.2704,0.3795,0.8909
2025-04-25,27,969.379,665.1568,1604.2222
2025-04-25,28,431.1304,157.8355,273.2949
2025-04-25,29,1077.8033,847.3421,230.46120000000008
2025-04-25,30,1195.9182,848.6769,347.2413
2025-04-26,1,3.8514,1.9446,1.9068
2025-04-26,2,1.8653,1.4528,4.4125
2025-04-26,3,1.4409,1.175,2.766
2025-04-26,4,0.8923,0.7712,2.1211
2025-04-26,5,0.9319,0.5706,1.3613
2025-04-26,6,0.8681,0.7042,1.6639
2025-04-26,7,0.444,0.1374,0.3066
2025-04-26,8,53.2457,22.3222,30.9236
2025-04-26,9,21.4988,12.5907,26.9081
2025-04-26,10,12.3691,9.5859,23.7833
2025-04-26,11,36.9617,23.8254,47.1363
2025-04-26,12,2.8304,2.3185,5.5119
2025-04-26,13,3.7767,1.7123,2.0645
2025-04-26,14,24.7529,19.0455,52.7074
2025-04-26,15,12.4854,5.7599,6.7255
2025-04-26,16,9.3474,6.0628,20.2846
2025-04-26,17,10.5458,4.0195,6.5263
2025-04-26,18,6.0514,5.2749,13.7765
2025-04-26,19,4.6347,3.7817,10.853
2025-04-26,20,5.6474,2.1026,3.5447
2025-04-26,21,5.2247,5.2247,17.0
2025-04-26,22,4.7887,4.7887,11.0
2025-04-26,23,4.1486,2.8087,8.3399
2025-04-26,24,5.8672,2.2884,3.5788
2025-04-26,25,0.8792,0.3772,1.502
2025-04-26,26,0.8909,0.5696,1.3214
2025-04-26,27,1604.2222,969.3681,2084.8541
2025-04-26,28,273.2949,207.2233,516.0716
2025-04-26,29,2006.2763,1231.3692,774.9070999999999
2025-04-26,30,681.9232,1234.8346,0.0
2025-04-27,1,1.9068,1.5787,4.8281
2025-04-27,2,4.4125,2.2469,2.1656
2025-04-27,3,2.766,0.7706,1.9954
2025-04-27,4,2.1211,0.6666,1.4545
2025-04-27,5,1.3613,0.6953,0.666
2025-04-27,6,1.6639,0.635,1.0289
2025-04-27,7,0.3066,0.1571,0.1496
2025-04-27,8,30.9236,20.3737,66.5498
2025-04-27,9,26.9081,13.0362,13.8719
2025-04-27,10,23.7833,0.0,23.7833
2025-04-27,11,47.1363,12.8749,34.2614
2025-04-27,12,5.5119,1.3549,4.157
2025-04-27,13,2.0645,1.799,4.7655
2025-04-27,14,52.7074,19.8991,32.8083
2025-04-27,15,6.7255,6.0454,15.6801
2025-04-27,16,20.2846,6.2195,14.065
2025-04-27,17,6.5263,5.705,13.8213
2025-04-27,18,13.7765,5.5812,8.1952
2025-04-27,19,10.853,4.6406,6.2124
2025-04-27,20,3.5447,2.1153,6.9294
2025-04-27,21,17.0,7.2458,9.7542
2025-04-27,22,11.0,6.226,4.774
2025-04-27,23,8.3399,3.6007,4.7392
2025-04-27,24,3.5788,1.8645,6.7143
2025-04-27,25,1.502,0.8105,0.6914
2025-04-27,26,1.3214,0.3879,0.9335
2025-04-27,27,2084.8541,796.5052,1288.3489
2025-04-27,28,516.0716,172.271,343.8006
2025-04-27,29,2641.357,917.1067,1724.2503
2025-04-27,30,1625.0342,921.5666,703.4676000000001
2025-04-28,1,4.8281,1.1426,3.6855
2025-04-28,2,2.1656,1.2824,3.3831
2025-04-28,3,1.9954,0.6642,1.3312
2025-04-28,4,1.4545,0.5923,0.8622
2025-04-28,5,0.666,0.4036,1.2624
2025-04-28,6,1.0289,0.4405,0.5884
2025-04-28,7,0.1496,0.1028,0.5468
2025-04-28,8,66.5498,20.6585,45.8914
2025-04-28,9,13.8719,7.1332,21.7387
2025-04-28,10,23.7833,7.0472,16.7361
2025-04-28,11,34.2614,17.3091,16.9523
2025-04-28,12,4.157,1.5005,2.6565
2025-04-28,13,4.7655,1.5458,3.2197
2025-04-28,14,32.8083,17.7489,41.0594
2025-04-28,15,15.6801,5.2487,10.4315
2025-04-28,16,14.065,5.7798,8.2853
2025-04-28,17,13.8213,4.2769,9.5444
2025-04-28,18,8.1952,4.3933,10.8019
2025-04-28,19,6.2124,3.7214,8.9911
2025-04-28,20,6.9294,2.6373,4.2921
2025-04-28,21,9.7542,3.1032,6.651
2025-04-28,22,4.774,3.5188,8.7552
2025-04-28,23,4.7392,3.0647,6.6746
2025-04-28,24,6.7143,1.3156,5.3987
2025-04-28,25,0.6914,0.2746,0.4168
2025-04-28,26,0.9335,0.3188,0.6147
2025-04-28,27,1288.3489,729.7385,1608.6104
2025-04-28,28,343.8006,172.58,171.2206
2025-04-28,29,1548.5899,994.7743,553.8155999999999
2025-04-28,30,1007.0337,995.8178,11.21589999999992
2025-04-29,1,3.6855,1.5068,2.1788
2025-04-29,2,3.3831,1.2846,2.0986
2025-04-29,3,1.3312,0.9966,2.3345
2025-04-29,4,0.8622,0.6752,1.687
2025-04-29,5,1.2624,0.3082,0.9542
2025-04-29,6,0.5884,0.5662,1.5222
2025-04-29,7,0.5468,0.0868,0.4599
2025-04-29,8,45.8914,19.9177,25.9737
2025-04-29,9,21.7387,7.4113,14.3274
2025-04-29,10,16.7361,6.6238,10.1123
2025-04-29,11,16.9523,10.7254,37.2269
2025-04-29,12,2.6565,1.0887,4.5677
2025-04-29,13,3.2197,1.2391,1.9806
2025-04-29,14,41.0594,19.0016,22.0579
2025-04-29,15,10.4315,4.752,5.6795
2025-04-29,16,8.2853,6.261,16.0243
2025-04-29,17,9.5444,4.0401,5.5043
2025-04-29,18,10.8019,3.5277,7.2742
2025-04-29,19,8.9911,3.7433,5.2477
2025-04-29,20,4.2921,1.4909,2.8013
2025-04-29,21,6.651,3.8769,12.7741
2025-04-29,22,8.7552,4.968,3.7873
2025-04-29,23,6.6746,2.1895,4.4851
2025-04-29,24,5.3987,2.4133,2.9854
2025-04-29,25,0.4168,0.4168,1.5
2025-04-29,26,0.6147,0.3002,1.3145
2025-04-29,27,1608.6104,678.5855,930.0249
2025-04-29,28,171.2206,156.5512,414.6695
2025-04-29,29,2076.8434,885.4717,1191.3717000000001
2025-04-29,30,546.8751,886.078,0.0
2025-04-30,1,2.1788,1.8862,3.7925
2025-04-30,2,2.0986,1.1956,3.403
2025-04-30,3,2.3345,0.7261,1.6084
2025-04-30,4,1.687,0.4975,1.1895
2025-04-30,5,0.9542,0.539,0.4152
2025-04-30,6,1.5222,0.6844,0.8378
2025-04-30,7,0.4599,0.1028,0.3571
2025-04-30,8,25.9737,19.2941,52.6796
2025-04-30,9,14.3274,9.2566,21.0708
2025-04-30,10,10.1123,4.7931,19.3193
2025-04-30,11,37.2269,15.5523,21.6746
2025-04-30,12,4.5677,2.256,2.3117
2025-04-30,13,1.9806,1.3023,3.6783
2025-04-30,14,22.0579,20.1744,40.8835
2025-04-30,15,5.6795,5.2725,12.4069
2025-04-30,16,16.0243,6.101,9.9233
2025-04-30,17,5.5043,4.1071,10.3972
2025-04-30,18,7.2742,3.6093,10.6649
2025-04-30,19,5.2477,2.8606,8.3871
2025-04-30,20,2.8013,2.0418,5.2595
2025-04-30,21,12.7741,3.9927,8.7814
2025-04-30,22,3.7873,3.7873,8.5
2025-04-30,23,4.4851,3.3365,6.6486
2025-04-30,24,2.9854,0.745,2.2405
2025-04-30,25,1.5,0.3199,1.1801
2025-04-30,26,1.3145,0.4082,0.9062
2025-04-30,27,930.0249,633.6935,1646.3314
2025-04-30,28,414.6695,151.1611,263.5083
2025-04-30,29,1278.3318,814.8027,463.52909999999997
2025-04-30,30,1258.9087,812.403,446.50569999999993
2025-05-01,1,3.7925,2.4657,5.8268
2025-05-01,2,3.403,2.4467,4.9563
2025-05-01,3,1.6084,1.5424,3.566
2025-05-01,4,1.1895,0.7922,2.8972
2025-05-01,5,0.4152,0.4152,2.0
2025-05-01,6,0.8378,0.6207,2.2172
2025-05-01,7,0.3571,0.1304,0.2267
2025-05-01,8,52.6796,35.1699,83.5097
2025-05-01,9,21.0708,12.0546,33.0162
2025-05-01,10,19.3193,11.5143,28.8049
2025-05-01,11,21.6746,21.6746,58.0
2025-05-01,12,2.3117,2.3117,6.5
2025-05-01,13,3.6783,2.4032,5.7751
2025-05-01,14,40.8835,20.3688,63.5147
2025-05-01,15,12.4069,9.46,19.9469
2025-05-01,16,9.9233,9.9233,24.0
2025-05-01,17,10.3972,7.7887,16.6086
2025-05-01,18,10.6649,6.0489,16.6159
2025-05-01,19,8.3871,6.0329,13.3543
2025-05-01,20,5.2595,3.2782,8.4813
2025-05-01,21,8.7814,8.7814,20.0
2025-05-01,22,8.5,4.9386,13.5614
2025-05-01,23,6.6486,3.2883,10.3603
2025-05-01,24,2.2405,2.2405,9.0
2025-05-01,25,1.1801,0.5677,1.6124
2025-05-01,26,0.9062,0.0,0.9062
2025-05-01,27,1646.3314,1009.6515,2536.6799
2025-05-01,28,263.5083,215.8176,647.6908
2025-05-01,29,2114.4054,1274.6028,839.8026000000002
2025-05-01,30,685.513,1277.5139,0.0
2025-05-02,1,5.8268,2.4894,3.3374
2025-05-02,2,4.9563,1.938,3.0182
2025-05-02,3,3.566,1.7555,1.8105
2025-05-02,4,2.8972,0.917,1.9802
2025-05-02,5,2.0,0.6592,1.3408
2025-05-02,6,2.2172,1.4227,0.7944
2025-05-02,7,0.2267,0.0,0.2267
2025-05-02,8,83.5097,34.2576,49.2521
2025-05-02,9,33.0162,10.0726,22.9436
2025-05-02,10,28.8049,8.0514,20.7536
2025-05-02,11,58.0,19.176,38.824
2025-05-02,12,6.5,2.4629,4.0371
2025-05-02,13,5.7751,2.7835,2.9916
2025-05-02,14,63.5147,28.5812,34.9336
2025-05-02,15,19.9469,6.0496,13.8973
2025-05-02,16,24.0,10.7398,13.2602
2025-05-02,17,16.6086,7.0096,9.5989
2025-05-02,18,16.6159,6.3664,10.2495
2025-05-02,19,13.3543,3.9962,9.3581
2025-05-02,20,8.4813,4.5046,3.9767
2025-05-02,21,20.0,8.8911,11.1089
2025-05-02,22,13.5614,4.484,9.0774
2025-05-02,23,10.3603,3.5576,6.8027
2025-05-02,24,9.0,3.5473,5.4527
2025-05-02,25,1.6124,0.4496,1.1628
2025-05-02,26,0.9062,0.6568,1.7495
2025-05-02,27,2536.6799,988.4896,1548.1903
2025-05-02,28,647.6908,220.4246,427.2662
2025-05-02,29,3162.3958,1264.3779,1898.0178999999998
2025-05-02,30,1900.0,1279.6149,620.3851
2025-05-03,1,3.3374,1.6807,5.1567
2025-05-03,2,3.0182,1.8481,4.6702
2025-05-03,3,1.8105,0.9579,3.3526
2025-05-03,4,1.9802,0.8721,1.1081
2025-05-03,5,1.3408,0.5444,0.7964
2025-05-03,6,0.7944,0.7944,2.0
2025-05-03,7,0.2267,0.1615,0.5652
2025-05-03,8,49.2521,25.5052,76.7468
2025-05-03,9,22.9436,13.6115,30.3321
2025-05-03,10,20.7536,8.3581,12.3955
2025-05-03,11,38.824,18.4383,53.3857
2025-05-03,12,4.0371,2.141,5.8961
2025-05-03,13,2.9916,1.9156,5.076
2025-05-03,14,34.9336,23.023,54.9106
2025-05-03,15,13.8973,6.2142,7.6831
2025-05-03,16,13.2602,8.0621,21.1982
2025-05-03,17,9.5989,5.3129,14.286
2025-05-03,18,10.2495,6.2415,14.0081
2025-05-03,19,9.3581,5.8825,12.4756
2025-05-03,20,3.9767,2.4953,7.4814
2025-05-03,21,11.1089,4.2839,18.8249
2025-05-03,22,9.0774,3.7084,5.369
2025-05-03,23,6.8027,3.3873,9.4154
2025-05-03,24,5.4527,1.6371,3.8155
2025-05-03,25,1.1628,0.6592,1.5035
2025-05-03,26,1.7495,0.5468,1.2027
2025-05-03,27,1548.1903,825.5946,2172.5957
2025-05-03,28,427.2662,195.5263,231.7398
2025-05-03,29,1841.209,1215.4855,625.7235000000001
2025-05-03,30,1112.2124,1213.5926,0.0
2025-05-04,1,5.1567,2.2616,2.8951
2025-05-04,2,4.6702,1.6631,3.0071
2025-05-04,3,3.3526,1.1343,2.2183
2025-05-04,4,1.1081,0.6178,2.4903
2025-05-04,5,0.7964,0.4006,1.8957
2025-05-04,6,2.0,0.6139,1.3861
2025-05-04,7,0.5652,0.1184,0.4468
2025-05-04,8,76.7468,26.7422,50.0046
2025-05-04,9,30.3321,14.888,15.4441
2025-05-04,10,12.3955,6.1962,25.1993
2025-05-04,11,53.3857,15.9516,37.4341
2025-05-04,12,5.8961,1.8886,4.0074
2025-05-04,13,5.076,1.7178,3.3582
2025-05-04,14,54.9106,20.635,34.2756
2025-05-04,15,7.6831,5.9575,16.7257
2025-05-04,16,21.1982,5.9693,15.2289
2025-05-04,17,14.286,4.4825,9.8035
2025-05-04,18,14.0081,5.8636,8.1444
2025-05-04,19,12.4756,5.1252,7.3504
2025-05-04,20,7.4814,3.3498,4.1316
2025-05-04,21,18.8249,4.4535,14.3714
2025-05-04,22,5.369,5.3255,12.0435
2025-05-04,23,9.4154,2.976,6.4395
2025-05-04,24,3.8155,3.3574,7.4582
2025-05-04,25,1.5035,0.4799,1.0236
2025-05-04,26,1.2027,0.3139,0.8888
2025-05-04,27,2172.5957,883.2327,1289.363
2025-05-04,28,231.7398,231.7398,550.0
2025-05-04,29,2729.4103,1118.5685,1610.8418
2025-05-04,30,1648.4052,1099.4555,548.9496999999999
2025-05-05,1,2.8951,1.7424,4.1528
2025-05-05,2,3.0071,1.6976,3.3095
2025-05-05,3,2.2183,0.8204,1.3979
2025-05-05,4,2.4903,0.6352,1.8551
2025-05-05,5,1.8957,0.3633,1.5324
2025-05-05,6,1.3861,0.3873,0.9988
2025-05-05,7,0.4468,0.1004,0.3464
2025-05-05,8,50.0046,21.5175,28.4872
2025-05-05,9,15.4441,9.319,23.125
2025-05-05,10,25.1993,6.5799,18.6194
2025-05-05,11,37.4341,12.3139,25.1202
2025-05-05,12,4.0074,1.1714,2.836
2025-05-05,13,3.3582,1.3155,2.0427
2025-05-05,14,34.2756,17.8399,42.4357
2025-05-05,15,16.7257,5.2923,11.4334
2025-05-05,16,15.2289,5.9047,9.3242
2025-05-05,17,9.8035,4.4305,5.373
2025-05-05,18,8.1444,3.8173,4.3271
2025-05-05,19,7.3504,4.138,9.2124
2025-05-05,20,4.1316,2.1791,5.9525
2025-05-05,21,14.3714,4.9066,9.4648
2025-05-05,22,12.0435,2.0732,9.9703
2025-05-05,23,6.4395,2.2435,4.196
2025-05-05,24,7.4582,1.8489,5.6093
2025-05-05,25,1.0236,0.3126,0.711
2025-05-05,26,0.8888,0.2806,0.6082
2025-05-05,27,1289.363,710.5085,1678.8545
2025-05-05,28,550.0,172.0959,377.9041
2025-05-05,29,1409.3623,975.7545,433.6078
2025-05-05,30,1015.8976,982.9846,32.91300000000001
2025-05-06,1,4.1528,0.0,4.1528
2025-05-06,2,3.3095,1.6099,1.6996
2025-05-06,3,1.3979,0.6879,2.71
2025-05-06,4,1.8551,0.6539,1.2012
2025-05-06,5,1.5324,0.4254,1.1071
2025-05-06,6,0.9988,0.7199,1.7789
2025-05-06,7,0.3464,0.1013,0.2451
2025-05-06,8,28.4872,24.8733,60.6139
2025-05-06,9,23.125,8.6419,14.4832
2025-05-06,10,18.6194,8.0098,10.6096
2025-05-06,11,25.1202,10.4068,41.7133
2025-05-06,12,2.836,1.8167,4.5194
2025-05-06,13,2.0427,1.533,4.0097
2025-05-06,14,42.4357,21.7023,20.7334
2025-05-06,15,11.4334,4.9315,6.5019
2025-05-06,16,9.3242,7.1362,16.188
2025-05-06,17,5.373,5.373,11.0
2025-05-06,18,4.3271,4.3271,11.0
2025-05-06,19,9.2124,3.9031,5.3093
2025-05-06,20,5.9525,0.0,5.9525
2025-05-06,21,9.4648,7.0628,14.402
2025-05-06,22,9.9703,3.1332,6.8371
2025-05-06,23,4.196,2.7689,7.427
2025-05-06,24,5.6093,1.9789,3.6304
2025-05-06,25,0.711,0.3549,1.3561
2025-05-06,26,0.6082,0.2876,1.3206
2025-05-06,27,1678.8545,707.2403,971.6141
2025-05-06,28,377.9041,184.8952,193.0089
2025-05-06,29,2192.6786,1017.0511,1175.6275
2025-05-06,30,562.1185,1007.0823,0.0
2025-05-07,1,4.1528,1.8308,2.3219
2025-05-07,2,1.6996,1.1643,3.5353
2025-05-07,3,2.71,0.8554,1.8546
2025-05-07,4,1.2012,0.4797,0.7215
2025-05-07,5,1.1071,0.4715,0.6356
2025-05-07,6,1.7789,0.5259,1.253
2025-05-07,7,0.2451,0.1138,0.1313
2025-05-07,8,60.6139,22.2336,38.3803
2025-05-07,9,14.4832,8.6503,22.8329
2025-05-07,10,10.6096,9.6801,19.9296
2025-05-07,11,41.7133,23.943,17.7703
2025-05-07,12,4.5194,2.0701,2.4493
2025-05-07,13,4.0097,0.9542,3.0556
2025-05-07,14,20.7334,16.6445,43.0889
2025-05-07,15,6.5019,5.5585,12.9434
2025-05-07,16,16.188,6.8527,9.3353
2025-05-07,17,11.0,3.585,7.415
2025-05-07,18,11.0,4.6807,6.3193
2025-05-07,19,5.3093,2.7756,9.5337
2025-05-07,20,5.9525,2.7422,3.2103
2025-05-07,21,14.402,5.3862,9.0158
2025-05-07,22,6.8371,3.4426,9.3945
2025-05-07,23,7.427,2.2501,5.1769
2025-05-07,24,3.6304,3.02,6.6104
2025-05-07,25,1.3561,0.3658,0.9903
2025-05-07,26,1.3206,0.4086,0.912
2025-05-07,27,971.6141,692.3171,1729.297
2025-05-07,28,193.0089,172.7416,470.2673
2025-05-07,29,1191.5436,959.8388,231.70479999999998
2025-05-07,30,1348.2448,960.9521,387.29269999999997
2025-05-08,1,2.3219,2.0162,6.3058
2025-05-08,2,3.5353,1.9904,5.5449
2025-05-08,3,1.8546,1.3852,3.4694
2025-05-08,4,0.7215,0.7215,3.0
2025-05-08,5,0.6356,0.5184,2.1171
2025-05-08,6,1.253,0.7424,2.5106
2025-05-08,7,0.1313,0.1313,0.5
2025-05-08,8,38.3803,31.2724,87.1079
2025-05-08,9,22.8329,13.3946,34.4384
2025-05-08,10,19.9296,9.716,30.2136
2025-05-08,11,17.7703,17.7703,61.0
2025-05-08,12,2.4493,2.4493,7.0
2025-05-08,13,3.0556,2.6911,5.8644
2025-05-08,14,43.0889,21.8093,66.2796
2025-05-08,15,12.9434,7.9714,19.972
2025-05-08,16,9.3353,9.3353,25.0
2025-05-08,17,7.415,7.415,17.0
2025-05-08,18,6.3193,6.3193,17.0
2025-05-08,19,9.5337,4.5917,13.942
2025-05-08,20,3.2103,2.919,8.7913
2025-05-08,21,9.0158,7.4757,21.5401
2025-05-08,22,9.3945,4.4371,13.9574
2025-05-08,23,5.1769,5.0535,10.6234
2025-05-08,24,6.6104,5.8384,8.772
2025-05-08,25,0.9903,0.6837,1.8067
2025-05-08,26,0.912,0.3137,0.5983
2025-05-08,27,1729.297,1208.9941,2670.3029
2025-05-08,28,470.2673,251.251,669.0163
2025-05-08,29,2182.5241,1361.6807,820.8434000000002
2025-05-08,30,793.2217,1376.9009,0.0
2025-05-09,1,6.3058,1.8564,4.4494
2025-05-09,2,5.5449,2.4911,3.0538
2025-05-09,3,3.4694,1.2647,2.2047
2025-05-09,4,3.0,1.3827,1.6173
2025-05-09,5,2.1171,0.5455,1.5716
2025-05-09,6,2.5106,0.8671,1.6435
2025-05-09,7,0.5,0.1627,0.3373
2025-05-09,8,87.1079,29.1743,57.9336
2025-05-09,9,34.4384,14.9403,19.4981
2025-05-09,10,30.2136,12.4149,17.7987
2025-05-09,11,61.0,22.2487,38.7513
2025-05-09,12,7.0,2.4064,4.5936
2025-05-09,13,5.8644,1.8648,3.9996
2025-05-09,14,66.2796,33.0474,33.2322
2025-05-09,15,19.972,7.2378,12.7342
2025-05-09,16,25.0,9.2812,15.7188
2025-05-09,17,17.0,6.7158,10.2842
2025-05-09,18,17.0,7.1997,9.8003
2025-05-09,19,13.942,5.6884,8.2537
2025-05-09,20,8.7913,0.0,8.7913
2025-05-09,21,21.5401,9.7572,11.7829
2025-05-09,22,13.9574,3.8782,10.0792
2025-05-09,23,10.6234,6.2512,11.3722
2025-05-09,24,8.772,4.9626,3.8094
2025-05-09,25,1.8067,0.6451,1.1616
2025-05-09,26,0.5983,0.5923,1.506
2025-05-09,27,2670.3029,1077.8215,1592.4814
2025-05-09,28,669.0163,311.3069,357.7094
2025-05-09,29,3283.7554,1643.9391,1639.8163
2025-05-09,30,2000.0,1633.9716,366.0283999999999
2025-05-10,1,4.4494,1.9738,2.4756
2025-05-10,2,3.0538,1.1925,1.8613
2025-05-10,3,2.2047,0.9413,1.2634
2025-05-10,4,1.6173,0.8468,2.2705
2025-05-10,5,1.5716,0.5962,0.9754
2025-05-10,6,1.6435,0.5933,1.0502
2025-05-10,7,0.3373,0.1213,0.216
2025-05-10,8,57.9336,25.1212,32.8125
2025-05-10,9,19.4981,12.6268,30.8713
2025-05-10,10,17.7987,11.1326,26.666
2025-05-10,11,38.7513,17.4482,54.3031
2025-05-10,12,4.5936,2.7304,5.8631
2025-05-10,13,3.9996,1.7161,2.2834
2025-05-10,14,33.2322,22.2125,57.0196
2025-05-10,15,12.7342,7.1207,17.6134
2025-05-10,16,15.7188,7.0054,8.7134
2025-05-10,17,10.2842,5.0082,14.2761
2025-05-10,18,9.8003,5.9397,14.8606
2025-05-10,19,8.2537,4.6595,12.5941
2025-05-10,20,8.7913,2.6361,6.1552
2025-05-10,21,11.7829,5.3426,19.4402
2025-05-10,22,10.0792,0.0,10.0792
2025-05-10,23,11.3722,2.5105,8.8617
2025-05-10,24,3.8094,2.4772,8.3322
2025-05-10,25,1.1616,0.4969,0.6647
2025-05-10,26,1.506,0.4032,1.1027
2025-05-10,27,1592.4814,966.7569,2275.7245
2025-05-10,28,357.7094,271.7576,585.9518
2025-05-10,29,1864.5282,1408.7928,455.7354
2025-05-10,30,1186.3248,1421.9222,0.0
2025-05-11,1,2.4756,1.9488,5.5267
2025-05-11,2,1.8613,1.7193,4.6419
2025-05-11,3,1.2634,1.2634,3.0
2025-05-11,4,2.2705,0.7438,1.5267
2025-05-11,5,0.9754,0.5314,1.944
2025-05-11,6,1.0502,0.5269,2.0233
2025-05-11,7,0.216,0.216,0.5
2025-05-11,8,32.8125,25.0294,74.7831
2025-05-11,9,30.8713,11.7616,19.1096
2025-05-11,10,26.666,10.1699,16.4962
2025-05-11,11,54.3031,22.9361,31.367
2025-05-11,12,5.8631,2.1065,3.7566
2025-05-11,13,2.2834,1.9695,5.314
2025-05-11,14,57.0196,0.0,57.0196
2025-05-11,15,17.6134,6.0228,11.5906
2025-05-11,16,8.7134,8.6061,22.1072
2025-05-11,17,14.2761,5.3106,8.9655
2025-05-11,18,14.8606,6.4035,8.4571
2025-05-11,19,12.5941,5.5038,7.0903
2025-05-11,20,6.1552,2.4213,3.7339
2025-05-11,21,19.4402,7.8199,11.6204
2025-05-11,22,10.0792,5.7684,12.3108
2025-05-11,23,8.8617,3.5908,5.2709
2025-05-11,24,8.3322,3.4144,4.9178
2025-05-11,25,0.6647,0.6647,1.5
2025-05-11,26,1.1027,0.5775,0.5252
2025-05-11,27,2275.7245,889.9527,1385.7718
2025-05-11,28,585.9518,193.1834,392.7684
2025-05-11,29,2801.1878,1041.6233,1759.5645000000002
2025-05-11,30,1732.2167,1046.791,685.4257
2025-05-12,1,5.5267,1.6678,3.8589
2025-05-12,2,4.6419,1.3721,3.2699
2025-05-12,3,3.0,0.9817,2.0183
2025-05-12,4,1.5267,0.9962,2.0305
2025-05-12,5,1.944,0.5802,1.3638
2025-05-12,6,2.0233,0.7641,1.2591
2025-05-12,7,0.5,0.1041,0.3959
2025-05-12,8,74.7831,28.8874,45.8956
2025-05-12,9,19.1096,0.0,19.1096
2025-05-12,10,16.4962,8.8282,20.668
2025-05-12,11,31.367,13.2061,18.1609
2025-05-12,12,3.7566,1.1328,2.6238
2025-05-12,13,5.314,1.7242,3.5898
2025-05-12,14,57.0196,15.257,41.7626
2025-05-12,15,11.5906,4.2833,7.3073
2025-05-12,16,22.1072,5.035,17.0723
2025-05-12,17,8.9655,4.4073,4.5582
2025-05-12,18,8.4571,4.1298,11.3273
2025-05-12,19,7.0903,3.3489,9.7414
2025-05-12,20,3.7339,1.5928,6.1411
2025-05-12,21,11.6204,7.1177,14.5027
2025-05-12,22,12.3108,5.6018,6.7089
2025-05-12,23,5.2709,1.5923,3.6786
2025-05-12,24,4.9178,2.9778,5.9401
2025-05-12,25,1.5,0.3054,1.1946
2025-05-12,26,0.5252,0.4653,1.06
2025-05-12,27,1385.7718,629.2979,756.4739
2025-05-12,28,392.7684,158.9301,233.8384
2025-05-12,29,1718.2869,806.2658,912.0211
2025-05-12,30,1019.0919,813.2544,205.83749999999998
2025-05-13,1,3.8589,1.2352,2.6237
2025-05-13,2,3.2699,1.6332,1.6366
2025-05-13,3,2.0183,0.7707,1.2476
2025-05-13,4,2.0305,0.6265,1.404
2025-05-13,5,1.3638,0.4117,0.9521
2025-05-13,6,1.2591,0.0,1.2591
2025-05-13,7,0.3959,0.0859,0.31
2025-05-13,8,45.8956,15.1756,30.72
2025-05-13,9,19.1096,8.2515,10.8581
2025-05-13,10,20.668,11.1944,9.4736
2025-05-13,11,18.1609,16.0932,41.0677
2025-05-13,12,2.6238,1.6199,4.5039
2025-05-13,13,3.5898,1.9527,1.6371
2025-05-13,14,41.7626,17.2391,24.5234
2025-05-13,15,7.3073,5.5943,13.713
2025-05-13,16,17.0723,6.4435,10.6288
2025-05-13,17,4.5582,4.5582,12.0
2025-05-13,18,11.3273,4.2808,7.0465
2025-05-13,19,9.7414,4.9334,4.808
2025-05-13,20,6.1411,2.0031,4.138
2025-05-13,21,14.5027,3.0354,11.4672
2025-05-13,22,6.7089,3.917,9.7919
2025-05-13,23,3.6786,2.4371,7.2415
2025-05-13,24,5.9401,1.7554,4.1847
2025-05-13,25,1.1946,0.3151,0.8795
2025-05-13,26,1.06,0.396,0.6639
2025-05-13,27,756.4739,632.8858,1773.5882
2025-05-13,28,233.8384,152.9043,480.934
2025-05-13,29,984.0202,849.1726,134.84760000000006
2025-05-13,30,1319.1304,832.887,486.24340000000007
2025-05-14,1,2.6237,1.3766,4.2472
2025-05-14,2,1.6366,1.6366,3.5
2025-05-14,3,1.2476,0.9929,2.7546
2025-05-14,4,1.404,0.8229,2.0811
2025-05-14,5,0.9521,0.3239,0.6282
2025-05-14,6,1.2591,0.4868,0.7723
2025-05-14,7,0.31,0.1334,0.1766
2025-05-14,8,30.72,19.6847,58.0353
2025-05-14,9,10.8581,9.9965,22.8616
2025-05-14,10,9.4736,5.5256,20.948
2025-05-14,11,41.0677,16.3299,24.7378
2025-05-14,12,4.5039,2.1985,2.3054
2025-05-14,13,1.6371,1.3795,4.2576
2025-05-14,14,24.5234,18.309,44.2145
2025-05-14,15,13.713,5.8023,7.9107
2025-05-14,16,10.6288,6.5698,17.0589
2025-05-14,17,12.0,4.116,7.884
2025-05-14,18,7.0465,4.5408,11.5058
2025-05-14,19,4.808,2.7084,9.5995
2025-05-14,20,4.138,3.3754,5.7626
2025-05-14,21,11.4672,7.0672,14.4001
2025-05-14,22,9.7919,3.1584,6.6336
2025-05-14,23,7.2415,2.9952,4.2463
2025-05-14,24,4.1847,3.3065,5.8782
2025-05-14,25,0.8795,0.0,0.8795
2025-05-14,26,0.6639,0.4083,1.2557
2025-05-14,27,1773.5882,664.4434,1109.1448
2025-05-14,28,480.934,187.0784,293.8556
2025-05-14,29,2226.2134,912.0558,1314.1576
2025-05-14,30,836.9268,899.4249,0.0
2025-05-15,1,4.2472,1.6022,2.645
2025-05-15,2,3.5,1.0379,2.4621
2025-05-15,3,2.7546,0.0,2.7546
2025-05-15,4,2.0811,0.7525,1.3286
2025-05-15,5,0.6282,0.4751,1.6531
2025-05-15,6,0.7723,0.5878,1.6846
2025-05-15,7,0.1766,0.1046,0.572
2025-05-15,8,58.0353,27.7265,30.3088
2025-05-15,9,22.8616,9.9817,12.8799
2025-05-15,10,20.948,7.9781,12.9699
2025-05-15,11,24.7378,21.9107,43.8272
2025-05-15,12,2.3054,1.9967,4.8086
2025-05-15,13,4.2576,1.521,2.7366
2025-05-15,14,44.2145,20.7395,23.4749
2025-05-15,15,7.9107,5.0879,13.8228
2025-05-15,16,17.0589,6.7706,10.2883
2025-05-15,17,7.884,4.2839,11.6001
2025-05-15,18,11.5058,3.4983,8.0075
2025-05-15,19,9.5995,3.9572,5.6423
2025-05-15,20,5.7626,2.3606,3.402
2025-05-15,21,14.4001,5.9743,8.4258
2025-05-15,22,6.6336,2.8946,10.239
2025-05-15,23,4.2463,2.3082,7.438
2025-05-15,24,5.8782,1.6921,4.1861
2025-05-15,25,0.8795,0.4403,1.4393
2025-05-15,26,1.2557,0.2433,1.0124
2025-05-15,27,1109.1448,784.0074,1775.1374
2025-05-15,28,293.8556,168.9099,474.9457
2025-05-15,29,1426.5328,1061.7201,364.81269999999995
2025-05-15,30,1317.1404,1060.0019,257.1385
2025-05-16,1,2.645,1.76,4.385
2025-05-16,2,2.4621,1.6497,3.8124
2025-05-16,3,2.7546,0.7142,2.0405
2025-05-16,4,1.3286,0.7788,2.0498
2025-05-16,5,1.6531,0.5759,1.0772
2025-05-16,6,1.6846,0.8394,0.8452
2025-05-16,7,0.572,0.1352,0.4368
2025-05-16,8,30.3088,27.9665,64.3422
2025-05-16,9,12.8799,9.7775,25.1025
2025-05-16,10,12.9699,8.0596,20.9102
2025-05-16,11,43.8272,16.5315,27.2957
2025-05-16,12,4.8086,2.637,2.1716
2025-05-16,13,2.7366,1.7204,4.5162
2025-05-16,14,23.4749,20.4391,46.0358
2025-05-16,15,13.8228,5.6237,8.1991
2025-05-16,16,10.2883,6.0281,17.2602
2025-05-16,17,11.6001,4.4305,7.1696
2025-05-16,18,8.0075,3.9101,12.0974
2025-05-16,19,5.6423,3.2676,10.3747
2025-05-16,20,3.402,2.4203,6.4816
2025-05-16,21,8.4258,7.6026,15.8232
2025-05-16,22,10.239,5.1188,5.1202
2025-05-16,23,7.438,2.2309,5.2071
2025-05-16,24,4.1861,1.1672,3.0189
2025-05-16,25,1.4393,0.4404,0.9989
2025-05-16,26,1.0124,0.6461,1.3663
2025-05-16,27,1775.1374,704.6101,1070.5274
2025-05-16,28,474.9457,172.9448,302.001
2025-05-16,29,2248.6522,1067.1495,1181.5027
2025-05-16,30,818.1647,1076.6421,0.0
2025-05-17,1,4.385,2.288,2.097
2025-05-17,2,3.8124,1.5999,2.2125
2025-05-17,3,2.0405,0.8459,3.1946
2025-05-17,4,2.0498,0.9857,1.064
2025-05-17,5,1.0772,0.5545,1.5227
2025-05-17,6,0.8452,0.4552,1.89
2025-05-17,7,0.4368,0.1362,0.3006
2025-05-17,8,64.3422,25.4704,38.8718
2025-05-17,9,25.1025,9.7013,15.4011
2025-05-17,10,20.9102,16.3851,26.5251
2025-05-17,11,27.2957,23.7052,53.5904
2025-05-17,12,2.1716,2.1716,6.0
2025-05-17,13,4.5162,2.2554,2.2608
2025-05-17,14,46.0358,22.2055,23.8303
2025-05-17,15,8.1991,7.202,17.9971
2025-05-17,16,17.2602,9.0791,22.1811
2025-05-17,17,7.1696,5.4687,14.7009
2025-05-17,18,12.0974,5.1446,6.9528
2025-05-17,19,10.3747,3.8563,6.5184
2025-05-17,20,6.4816,2.8368,3.6448
2025-05-17,21,15.8232,3.6577,12.1655
2025-05-17,22,5.1202,4.5709,12.5492
2025-05-17,23,5.2071,3.539,9.1682
2025-05-17,24,3.0189,3.0189,8.0
2025-05-17,25,0.9989,0.6151,1.8838
2025-05-17,26,1.3663,0.3382,1.0281
2025-05-17,27,1070.5274,746.9501,2323.5773
2025-05-17,28,302.001,232.4767,619.5242
2025-05-17,29,1503.8698,998.477,505.39279999999997
2025-05-17,30,1339.5167,1004.9375,334.5791999999999
2025-05-18,1,2.097,2.097,5.5
2025-05-18,2,2.2125,1.6092,5.1033
2025-05-18,3,3.1946,1.3375,1.8571
2025-05-18,4,1.064,0.9206,2.6435
2025-05-18,5,1.5227,0.6466,0.8761
2025-05-18,6,1.89,0.0,1.89
2025-05-18,7,0.3006,0.1961,0.6045
2025-05-18,8,38.8718,27.0783,81.7935
2025-05-18,9,15.4011,8.5445,31.8567
2025-05-18,10,26.5251,0.0,26.5251
2025-05-18,11,53.5904,23.9117,29.6787
2025-05-18,12,6.0,2.6728,3.3272
2025-05-18,13,2.2608,1.2899,5.4709
2025-05-18,14,23.8303,21.9171,59.9133
2025-05-18,15,17.9971,7.6891,10.308
2025-05-18,16,22.1811,9.8133,12.3677
2025-05-18,17,14.7009,4.6705,10.0304
2025-05-18,18,6.9528,5.6836,15.2692
2025-05-18,19,6.5184,3.7053,13.3131
2025-05-18,20,3.6448,2.9832,8.1616
2025-05-18,21,12.1655,7.226,19.9395
2025-05-18,22,12.5492,0.0,12.5492
2025-05-18,23,9.1682,2.2637,6.9044
2025-05-18,24,8.0,4.7171,3.2829
2025-05-18,25,1.8838,0.6027,1.281
2025-05-18,26,1.0281,0.5911,1.437
2025-05-18,27,2323.5773,1060.3002,1263.2771
2025-05-18,28,619.5242,261.6009,357.9234
2025-05-18,29,2981.9763,1534.8394,1447.1368999999997
2025-05-18,30,1811.405,1517.9397,293.46530000000007
2025-05-19,1,5.5,1.2591,4.2409
2025-05-19,2,5.1033,1.0174,4.0859
2025-05-19,3,1.8571,0.9217,0.9354
2025-05-19,4,2.6435,0.6668,1.9767
2025-05-19,5,0.8761,0.5651,0.3111
2025-05-19,6,1.89,0.625,1.265
2025-05-19,7,0.6045,0.1135,0.491
2025-05-19,8,81.7935,27.0519,54.7416
2025-05-19,9,31.8567,8.5469,23.3098
2025-05-19,10,26.5251,7.9729,18.5522
2025-05-19,11,29.6787,12.529,17.1498
2025-05-19,12,3.3272,1.6732,1.6539
2025-05-19,13,5.4709,1.8249,3.646
2025-05-19,14,59.9133,15.2265,44.6867
2025-05-19,15,10.308,5.087,5.221
2025-05-19,16,12.3677,6.4705,5.8972
2025-05-19,17,10.0304,4.8598,5.1706
2025-05-19,18,15.2692,0.0,15.2692
2025-05-19,19,13.3131,3.5531,9.76
2025-05-19,20,8.1616,2.234,5.9276
2025-05-19,21,19.9395,4.4783,15.4612
2025-05-19,22,12.5492,3.8897,8.6595
2025-05-19,23,6.9044,2.3092,4.5953
2025-05-19,24,3.2829,2.3991,0.8838
2025-05-19,25,1.281,0.4324,0.8486
2025-05-19,26,1.437,0.2455,1.1915
2025-05-19,27,1263.2771,724.219,539.0582
2025-05-19,28,357.9234,213.4148,144.5086
2025-05-19,29,1603.9667,1037.0398,566.9268999999999
2025-05-19,30,1156.8212,1035.9916,120.82960000000003
2025-05-20,1,4.2409,1.2307,3.0102
2025-05-20,2,4.0859,1.8742,2.2118
2025-05-20,3,0.9354,0.8489,2.5865
2025-05-20,4,1.9767,0.6965,1.2802
2025-05-20,5,0.3111,0.3111,1.5
2025-05-20,6,1.265,0.5309,0.7341
2025-05-20,7,0.491,0.0972,0.3938
2025-05-20,8,54.7416,25.1333,29.6083
2025-05-20,9,23.3098,11.5447,11.7651
2025-05-20,10,18.5522,8.8291,9.7231
2025-05-20,11,17.1498,17.1498,43.0
2025-05-20,12,1.6539,1.6539,5.0
2025-05-20,13,3.646,1.6002,2.0458
2025-05-20,14,44.6867,19.534,25.1527
2025-05-20,15,5.221,5.221,14.0
2025-05-20,16,5.8972,5.8972,18.0
2025-05-20,17,5.1706,4.8186,12.352
2025-05-20,18,15.2692,4.108,11.1613
2025-05-20,19,9.76,3.3992,6.3609
2025-05-20,20,5.9276,2.1459,3.7817
2025-05-20,21,15.4612,6.1758,9.2854
2025-05-20,22,8.6595,4.5336,4.1259
2025-05-20,23,4.5953,2.8123,7.2829
2025-05-20,24,0.8838,0.8838,7.0
2025-05-20,25,0.8486,0.3516,0.497
2025-05-20,26,1.1915,0.3922,0.7993
2025-05-20,27,539.0582,539.0582,1850.0
2025-05-20,28,144.5086,144.5086,500.0
2025-05-20,29,682.8369,678.9543,3.882600000000025
2025-05-20,30,532.3141,684.1135,0.0
2025-05-21,1,3.0102,2.0007,1.0095
2025-05-21,2,2.2118,0.8836,1.3282
2025-05-21,3,2.5865,0.7102,1.8763
2025-05-21,4,1.2802,0.6775,0.6027
2025-05-21,5,1.5,0.4996,1.0004
2025-05-21,6,0.7341,0.7341,0.0
2025-05-21,7,0.3938,0.1178,0.276
2025-05-21,8,29.6083,27.5824,2.0259
2025-05-21,9,11.7651,11.733,0.0321
2025-05-21,10,9.7231,9.7231,0.0
2025-05-21,11,43.0,18.0994,24.9006
2025-05-21,12,5.0,1.7905,3.2095
2025-05-21,13,2.0458,1.4255,0.6203
2025-05-21,14,25.1527,16.155,8.9977
2025-05-21,15,14.0,5.8913,8.1087
2025-05-21,16,18.0,6.6978,11.3022
2025-05-21,17,12.352,5.1411,7.2109
2025-05-21,18,11.1613,0.0,11.1613
2025-05-21,19,6.3609,3.7133,2.6476
2025-05-21,20,3.7817,2.1133,1.6684
2025-05-21,21,9.2854,6.4704,2.815
2025-05-21,22,4.1259,4.1259,0.0
2025-05-21,23,7.2829,2.6592,4.6238
2025-05-21,24,7.0,1.6917,5.3083
2025-05-21,25,0.497,0.497,0.0
2025-05-21,26,0.7993,0.6673,0.132
2025-05-21,27,1850.0,708.6049,1141.3951
2025-05-21,28,500.0,176.5908,323.4092
2025-05-21,29,2300.0,988.5586,1311.4414000000002
2025-05-21,30,1408.5679,985.9881,422.5798
2025-05-22,1,1.0095,1.0095,4.5
2025-05-22,2,1.3282,1.3282,4.0
2025-05-22,3,1.8763,1.0989,2.7774
2025-05-22,4,0.6027,0.6027,2.0
2025-05-22,5,1.0004,0.5447,1.4558
2025-05-22,6,0.0,0.0,1.5
2025-05-22,7,0.276,0.1002,0.1758
2025-05-22,8,2.0259,2.0259,62.0
2025-05-22,9,0.0321,0.0321,24.0
2025-05-22,10,0.0,0.0,21.0
2025-05-22,11,24.9006,15.5953,43.3053
2025-05-22,12,3.2095,1.7962,4.9133
2025-05-22,13,0.6203,0.6203,4.5
2025-05-22,14,8.9977,8.9977,46.0
2025-05-22,15,8.1087,6.1378,13.9709
2025-05-22,16,11.3022,8.0871,17.2152
2025-05-22,17,7.2109,5.1154,12.0955
2025-05-22,18,11.1613,4.4328,6.7285
2025-05-22,19,2.6476,0.0,10.1476
2025-05-22,20,1.6684,1.6684,6.0
2025-05-22,21,2.815,2.815,15.0
2025-05-22,22,0.0,0.0,10.0
2025-05-22,23,4.6238,2.6736,7.4502
2025-05-22,24,5.3083,2.0969,3.2114
2025-05-22,25,0.0,0.0,1.5
2025-05-22,26,0.132,0.132,1.0
2025-05-22,27,1141.3951,855.5545,1835.8407
2025-05-22,28,323.4092,169.0388,454.3704
2025-05-22,29,1309.3079,1131.6129,177.69499999999994
2025-05-22,30,911.0906,1115.522,0.0
2025-05-23,1,4.5,1.6075,2.8925
2025-05-23,2,4.0,1.5175,2.4825
2025-05-23,3,2.7774,0.92,1.8575
2025-05-23,4,2.0,0.517,1.483
2025-05-23,5,1.4558,0.4783,0.9775
2025-05-23,6,1.5,0.7421,0.7579
2025-05-23,7,0.1758,0.0882,0.5877
2025-05-23,8,62.0,23.167,38.833
2025-05-23,9,24.0,8.4783,15.5217
2025-05-23,10,21.0,11.5964,9.4036
2025-05-23,11,43.3053,14.7103,28.5951
2025-05-23,12,4.9133,1.4309,3.4823
2025-05-23,13,4.5,1.6168,2.8832
2025-05-23,14,46.0,16.346,29.654
2025-05-23,15,13.9709,5.7021,8.2688
2025-05-23,16,17.2152,6.3951,10.82
2025-05-23,17,12.0955,4.9966,7.0989
2025-05-23,18,6.7285,4.2333,12.4952
2025-05-23,19,10.1476,3.5989,6.5486
2025-05-23,20,6.0,2.169,3.831
2025-05-23,21,15.0,3.8584,11.1416
2025-05-23,22,10.0,4.6218,5.3782
2025-05-23,23,7.4502,5.8446,7.6056
2025-05-23,24,3.2114,2.401,6.8104
2025-05-23,25,1.5,0.619,0.881
2025-05-23,26,1.0,0.3302,0.6698
2025-05-23,27,1835.8407,735.4579,1100.3828
2025-05-23,28,454.3704,199.9802,254.3902
2025-05-23,29,2280.8597,1076.778,1204.0817
2025-05-23,30,1438.8628,1072.7489,366.11390000000006
2025-05-24,1,2.8925,2.7557,5.6368
2025-05-24,2,2.4825,1.0384,4.9441
2025-05-24,3,1.8575,1.4171,3.4404
2025-05-24,4,1.483,1.1318,2.3512
2025-05-24,5,0.9775,0.5115,1.9661
2025-05-24,6,0.7579,0.5062,2.2517
2025-05-24,7,0.5877,0.1358,0.4518
2025-05-24,8,38.833,36.3377,80.4952
2025-05-24,9,15.5217,9.639,31.8827
2025-05-24,10,9.4036,9.4036,28.0
2025-05-24,11,28.5951,21.2693,56.3258
2025-05-24,12,3.4823,2.4082,6.5741
2025-05-24,13,2.8832,2.8832,5.5
2025-05-24,14,29.654,27.8464,60.8077
2025-05-24,15,8.2688,6.3039,18.9649
2025-05-24,16,10.82,8.0552,22.7648
2025-05-24,17,7.0989,5.3205,15.7784
2025-05-24,18,12.4952,6.2891,6.2062
2025-05-24,19,6.5486,5.3701,13.1785
2025-05-24,20,3.831,3.3627,7.9683
2025-05-24,21,11.1416,11.0039,20.1377
2025-05-24,22,5.3782,4.9151,12.9631
2025-05-24,23,7.6056,2.4354,5.1702
2025-05-24,24,6.8104,4.8875,8.9229
2025-05-24,25,0.881,0.69,1.691
2025-05-24,26,0.6698,0.4024,1.2674
2025-05-24,27,1100.3828,1006.4073,2393.9755
2025-05-24,28,254.3902,243.7369,610.6533
2025-05-24,29,1400.3721,1383.8112,16.560899999999947
2025-05-24,30,967.4578,1378.7292,0.0
2025-05-25,1,5.6368,1.8057,3.8311
2025-05-25,2,4.9441,1.7377,3.2063
2025-05-25,3,3.4404,1.5851,1.8553
2025-05-25,4,2.3512,1.0871,1.2641
2025-05-25,5,1.9661,0.5629,1.4031
2025-05-25,6,2.2517,0.6937,1.558
2025-05-25,7,0.4518,0.1685,0.2834
2025-05-25,8,80.4952,38.9967,41.4985
2025-05-25,9,31.8827,12.2059,19.6768
2025-05-25,10,28.0,7.0166,20.9834
2025-05-25,11,56.3258,20.7336,35.5921
2025-05-25,12,6.5741,2.5473,4.0268
2025-05-25,13,5.5,1.8368,3.6632
2025-05-25,14,60.8077,19.1264,41.6813
2025-05-25,15,18.9649,7.2262,11.7386
2025-05-25,16,22.7648,8.2049,14.5599
2025-05-25,17,15.7784,5.5869,10.1914
2025-05-25,18,6.2062,5.7027,15.5035
2025-05-25,19,13.1785,5.9689,7.2096
2025-05-25,20,7.9683,2.8916,5.0767
2025-05-25,21,20.1377,5.3006,14.8371
2025-05-25,22,12.9631,5.2359,7.7272
2025-05-25,23,5.1702,3.7108,9.9594
2025-05-25,24,8.9229,2.1219,6.801
2025-05-25,25,1.691,0.8409,0.8501
2025-05-25,26,1.2674,0.4981,0.7693
2025-05-25,27,2393.9755,857.3635,1536.6119
2025-05-25,28,610.6533,216.0496,394.6037
2025-05-25,29,3054.0266,1240.8964,1813.1302
2025-05-25,30,1794.1581,1249.5525,544.6056000000001
2025-05-26,1,3.8311,1.7746,2.0565
2025-05-26,2,3.2063,1.4903,1.716
2025-05-26,3,1.8553,0.9447,2.9106
2025-05-26,4,1.2641,0.8375,1.9265
2025-05-26,5,1.4031,0.5046,0.8985
2025-05-26,6,1.558,0.5615,0.9965
2025-05-26,7,0.2834,0.1142,0.1692
2025-05-26,8,41.4985,25.8241,63.6744
2025-05-26,9,19.6768,12.513,25.1638
2025-05-26,10,20.9834,9.9862,10.9972
2025-05-26,11,35.5921,21.0413,44.5508
2025-05-26,12,4.0268,1.9868,2.04
2025-05-26,13,3.6632,2.1936,4.4697
2025-05-26,14,41.6813,18.5203,23.161
2025-05-26,15,11.7386,4.8308,6.9078
2025-05-26,16,14.5599,7.3001,7.2598
2025-05-26,17,10.1914,4.0909,6.1005
2025-05-26,18,15.5035,4.7341,10.7693
2025-05-26,19,7.2096,5.6965,10.5131
2025-05-26,20,5.0767,1.9796,3.0971
2025-05-26,21,14.8371,8.6094,6.2277
2025-05-26,22,7.7272,3.8933,10.334
2025-05-26,23,9.9594,2.4726,7.4868
2025-05-26,24,6.801,1.7562,5.0448
2025-05-26,25,0.8501,0.3395,0.5105
2025-05-26,26,0.7693,0.3274,0.4418
2025-05-26,27,1536.6119,699.6973,836.9147
2025-05-26,28,394.6037,186.4452,208.1584
2025-05-26,29,1782.3374,991.0233,791.3140999999999
2025-05-26,30,1012.6949,989.5071,23.187799999999925
2025-05-27,1,2.0565,1.6775,4.379
2025-05-27,2,1.716,1.5328,3.6832
2025-05-27,3,2.9106,0.9078,2.0028
2025-05-27,4,1.9265,0.8759,1.0506
2025-05-27,5,0.8985,0.438,1.4605
2025-05-27,6,0.9965,0.4676,1.5289
2025-05-27,7,0.1692,0.1568,0.5124
2025-05-27,8,63.6744,33.6996,29.9747
2025-05-27,9,25.1638,11.2837,13.8802
2025-05-27,10,10.9972,7.886,22.1112
2025-05-27,11,44.5508,12.5738,31.977
2025-05-27,12,2.04,1.6192,4.9207
2025-05-27,13,4.4697,1.1807,3.2889
2025-05-27,14,23.161,16.5976,47.5633
2025-05-27,15,6.9078,5.5666,14.3412
2025-05-27,16,7.2598,7.2598,18.0
2025-05-27,17,6.1005,4.1603,11.9402
2025-05-27,18,10.7693,5.1559,5.6134
2025-05-27,19,10.5131,4.0472,6.4659
2025-05-27,20,3.0971,2.5681,6.529
2025-05-27,21,6.2277,5.9891,16.2386
2025-05-27,22,10.334,2.7922,7.5418
2025-05-27,23,7.4868,2.9418,4.545
2025-05-27,24,5.0448,1.1959,3.8489
2025-05-27,25,0.5105,0.4411,1.5694
2025-05-27,26,0.4418,0.4418,1.0
2025-05-27,27,836.9147,768.5089,1868.4058
2025-05-27,28,208.1584,154.2051,503.9534
2025-05-27,29,2304.3664,1029.192,1275.1743999999999
2025-05-27,30,1423.7299,1023.0677,400.6622000000001
2025-05-28,1,4.379,1.8984,2.4806
2025-05-28,2,3.6832,1.4473,2.2359
2025-05-28,3,2.0028,0.9566,1.0462
2025-05-28,4,1.0506,0.7302,1.8204
2025-05-28,5,1.4605,0.4591,1.0014
2025-05-28,6,1.5289,0.6982,0.8307
2025-05-28,7,0.5124,0.1654,0.347
2025-05-28,8,29.9747,28.712,63.2627
2025-05-28,9,13.8802,10.5308,25.3494
2025-05-28,10,22.1112,7.9501,14.1612
2025-05-28,11,31.977,21.3945,43.5825
2025-05-28,12,4.9207,1.6423,3.2784
2025-05-28,13,3.2889,1.348,1.9409
2025-05-28,14,47.5633,15.8089,31.7544
2025-05-28,15,14.3412,7.2785,7.0627
2025-05-28,16,18.0,8.0348,9.9652
2025-05-28,17,11.9402,4.8033,7.1369
2025-05-28,18,5.6134,0.0,5.6134
2025-05-28,19,6.4659,3.3779,10.088
2025-05-28,20,6.529,2.3461,4.183
2025-05-28,21,16.2386,4.6691,11.5696
2025-05-28,22,7.5418,4.068,10.4738
2025-05-28,23,4.545,1.7881,7.7569
2025-05-28,24,3.8489,3.5565,6.2924
2025-05-28,25,1.5694,0.7454,0.8241
2025-05-28,26,1.0,0.7111,1.2889
2025-05-28,27,1868.4058,707.2739,1161.1319
2025-05-28,28,503.9534,164.6574,339.296
2025-05-28,29,1329.6856,945.1462,384.5394
2025-05-28,30,884.1352,946.3841,0.0
2025-05-29,1,2.4806,1.4792,4.5014
2025-05-29,2,2.2359,1.4304,3.8056
2025-05-29,3,1.0462,1.0437,2.5026
2025-05-29,4,1.8204,0.7087,1.1116
2025-05-29,5,1.0014,0.4763,0.5251
2025-05-29,6,0.8307,0.5804,1.7503
2025-05-29,7,0.347,0.1929,0.1541
2025-05-29,8,63.2627,26.9089,36.3539
2025-05-29,9,25.3494,11.4575,13.8919
2025-05-29,10,14.1612,7.1347,22.0264
2025-05-29,11,43.5825,11.8087,31.7739
2025-05-29,12,3.2784,1.7649,5.0135
2025-05-29,13,1.9409,1.5811,4.3598
2025-05-29,14,31.7544,20.8253,46.9291
2025-05-29,15,7.0627,4.9701,14.0926
2025-05-29,16,9.9652,7.4104,18.5548
2025-05-29,17,7.1369,4.3134,11.8235
2025-05-29,18,5.6134,3.9322,12.6812
2025-05-29,19,10.088,3.5139,6.5741
2025-05-29,20,4.183,2.5169,6.666
2025-05-29,21,11.5696,5.5542,16.0153
2025-05-29,22,10.4738,4.606,5.8678
2025-05-29,23,7.7569,2.7605,4.9964
2025-05-29,24,6.2924,1.9313,4.3611
2025-05-29,25,0.8241,0.5561,1.2679
2025-05-29,26,1.2889,0.3838,0.9051
2025-05-29,27,1161.1319,771.4647,1889.6672
2025-05-29,28,339.296,133.9782,205.3178
2025-05-29,29,2398.6153,1004.0664,1394.5488999999998
2025-05-29,30,1440.2701,1005.2275,435.0426
2025-05-30,1,4.5014,1.715,2.7864
2025-05-30,2,3.8056,1.0087,2.7969
2025-05-30,3,2.5026,0.9332,1.5694
2025-05-30,4,1.1116,1.0201,2.0915
2025-05-30,5,0.5251,0.4295,1.5956
2025-05-30,6,1.7503,0.6441,1.1062
2025-05-30,7,0.1541,0.1541,0.5
2025-05-30,8,36.3539,33.4813,66.8725
2025-05-30,9,13.8919,8.6512,26.2406
2025-05-30,10,22.0264,5.7382,16.2883
2025-05-30,11,31.7739,19.1019,45.672
2025-05-30,12,5.0135,1.6534,3.36
2025-05-30,13,4.3598,1.6364,2.7235
2025-05-30,14,46.9291,17.2371,29.692
2025-05-30,15,14.0926,5.3814,8.7112
2025-05-30,16,18.5548,6.4384,12.1164
2025-05-30,17,11.8235,4.4454,7.3781
2025-05-30,18,12.6812,4.7781,7.9031
2025-05-30,19,6.5741,5.3393,10.7348
2025-05-30,20,6.666,3.1335,3.5325
2025-05-30,21,16.0153,4.8627,11.1526
2025-05-30,22,5.8678,4.8223,11.0456
2025-05-30,23,4.9964,3.0078,7.9886
2025-05-30,24,4.3611,2.6021,6.759
2025-05-30,25,1.2679,0.4622,0.8057
2025-05-30,26,0.9051,0.456,0.4491
2025-05-30,27,1889.6672,782.8275,1106.8397
2025-05-30,28,205.3178,161.1326,494.1852
2025-05-30,29,1492.1107,1104.1265,387.9841999999999
2025-05-30,30,866.324,1124.433,0.0
2025-05-31,1,2.7864,1.9473,5.839
2025-05-31,2,2.7969,1.675,5.1219
2025-05-31,3,1.5694,1.4578,3.6115
2025-05-31,4,2.0915,1.254,2.8375
2025-05-31,5,1.5956,0.4518,1.1438
2025-05-31,6,1.1062,0.75,2.3562
2025-05-31,7,0.5,0.2195,0.2805
2025-05-31,8,66.8725,38.0922,85.7803
2025-05-31,9,26.2406,13.4222,33.8184
2025-05-31,10,16.2883,10.0671,28.2212
2025-05-31,11,45.672,16.9018,28.7702
2025-05-31,12,3.36,2.8643,6.4958
2025-05-31,13,2.7235,1.7276,5.4959
2025-05-31,14,29.692,24.6266,62.0654
2025-05-31,15,8.7112,8.0322,18.6789
2025-05-31,16,12.1164,10.1599,23.9565
2025-05-31,17,7.3781,5.4568,15.9213
2025-05-31,18,7.9031,5.816,16.0871
2025-05-31,19,10.7348,7.5271,13.7078
2025-05-31,20,3.5325,2.6141,8.4184
2025-05-31,21,11.1526,11.1526,21.0
2025-05-31,22,11.0456,5.109,5.9366
2025-05-31,23,7.9886,3.5935,4.3951
2025-05-31,24,6.759,4.1809,8.5782
2025-05-31,25,0.8057,0.7137,1.592
2025-05-31,26,0.4491,0.3464,1.6027
2025-05-31,27,1106.8397,1106.8397,2450.0
2025-05-31,28,494.1852,211.1486,283.0367
2025-05-31,29,2393.0348,1350.6581,1042.3766999999998
2025-05-31,30,1481.1934,1359.0914,122.10200000000009
2025-06-01,1,5.839,2.2894,3.5496
2025-06-01,2,5.1219,1.8145,3.3074
2025-06-01,3,3.6115,1.0802,2.5313
2025-06-01,4,2.8375,0.7969,2.0406
2025-06-01,5,1.1438,0.8772,1.7666
2025-06-01,6,2.3562,0.7691,1.5871
2025-06-01,7,0.2805,0.1093,0.1713
2025-06-01,8,85.7803,29.9396,55.8407
2025-06-01,9,33.8184,10.7897,23.0286
2025-06-01,10,28.2212,10.2928,17.9284
2025-06-01,11,28.7702,22.1033,57.667
2025-06-01,12,6.4958,3.7666,2.7292
2025-06-01,13,5.4959,2.2203,3.2756
2025-06-01,14,62.0654,28.2826,33.7828
2025-06-01,15,18.6789,6.4358,12.2431
2025-06-01,16,23.9565,7.9715,15.985
2025-06-01,17,15.9213,5.726,10.1953
2025-06-01,18,16.0871,5.2918,10.7953
2025-06-01,19,13.7078,7.1382,6.5696
2025-06-01,20,8.4184,4.0483,4.3701
2025-06-01,21,21.0,12.0951,8.9049
2025-06-01,22,5.9366,4.7299,13.2067
2025-06-01,23,4.3951,4.3951,10.0
2025-06-01,24,8.5782,3.21,5.3681
2025-06-01,25,1.592,1.0179,1.5741
2025-06-01,26,1.6027,0.5142,1.0886
2025-06-01,27,2450.0,889.2495,1560.7505
2025-06-01,28,283.0367,229.2663,653.7703
2025-06-01,29,3104.6966,1242.7745,1861.9221000000002
2025-06-01,30,755.7255,1224.4279,0.0
2025-06-02,1,3.5496,1.7727,1.7769
2025-06-02,2,3.3074,1.2013,2.1061
2025-06-02,3,2.5313,0.8467,1.6847
2025-06-02,4,2.0406,0.7216,1.319
2025-06-02,5,1.7666,0.6377,1.129
2025-06-02,6,1.5871,0.7737,0.8134
2025-06-02,7,0.1713,0.0952,0.5761
2025-06-02,8,55.8407,24.6485,31.1922
2025-06-02,9,23.0286,11.4243,11.6044
2025-06-02,10,17.9284,8.3644,9.564
2025-06-02,11,57.667,16.6749,40.9921
2025-06-02,12,2.7292,2.6185,5.1107
2025-06-02,13,3.2756,1.4397,1.836
2025-06-02,14,33.7828,20.4772,48.3056
2025-06-02,15,12.2431,5.4068,6.8363
2025-06-02,16,15.985,8.7913,7.1938
2025-06-02,17,10.1953,3.5059,6.6894
2025-06-02,18,10.7953,4.6741,6.1212
2025-06-02,19,6.5696,3.4884,10.5812
2025-06-02,20,4.3701,1.9325,6.4376
2025-06-02,21,8.9049,0.0,8.9049
2025-06-02,22,13.2067,5.136,8.0707
2025-06-02,23,10.0,2.5567,7.4433
2025-06-02,24,5.3681,3.5992,6.7689
2025-06-02,25,1.5741,0.4427,1.1314
2025-06-02,26,1.0886,0.548,0.5406
2025-06-02,27,1560.7505,839.0927,1921.6578
2025-06-02,28,653.7703,177.3446,476.4257
2025-06-02,29,1963.7877,1184.9706,778.8171
2025-06-02,30,1860.0118,1168.8624,691.1494
2025-06-03,1,1.7769,1.392,0.3849
2025-06-03,2,2.1061,1.2741,0.8321
2025-06-03,3,1.6847,0.6137,1.0709
2025-06-03,4,1.319,0.6513,0.6677
2025-06-03,5,1.129,0.418,0.711
2025-06-03,6,0.8134,0.5455,0.268
2025-06-03,7,0.5761,0.1208,0.4552
2025-06-03,8,31.1922,23.727,7.4652
2025-06-03,9,11.6044,9.0889,2.5155
2025-06-03,10,9.564,8.608,0.956
2025-06-03,11,40.9921,17.3917,23.6004
2025-06-03,12,5.1107,2.1621,2.9485
2025-06-03,13,1.836,1.5837,0.2522
2025-06-03,14,48.3056,17.0747,31.2309
2025-06-03,15,6.8363,6.8363,0.0
2025-06-03,16,7.1938,0.0,7.1938
2025-06-03,17,6.6894,4.6586,2.0308
2025-06-03,18,6.1212,5.2825,0.8386
2025-06-03,19,10.5812,4.5223,6.0589
2025-06-03,20,6.4376,0.0,6.4376
2025-06-03,21,8.9049,6.4288,2.4761
2025-06-03,22,8.0707,3.5557,4.515
2025-06-03,23,7.4433,3.9257,3.5176
2025-06-03,24,6.7689,1.776,4.993
2025-06-03,25,1.1314,0.3599,0.7715
2025-06-03,26,0.5406,0.2871,0.2535
2025-06-03,27,1921.6578,819.7186,1101.9392
2025-06-03,28,476.4257,213.2394,263.1864
2025-06-03,29,2422.3249,1214.7707,1207.5542
2025-06-03,30,1376.5316,1228.417,148.1146000000001
2025-06-04,1,0.3849,0.3849,4.5
2025-06-04,2,0.8321,0.8321,4.0
2025-06-04,3,1.0709,1.0709,2.5
2025-06-04,4,0.6677,0.6108,2.0569
2025-06-04,5,0.711,0.4128,1.2982
2025-06-04,6,0.268,0.268,1.5
2025-06-04,7,0.4552,0.1836,0.2717
2025-06-04,8,7.4652,7.4652,63.0
2025-06-04,9,2.5155,2.5155,25.0
2025-06-04,10,0.956,0.956,22.0
2025-06-04,11,23.6004,17.7009,43.8995
2025-06-04,12,2.9485,2.2831,5.1654
2025-06-04,13,0.2522,0.0,4.2522
2025-06-04,14,31.2309,18.3619,47.869
2025-06-04,15,0.0,0.0,15.0
2025-06-04,16,7.1938,7.1938,18.0
2025-06-04,17,2.0308,2.0308,12.0
2025-06-04,18,0.8386,0.8386,12.0
2025-06-04,19,6.0589,4.1917,10.3673
2025-06-04,20,6.4376,2.0629,4.3747
2025-06-04,21,2.4761,2.4761,15.0
2025-06-04,22,4.515,3.9102,10.1047
2025-06-04,23,3.5176,2.1399,7.8777
2025-06-04,24,4.993,2.2728,2.7202
2025-06-04,25,0.7715,0.3899,1.3816
2025-06-04,26,0.2535,0.2452,1.0083
2025-06-04,27,1101.9392,655.961,1895.9782
2025-06-04,28,263.1864,168.2271,494.9593
2025-06-04,29,1504.135,803.0304,701.1046
2025-06-04,30,832.6292,794.5859,38.04329999999993
2025-06-05,1,4.5,2.2505,2.2495
2025-06-05,2,4.0,1.6914,2.3086
2025-06-05,3,2.5,0.9025,1.5975
2025-06-05,4,2.0569,0.7875,1.2694
2025-06-05,5,1.2982,0.5057,0.7925
2025-06-05,6,1.5,0.5787,0.9213
2025-06-05,7,0.2717,0.2088,0.5628
2025-06-05,8,63.0,33.5017,29.4983
2025-06-05,9,25.0,7.6207,17.3793
2025-06-05,10,22.0,7.6033,14.3967
2025-06-05,11,43.8995,32.5364,46.3631
2025-06-05,12,5.1654,1.8891,3.2763
2025-06-05,13,4.2522,1.8926,2.3596
2025-06-05,14,47.869,20.0924,27.7766
2025-06-05,15,15.0,5.3632,9.6368
2025-06-05,16,18.0,6.9291,11.0709
2025-06-05,17,12.0,4.6433,7.3567
2025-06-05,18,12.0,4.1394,7.8606
2025-06-05,19,10.3673,3.3249,7.0424
2025-06-05,20,4.3747,2.7298,6.6449
2025-06-05,21,15.0,4.6382,10.3618
2025-06-05,22,10.1047,3.1194,6.9853
2025-06-05,23,7.8777,2.7432,5.1345
2025-06-05,24,2.7202,2.5893,7.1309
2025-06-05,25,1.3816,0.3782,1.0034
2025-06-05,26,1.0083,0.4959,0.5124
2025-06-05,27,1895.9782,709.445,1186.5331
2025-06-05,28,494.9593,185.7334,309.2259
2025-06-05,29,2438.6589,1051.4989,1387.1599999999999
2025-06-05,30,1437.5878,1055.7419,381.84590000000003
2025-06-06,1,2.2495,2.2495,4.5
2025-06-06,2,2.3086,1.6179,4.1907
2025-06-06,3,1.5975,0.8983,2.6992
2025-06-06,4,1.2694,0.7542,2.0153
2025-06-06,5,0.7925,0.6875,1.605
2025-06-06,6,0.9213,0.6561,1.7652
2025-06-06,7,0.5628,0.0938,0.469
2025-06-06,8,29.4983,25.4615,65.0368
2025-06-06,9,17.3793,9.9223,25.4569
2025-06-06,10,14.3967,13.1815,22.2153
2025-06-06,11,46.3631,20.7314,25.6317
2025-06-06,12,3.2763,2.1344,5.1419
2025-06-06,13,2.3596,1.2306,4.629
2025-06-06,14,27.7766,17.2337,48.5429
2025-06-06,15,9.6368,6.9361,14.7006
2025-06-06,16,11.0709,7.4316,18.6394
2025-06-06,17,7.3567,4.6658,12.6908
2025-06-06,18,7.8606,4.8617,11.999
2025-06-06,19,7.0424,4.4123,10.6301
2025-06-06,20,6.6449,2.4889,4.156
2025-06-06,21,10.3618,7.4267,15.9351
2025-06-06,22,6.9853,3.5597,10.4256
2025-06-06,23,5.1345,2.8998,7.7347
2025-06-06,24,7.1309,2.4284,4.7025
2025-06-06,25,1.0034,0.6393,1.3642
2025-06-06,26,0.5124,0.3971,1.1153
2025-06-06,27,1186.5331,687.3117,1899.2214
2025-06-06,28,309.2259,175.5586,483.6673
2025-06-06,29,1417.0254,977.7035,439.3219
2025-06-06,30,922.7773,965.6148,0.0
2025-06-07,1,4.5,2.5493,5.9507
2025-06-07,2,4.1907,1.8944,2.2964
2025-06-07,3,2.6992,1.4928,3.7064
2025-06-07,4,2.0153,1.1404,2.8749
2025-06-07,5,1.605,0.5762,1.0287
2025-06-07,6,1.7652,0.6426,1.1226
2025-06-07,7,0.469,0.0,0.469
2025-06-07,8,65.0368,40.1567,87.8801
2025-06-07,9,25.4569,13.0375,34.4194
2025-06-07,10,22.2153,15.3878,28.8274
2025-06-07,11,25.6317,20.2654,60.3663
2025-06-07,12,5.1419,2.0895,3.0524
2025-06-07,13,4.629,0.0,4.629
2025-06-07,14,48.5429,28.0941,63.4488
2025-06-07,15,14.7006,6.6579,8.0428
2025-06-07,16,18.6394,8.8548,9.7846
2025-06-07,17,12.6908,5.382,7.3088
2025-06-07,18,11.999,5.6379,6.361
2025-06-07,19,10.6301,4.4067,6.2234
2025-06-07,20,4.156,2.3513,8.8048
2025-06-07,21,15.9351,10.0769,21.8582
2025-06-07,22,10.4256,7.1825,14.2431
2025-06-07,23,7.7347,2.9157,4.819
2025-06-07,24,4.7025,3.6566,9.0459
2025-06-07,25,1.3642,0.5105,0.8537
2025-06-07,26,1.1153,0.5454,0.5699
2025-06-07,27,1899.2214,892.4327,1006.7887
2025-06-07,28,483.6673,273.2921,660.3752
2025-06-07,29,2432.2707,1352.9454,1079.3253
2025-06-07,30,1423.6722,1347.0006,76.6715999999999
2025-06-08,1,5.9507,1.8878,4.0629
2025-06-08,2,2.2964,2.2356,5.5608
2025-06-08,3,3.7064,1.2346,2.4717
2025-06-08,4,2.8749,1.3196,1.5553
2025-06-08,5,1.0287,0.5829,1.9459
2025-06-08,6,1.1226,0.7528,2.3698
2025-06-08,7,0.469,0.1257,0.3433
2025-06-08,8,87.8801,35.5454,52.3347
2025-06-08,9,34.4194,15.3541,19.0653
2025-06-08,10,28.8274,13.9452,14.8822
2025-06-08,11,60.3663,31.6982,28.6681
2025-06-08,12,3.0524,1.9793,7.0731
2025-06-08,13,4.629,2.274,2.355
2025-06-08,14,63.4488,30.3745,33.0743
2025-06-08,15,8.0428,6.4834,20.5594
2025-06-08,16,9.7846,9.0438,24.7408
2025-06-08,17,7.3088,7.0903,17.2185
2025-06-08,18,6.361,6.361,17.0
2025-06-08,19,6.2234,6.2234,14.0
2025-06-08,20,8.8048,5.2583,3.5465
2025-06-08,21,21.8582,5.9441,15.9141
2025-06-08,22,14.2431,5.3639,8.8792
2025-06-08,23,4.819,4.819,10.5
2025-06-08,24,9.0459,3.5404,5.5055
2025-06-08,25,0.8537,0.5105,1.8432
2025-06-08,26,0.5699,0.4429,1.627
2025-06-08,27,1006.7887,1006.7887,2600.0
2025-06-08,28,660.3752,261.0361,399.3391
2025-06-08,29,1380.5334,1299.8198,80.71360000000004
2025-06-08,30,1867.6016,1279.3539,588.2476999999999
2025-06-09,1,4.0629,2.2154,1.8475
2025-06-09,2,5.5608,1.3339,4.2269
2025-06-09,3,2.4717,1.1448,1.327
2025-06-09,4,1.5553,0.7091,0.8462
2025-06-09,5,1.9459,0.4476,1.4982
2025-06-09,6,2.3698,0.6525,1.7173
2025-06-09,7,0.3433,0.127,0.2163
2025-06-09,8,52.3347,22.2647,30.07
2025-06-09,9,19.0653,12.4089,6.6564
2025-06-09,10,14.8822,8.4384,6.4437
2025-06-09,11,28.6681,15.8917,12.7764
2025-06-09,12,7.0731,1.6958,5.3773
2025-06-09,13,2.355,1.3662,0.9889
2025-06-09,14,33.0743,17.6482,15.4261
2025-06-09,15,20.5594,5.2563,15.3031
2025-06-09,16,24.7408,5.6943,19.0465
2025-06-09,17,17.2185,4.9163,12.3023
2025-06-09,18,17.0,3.7056,13.2944
2025-06-09,19,14.0,4.2399,9.7601
2025-06-09,20,3.5465,2.2781,1.2684
2025-06-09,21,15.9141,5.966,9.9481
2025-06-09,22,8.8792,4.0474,4.8318
2025-06-09,23,10.5,3.5942,6.9058
2025-06-09,24,5.5055,2.2243,3.2812
2025-06-09,25,1.8432,0.0,1.8432
2025-06-09,26,1.627,0.3971,1.2299
2025-06-09,27,2600.0,824.0965,1775.9035
2025-06-09,28,399.3391,214.0089,185.3303
2025-06-09,29,3247.7006,1112.3709,2135.3297000000002
2025-06-09,30,1102.9546,1121.3388,0.0
2025-06-10,1,1.8475,1.6467,4.7008
2025-06-10,2,4.2269,1.6154,2.6115
2025-06-10,3,1.327,1.0754,2.7516
2025-06-10,4,0.8462,0.6975,2.1487
2025-06-10,5,1.4982,0.5434,0.9548
2025-06-10,6,1.7173,0.5604,1.1569
2025-06-10,7,0.2163,0.1162,0.6001
2025-06-10,8,30.07,22.2804,63.7897
2025-06-10,9,6.6564,6.6564,25.0
2025-06-10,10,6.4437,6.4437,22.0
2025-06-10,11,12.7764,12.7764,45.0
2025-06-10,12,5.3773,1.4769,3.9004
2025-06-10,13,0.9889,0.9889,4.5
2025-06-10,14,15.4261,15.4261,48.0
2025-06-10,15,15.3031,6.1577,9.1453
2025-06-10,16,19.0465,7.5127,11.5338
2025-06-10,17,12.3023,5.1326,7.1697
2025-06-10,18,13.2944,5.3353,7.9591
2025-06-10,19,9.7601,3.6503,6.1098
2025-06-10,20,1.2684,1.2684,6.5
2025-06-10,21,9.9481,3.9646,15.9835
2025-06-10,22,4.8318,3.3777,10.454
2025-06-10,23,6.9058,3.5047,3.4011
2025-06-10,24,3.2812,2.4354,6.8458
2025-06-10,25,1.8432,0.5977,1.2456
2025-06-10,26,1.2299,0.3535,0.8764
2025-06-10,27,1775.9035,795.9327,979.9708
2025-06-10,28,185.3303,157.4659,477.8643
2025-06-10,29,2283.6644,1029.2111,1254.4533000000001
2025-06-10,30,398.0339,1040.7305,0.0
2025-06-11,1,4.7008,1.5463,3.1545
2025-06-11,2,2.6115,1.3755,4.236
2025-06-11,3,2.7516,1.4346,1.3169
2025-06-11,4,2.1487,0.8014,1.3472
2025-06-11,5,0.9548,0.5375,1.4173
2025-06-11,6,1.1569,0.4715,0.6854
2025-06-11,7,0.6001,0.1414,0.4587
2025-06-11,8,63.7897,22.2889,41.5008
2025-06-11,9,25.0,9.8067,15.1933
2025-06-11,10,22.0,8.0004,13.9996
2025-06-11,11,45.0,15.3149,29.6851
2025-06-11,12,3.9004,1.7269,2.1735
2025-06-11,13,4.5,1.6707,2.8293
2025-06-11,14,48.0,23.4499,24.5501
2025-06-11,15,9.1453,5.1017,15.0436
2025-06-11,16,11.5338,7.3598,18.174
2025-06-11,17,7.1697,6.0406,12.1291
2025-06-11,18,7.9591,0.0,7.9591
2025-06-11,19,6.1098,4.061,10.5489
2025-06-11,20,6.5,2.1194,4.3806
2025-06-11,21,15.9835,4.0192,11.9642
2025-06-11,22,10.454,3.8391,6.6149
2025-06-11,23,3.4011,3.231,8.1701
2025-06-11,24,6.8458,3.1235,3.7224
2025-06-11,25,1.2456,0.3962,0.8494
2025-06-11,26,0.8764,0.208,0.6685
2025-06-11,27,979.9708,664.7322,1915.2386
2025-06-11,28,477.8643,182.046,295.8183
2025-06-11,29,1251.4708,976.1145,275.35630000000003
2025-06-11,30,1500.0,989.7535,510.24649999999997
2025-06-12,1,3.1545,1.8173,6.8372
2025-06-12,2,4.236,2.0972,6.1388
2025-06-12,3,1.3169,1.3169,4.0
2025-06-12,4,1.3472,1.1098,3.2375
2025-06-12,5,1.4173,1.249,2.1683
2025-06-12,6,0.6854,0.6854,2.5
2025-06-12,7,0.4587,0.1238,0.335
2025-06-12,8,41.5008,41.5008,104.0
2025-06-12,9,15.1933,14.5619,40.6313
2025-06-12,10,13.9996,13.9996,35.0
2025-06-12,11,29.6851,19.6785,72.0066
2025-06-12,12,2.1735,2.1735,8.0
2025-06-12,13,2.8293,1.6586,6.6707
2025-06-12,14,24.5501,24.5501,75.0
2025-06-12,15,15.0436,8.0803,22.9633
2025-06-12,16,18.174,13.7572,28.4167
2025-06-12,17,12.1291,8.4868,19.6423
2025-06-12,18,7.9591,6.7116,19.2475
2025-06-12,19,10.5489,8.0063,16.5426
2025-06-12,20,4.3806,0.0,4.3806
2025-06-12,21,11.9642,10.6387,25.3256
2025-06-12,22,6.6149,6.5713,17.0435
2025-06-12,23,8.1701,4.2993,12.3708
2025-06-12,24,3.7224,3.425,10.2974
2025-06-12,25,0.8494,0.8034,2.046
2025-06-12,26,0.6685,0.625,1.5435
2025-06-12,27,1915.2386,1227.2752,2937.9634
2025-06-12,28,295.8183,295.8183,750.0
2025-06-12,29,2383.7224,1714.2737,669.4487000000001
2025-06-12,30,902.9637,1738.2558,0.0
2025-06-13,1,6.8372,2.9435,3.8937
2025-06-13,2,6.1388,2.031,4.1078
2025-06-13,3,4.0,1.675,2.325
2025-06-13,4,3.2375,0.8311,2.4064
2025-06-13,5,2.1683,0.7554,1.4129
2025-06-13,6,2.5,1.4062,1.0938
2025-06-13,7,0.335,0.253,0.0819
2025-06-13,8,104.0,38.544,65.456
2025-06-13,9,40.6313,18.6323,21.999
2025-06-13,10,35.0,12.5456,22.4544
2025-06-13,11,72.0066,0.0,72.0066
2025-06-13,12,8.0,4.0678,3.9322
2025-06-13,13,6.6707,2.4439,4.2268
2025-06-13,14,75.0,33.3754,41.6246
2025-06-13,15,22.9633,10.5047,12.4586
2025-06-13,16,28.4167,13.1817,15.235
2025-06-13,17,19.6423,7.8503,11.792
2025-06-13,18,19.2475,6.7059,12.5415
2025-06-13,19,16.5426,6.7095,9.833
2025-06-13,20,4.3806,2.9889,1.3916
2025-06-13,21,25.3256,7.4869,17.8386
2025-06-13,22,17.0435,4.3111,12.7324
2025-06-13,23,12.3708,3.8365,8.5343
2025-06-13,24,10.2974,5.8482,4.4492
2025-06-13,25,2.046,0.571,1.475
2025-06-13,26,1.5435,0.4319,1.1116
2025-06-13,27,2937.9634,1291.0872,1646.8762
2025-06-13,28,750.0,260.2418,489.7582
2025-06-13,29,3743.7222,1743.3976,2000.3246000000001
2025-06-13,30,2254.7322,1717.9678,536.7644
2025-06-14,1,3.8937,2.1912,6.2025
2025-06-14,2,4.1078,2.2267,5.3811
2025-06-14,3,2.325,1.3246,3.5004
2025-06-14,4,2.4064,0.721,1.6854
2025-06-14,5,1.4129,1.0004,1.9125
2025-06-14,6,1.0938,0.7512,2.3426
2025-06-14,7,0.0819,0.0819,0.5
2025-06-14,8,65.456,43.299,89.157
2025-06-14,9,21.999,11.2289,34.7701
2025-06-14,10,22.4544,10.54,11.9144
2025-06-14,11,72.0066,32.5064,39.5002
2025-06-14,12,3.9322,2.5798,6.8524
2025-06-14,13,4.2268,2.3016,5.9252
2025-06-14,14,41.6246,24.6625,63.9621
2025-06-14,15,12.4586,8.1681,19.2904
2025-06-14,16,15.235,11.9868,24.2482
2025-06-14,17,11.792,5.7542,16.0378
2025-06-14,18,12.5415,7.0999,16.4416
2025-06-14,19,9.833,5.7568,14.0762
2025-06-14,20,1.3916,1.3916,9.0
2025-06-14,21,17.8386,8.0763,9.7624
2025-06-14,22,12.7324,5.8031,6.9294
2025-06-14,23,8.5343,4.1286,4.4057
2025-06-14,24,4.4492,2.7353,8.7138
2025-06-14,25,1.475,0.4429,1.0321
2025-06-14,26,1.1116,0.5099,0.6018
2025-06-14,27,1646.8762,916.1654,2530.7108
2025-06-14,28,489.7582,222.5712,267.1871
2025-06-14,29,3743.7222,1359.6571,2384.0651000000003
2025-06-14,30,1284.1956,1358.1806,0.0
2025-06-15,1,6.2025,2.9747,3.2277
2025-06-15,2,5.3811,1.5482,3.8329
2025-06-15,3,3.5004,1.3529,2.1474
2025-06-15,4,1.6854,1.0646,2.6208
2025-06-15,5,1.9125,0.4803,1.4321
2025-06-15,6,2.3426,0.7678,1.5748
2025-06-15,7,0.5,0.1164,0.3836
2025-06-15,8,89.157,28.4674,60.6896
2025-06-15,9,34.7701,13.4399,21.3302
2025-06-15,10,11.9144,11.9144,29.0
2025-06-15,11,39.5002,22.0946,58.4056
2025-06-15,12,6.8524,2.3844,4.468
2025-06-15,13,5.9252,1.502,4.4232
2025-06-15,14,63.9621,22.1927,41.7693
2025-06-15,15,19.2904,7.0321,12.2584
2025-06-15,16,24.2482,10.8665,13.3817
2025-06-15,17,16.0378,7.0802,8.9576
2025-06-15,18,16.4416,5.7008,10.7408
2025-06-15,19,14.0762,6.1243,7.9519
2025-06-15,20,9.0,3.1607,5.8393
2025-06-15,21,9.7624,5.9415,20.8209
2025-06-15,22,6.9294,4.8796,13.5498
2025-06-15,23,4.4057,3.7917,10.114
2025-06-15,24,8.7138,2.8388,5.8751
2025-06-15,25,1.0321,0.7963,1.7358
2025-06-15,26,0.6018,0.5077,1.594
2025-06-15,27,2530.7108,967.0679,1563.6429
2025-06-15,28,267.1871,241.3536,625.8334
2025-06-15,29,2666.6934,1319.7991,1346.8943000000002
2025-06-15,30,1946.6687,1294.3143,652.3543999999999
2025-06-16,1,3.2277,1.6396,4.5881
2025-06-16,2,3.8329,1.6068,2.2261
2025-06-16,3,2.1474,0.9335,1.2139
2025-06-16,4,2.6208,1.1403,1.4805
2025-06-16,5,1.4321,0.6078,0.8243
2025-06-16,6,1.5748,0.5833,0.9915
2025-06-16,7,0.3836,0.088,0.2956
2025-06-16,8,60.6896,32.1675,28.5222
2025-06-16,9,21.3302,8.8931,12.437
2025-06-16,10,29.0,6.4615,22.5385
2025-06-16,11,58.4056,22.4239,35.9818
2025-06-16,12,4.468,2.072,2.3959
2025-06-16,13,4.4232,1.2155,3.2077
2025-06-16,14,41.7693,18.8677,22.9016
2025-06-16,15,12.2584,6.38,5.8784
2025-06-16,16,13.3817,7.4775,18.9042
2025-06-16,17,8.9576,5.1211,12.8365
2025-06-16,18,10.7408,5.2694,5.4714
2025-06-16,19,7.9519,3.9814,10.9705
2025-06-16,20,5.8393,2.0666,3.7726
2025-06-16,21,20.8209,5.2631,15.5578
2025-06-16,22,13.5498,4.6829,8.8668
2025-06-16,23,10.114,2.8383,7.2757
2025-06-16,24,5.8751,3.1697,2.7054
2025-06-16,25,1.7358,0.7671,0.9687
2025-06-16,26,1.594,0.4616,1.1325
2025-06-16,27,1563.6429,670.0607,893.5822
2025-06-16,28,625.8334,183.5145,442.3189
2025-06-16,29,1277.3693,904.7736,372.5957000000001
2025-06-16,30,914.9451,887.3127,27.632400000000075
2025-06-17,1,4.5881,1.5003,3.0878
2025-06-17,2,2.2261,1.8077,3.9184
2025-06-17,3,1.2139,0.8511,2.8628
2025-06-17,4,1.4805,0.8445,2.136
2025-06-17,5,0.8243,0.5084,1.3159
2025-06-17,6,0.9915,0.5579,1.9336
2025-06-17,7,0.2956,0.0739,0.2217
2025-06-17,8,28.5222,26.3574,65.1647
2025-06-17,9,12.437,12.0851,26.352
2025-06-17,10,22.5385,9.7545,12.784
2025-06-17,11,35.9818,10.1887,25.7931
2025-06-17,12,2.3959,2.0464,5.3495
2025-06-17,13,3.2077,2.0783,4.6294
2025-06-17,14,22.9016,20.4515,48.4501
2025-06-17,15,5.8784,5.5198,15.3585
2025-06-17,16,18.9042,8.3747,10.5295
2025-06-17,17,12.8365,5.5044,7.3321
2025-06-17,18,5.4714,5.1102,12.3612
2025-06-17,19,10.9705,2.8101,8.1604
2025-06-17,20,3.7726,2.7654,6.5072
2025-06-17,21,15.5578,2.1574,13.4004
2025-06-17,22,8.8668,6.2223,10.6445
2025-06-17,23,7.2757,4.0446,3.2311
2025-06-17,24,2.7054,2.7054,7.0
2025-06-17,25,0.9687,0.4976,1.471
2025-06-17,26,1.1325,0.3369,0.7956
2025-06-17,27,893.5822,863.8275,1929.7547
2025-06-17,28,442.3189,204.7586,237.5603
2025-06-17,29,1277.3693,1178.8303,98.53899999999999
2025-06-17,30,1495.8128,1173.3708,322.442
2025-06-18,1,3.0878,2.0483,4.5395
2025-06-18,2,3.9184,1.8161,2.1023
2025-06-18,3,2.8628,1.0275,1.8353
2025-06-18,4,2.136,0.9451,1.1909
2025-06-18,5,1.3159,0.6899,0.626
2025-06-18,6,1.9336,0.6267,1.3069
2025-06-18,7,0.2217,0.1515,0.5702
2025-06-18,8,65.1647,28.3794,36.7853
2025-06-18,9,26.352,8.4629,17.8891
2025-06-18,10,12.784,8.9824,22.8016
2025-06-18,11,25.7931,0.0,25.7931
2025-06-18,12,5.3495,2.1567,3.1929
2025-06-18,13,4.6294,1.5558,3.0736
2025-06-18,14,48.4501,19.9416,28.5084
2025-06-18,15,15.3585,5.0535,10.305
2025-06-18,16,10.5295,6.0282,18.5013
2025-06-18,17,7.3321,4.3079,13.0242
2025-06-18,18,12.3612,3.9931,8.3681
2025-06-18,19,8.1604,3.9518,4.2086
2025-06-18,20,6.5072,2.726,3.7813
2025-06-18,21,13.4004,6.6051,6.7953
2025-06-18,22,10.6445,4.7747,5.8698
2025-06-18,23,3.2311,2.254,7.9771
2025-06-18,24,7.0,1.8602,5.1398
2025-06-18,25,1.471,0.4305,1.0406
2025-06-18,26,0.7956,0.2818,0.5138
2025-06-18,27,1929.7547,669.3911,1260.3636
2025-06-18,28,237.5603,205.8636,481.6967
2025-06-18,29,2422.9227,992.8199,1430.1028000000001
2025-06-18,30,937.1345,987.283,0.0
2025-06-19,1,4.5395,1.9362,2.6033
2025-06-19,2,2.1023,1.4487,4.1536
2025-06-19,3,1.8353,0.0,1.8353
2025-06-19,4,1.1909,0.7426,1.9483
2025-06-19,5,0.626,0.4798,1.6463
2025-06-19,6,1.3069,0.71,1.597
2025-06-19,7,0.5702,0.2123,0.358
2025-06-19,8,36.7853,27.7675,68.0178
2025-06-19,9,17.8891,7.4617,26.4274
2025-06-19,10,22.8016,10.8792,11.9223
2025-06-19,11,25.7931,21.3243,46.4687
2025-06-19,12,3.1929,2.6557,5.0372
2025-06-19,13,3.0736,1.795,4.7785
2025-06-19,14,28.5084,21.594,48.9144
2025-06-19,15,10.305,5.9433,15.3617
2025-06-19,16,18.5013,5.8422,12.6591
2025-06-19,17,13.0242,4.9832,8.0409
2025-06-19,18,8.3681,5.0418,12.3263
2025-06-19,19,4.2086,3.9262,10.7824
2025-06-19,20,3.7813,1.9363,6.845
2025-06-19,21,6.7953,6.7953,17.0
2025-06-19,22,5.8698,2.3557,11.0141
2025-06-19,23,7.9771,2.819,5.1581
2025-06-19,24,5.1398,2.2982,2.8416
2025-06-19,25,1.0406,0.4924,0.5482
2025-06-19,26,0.5138,0.3066,1.2072
2025-06-19,27,1260.3636,744.7403,1965.6233
2025-06-19,28,481.6967,222.9832,258.7135
2025-06-19,29,1426.7273,1132.8128,293.9145000000001
2025-06-19,30,1465.1073,1128.8973,336.2099999999998
2025-06-20,1,2.6033,1.7583,4.845
2025-06-20,2,4.1536,1.2913,2.8623
2025-06-20,3,1.8353,0.9774,2.8579
2025-06-20,4,1.9483,0.7,1.2483
2025-06-20,5,1.6463,0.396,1.2503
2025-06-20,6,1.597,0.7795,0.8175
2025-06-20,7,0.358,0.1383,0.2197
2025-06-20,8,68.0178,27.849,40.1689
2025-06-20,9,26.4274,9.2204,17.2071
2025-06-20,10,11.9223,6.845,22.0773
2025-06-20,11,46.4687,14.8511,31.6176
2025-06-20,12,5.0372,2.0599,2.9773
2025-06-20,13,4.7785,1.5602,3.2183
2025-06-20,14,48.9144,19.1464,29.768
2025-06-20,15,15.3617,5.1359,10.2259
2025-06-20,16,12.6591,9.736,18.9231
2025-06-20,17,8.0409,0.0,8.0409
2025-06-20,18,12.3263,5.0962,7.2301
2025-06-20,19,10.7824,4.6934,6.089
2025-06-20,20,6.845,2.1541,4.6908
2025-06-20,21,17.0,8.7515,8.2485
2025-06-20,22,11.0141,3.2186,7.7955
2025-06-20,23,5.1581,3.9808,8.1773
2025-06-20,24,2.8416,2.8416,7.0
2025-06-20,25,0.5482,0.2446,1.3036
2025-06-20,26,1.2072,0.3332,0.8739
2025-06-20,27,1965.6233,833.8813,1131.742
2025-06-20,28,258.7135,204.4344,504.2791
2025-06-20,29,2475.6914,1170.1068,1305.5846000000001
2025-06-20,30,944.7762,1166.2408,0.0
2025-06-21,1,4.845,2.3563,2.4887
2025-06-21,2,2.8623,2.1996,5.1627
2025-06-21,3,2.8579,1.2725,1.5854
2025-06-21,4,1.2483,0.6515,2.5968
2025-06-21,5,1.2503,0.5885,0.6617
2025-06-21,6,0.8175,0.6092,2.2083
2025-06-21,7,0.2197,0.1363,0.5834
2025-06-21,8,40.1689,0.0,40.1689
2025-06-21,9,17.2071,11.2318,33.9753
2025-06-21,10,22.0773,11.2173,28.86
2025-06-21,11,31.6176,22.3963,60.2214
2025-06-21,12,2.9773,2.1498,6.8274
2025-06-21,13,3.2183,1.4396,5.7787
2025-06-21,14,29.768,28.1961,63.5718
2025-06-21,15,10.2259,8.1163,19.1096
2025-06-21,16,18.9231,9.3423,9.5808
2025-06-21,17,8.0409,6.4467,16.5942
2025-06-21,18,7.2301,6.1238,16.1063
2025-06-21,19,6.089,5.2889,13.8001
2025-06-21,20,4.6908,3.2213,8.4696
2025-06-21,21,8.2485,7.6783,21.5702
2025-06-21,22,7.7955,5.0251,14.2704
2025-06-21,23,8.1773,3.615,4.5623
2025-06-21,24,7.0,4.4103,8.5897
2025-06-21,25,1.3036,0.4585,0.8451
2025-06-21,26,0.8739,0.5516,1.3223
2025-06-21,27,1131.742,978.6016,2503.1404
2025-06-21,28,504.2791,269.2358,635.0433
2025-06-21,29,1476.6738,1416.3794,60.294399999999996
2025-06-21,30,1465.177,1422.0325,43.14449999999988
2025-06-22,1,2.4887,2.2936,6.1951
2025-06-22,2,5.1627,1.7431,3.4196
2025-06-22,3,1.5854,1.4266,3.6589
2025-06-22,4,2.5968,0.8697,1.7271
2025-06-22,5,0.6617,0.6134,2.0483
2025-06-22,6,2.2083,0.6832,1.5251
2025-06-22,7,0.5834,0.1829,0.4005
2025-06-22,8,40.1689,40.1689,90.0
2025-06-22,9,33.9753,18.4924,15.4828
2025-06-22,10,28.86,12.3857,16.4743
2025-06-22,11,60.2214,22.9365,37.2849
2025-06-22,12,6.8274,2.9287,3.8987
2025-06-22,13,5.7787,2.0731,3.7056
2025-06-22,14,63.5718,26.9759,36.5959
2025-06-22,15,19.1096,8.5173,10.5922
2025-06-22,16,9.5808,7.2151,24.3657
2025-06-22,17,16.5942,6.688,9.9062
2025-06-22,18,16.1063,6.6026,9.5037
2025-06-22,19,13.8001,5.2695,8.5307
2025-06-22,20,8.4696,4.5068,3.9627
2025-06-22,21,21.5702,7.5101,14.0601
2025-06-22,22,14.2704,3.5514,10.719
2025-06-22,23,4.5623,4.1803,10.882
2025-06-22,24,8.5897,3.3267,5.263
2025-06-22,25,0.8451,0.7049,1.6403
2025-06-22,26,1.3223,0.4253,0.897
2025-06-22,27,2503.1404,1020.9946,1482.1457
2025-06-22,28,635.0433,242.8917,392.1515
2025-06-22,29,3149.179,1519.8788,1629.3002000000001
2025-06-22,30,782.8437,1514.4956,0.0
2025-06-23,1,6.1951,2.1116,4.0835
2025-06-23,2,3.4196,1.4742,1.9455
2025-06-23,3,3.6589,0.9469,2.712
2025-06-23,4,1.7271,0.7519,0.9752
2025-06-23,5,2.0483,0.5018,1.5466
2025-06-23,6,1.5251,0.4258,1.0993
2025-06-23,7,0.4005,0.1014,0.2991
2025-06-23,8,90.0,22.56,67.44
2025-06-23,9,15.4828,10.6837,25.7991
2025-06-23,10,16.4743,9.5285,22.9459
2025-06-23,11,37.2849,18.7411,18.5438
2025-06-23,12,3.8987,2.166,5.2327
2025-06-23,13,3.7056,1.6097,2.0959
2025-06-23,14,36.5959,18.9297,48.6662
2025-06-23,15,10.5922,6.7177,14.8745
2025-06-23,16,24.3657,9.0769,15.2888
2025-06-23,17,9.9062,5.0151,4.8911
2025-06-23,18,9.5037,4.9155,12.5883
2025-06-23,19,8.5307,4.0941,4.4365
2025-06-23,20,3.9627,2.5902,6.8725
2025-06-23,21,14.0601,8.5622,16.4979
2025-06-23,22,10.719,5.2575,5.4615
2025-06-23,23,10.882,2.8073,8.0747
2025-06-23,24,5.263,1.8748,3.3882
2025-06-23,25,1.6403,0.3802,1.2601
2025-06-23,26,0.897,0.4655,0.4315
2025-06-23,27,1482.1457,801.1151,1931.0307
2025-06-23,28,392.1515,0.0,392.1515
2025-06-23,29,1839.523,899.8837,939.6392999999999
2025-06-23,30,1900.0,915.6218,984.3782
2025-06-24,1,4.0835,2.0847,1.9988
2025-06-24,2,1.9455,1.0145,0.931
2025-06-24,3,2.712,1.2079,1.5041
2025-06-24,4,0.9752,0.6093,0.3659
2025-06-24,5,1.5466,0.0,1.5466
2025-06-24,6,1.0993,0.9369,0.1624
2025-06-24,7,0.2991,0.0,0.2991
2025-06-24,8,67.44,20.5126,46.9274
2025-06-24,9,25.7991,12.6701,13.129
2025-06-24,10,22.9459,11.7101,11.2358
2025-06-24,11,18.5438,13.8995,4.6442
2025-06-24,12,5.2327,2.3289,2.9038
2025-06-24,13,2.0959,1.9271,0.1688
2025-06-24,14,48.6662,19.7522,28.914
2025-06-24,15,14.8745,5.4119,9.4626
2025-06-24,16,15.2888,7.9058,7.3829
2025-06-24,17,4.8911,4.8911,0.0
2025-06-24,18,12.5883,3.9499,8.6384
2025-06-24,19,4.4365,2.7857,1.6508
2025-06-24,20,6.8725,0.0,6.8725
2025-06-24,21,16.4979,8.9081,7.5899
2025-06-24,22,5.4615,5.4615,0.0
2025-06-24,23,8.0747,3.4573,4.6174
2025-06-24,24,3.3882,2.0372,1.351
2025-06-24,25,1.2601,0.3724,0.8877
2025-06-24,26,0.4315,0.29,0.1414
2025-06-24,27,1931.0307,780.0237,1151.007
2025-06-24,28,392.1515,210.5927,181.5588
2025-06-24,29,971.9397,1195.2651,0.0
2025-06-24,30,1338.1892,1182.7597,155.42949999999996
2025-06-25,1,1.9988,1.7535,4.7452
2025-06-25,2,0.931,0.931,4.0
2025-06-25,3,1.5041,0.8612,2.6429
2025-06-25,4,0.3659,0.3659,2.0
2025-06-25,5,1.5466,0.4232,1.1234
2025-06-25,6,0.1624,0.1624,2.0
2025-06-25,7,0.2991,0.0752,0.2239
2025-06-25,8,46.9274,24.2533,65.6741
2025-06-25,9,13.129,11.2524,25.8767
2025-06-25,10,11.2358,7.7467,22.489
2025-06-25,11,4.6442,4.6442,45.0
2025-06-25,12,2.9038,2.146,5.2578
2025-06-25,13,0.1688,0.1688,4.5
2025-06-25,14,28.914,22.348,48.5661
2025-06-25,15,9.4626,0.0,9.4626
2025-06-25,16,7.3829,7.3829,19.0
2025-06-25,17,0.0,0.0,13.0
2025-06-25,18,8.6384,5.2156,12.4229
2025-06-25,19,1.6508,1.6508,10.5
2025-06-25,20,6.8725,2.0263,4.8462
2025-06-25,21,7.5899,5.7423,15.8476
2025-06-25,22,0.0,0.0,10.5
2025-06-25,23,4.6174,3.5767,8.0407
2025-06-25,24,1.351,1.351,7.0
2025-06-25,25,0.8877,0.2527,0.635
2025-06-25,26,0.1414,0.1414,1.0
2025-06-25,27,1151.007,0.0,1151.007
2025-06-25,28,181.5588,181.5588,500.0
2025-06-25,29,75.4703,181.9443,0.0
2025-06-25,30,713.2984,181.3823,531.9161
2025-06-26,1,4.7452,0.0,4.7452
2025-06-26,2,4.0,1.7867,2.2133
2025-06-26,3,2.6429,1.1795,1.4635
2025-06-26,4,2.0,0.8446,1.1554
2025-06-26,5,1.1234,0.594,0.5294
2025-06-26,6,2.0,0.4911,1.5089
2025-06-26,7,0.2239,0.1276,0.5963
2025-06-26,8,65.6741,30.394,35.2801
2025-06-26,9,25.8767,9.8423,16.0344
2025-06-26,10,22.489,6.9658,15.5232
2025-06-26,11,45.0,14.5305,30.4695
2025-06-26,12,5.2578,1.8564,3.4014
2025-06-26,13,4.5,1.64,2.86
2025-06-26,14,48.5661,14.5296,34.0365
2025-06-26,15,9.4626,7.993,15.4697
2025-06-26,16,19.0,6.6836,12.3164
2025-06-26,17,13.0,3.6201,9.3799
2025-06-26,18,12.4229,5.0991,7.3238
2025-06-26,19,10.5,4.4533,6.0467
2025-06-26,20,4.8462,2.6289,6.7172
2025-06-26,21,15.8476,6.2075,9.6401
2025-06-26,22,10.5,3.7152,6.7848
2025-06-26,23,8.0407,2.826,5.2147
2025-06-26,24,7.0,1.5218,5.4782
2025-06-26,25,0.635,0.6158,1.5192
2025-06-26,26,1.0,0.3604,0.6396
2025-06-26,27,1151.007,901.6008,1949.4062
2025-06-26,28,500.0,198.5401,301.4599
2025-06-26,29,2400.0,1127.9373,1272.0627
2025-06-26,30,1472.5883,1126.4626,346.1256999999998
2025-06-27,1,4.7452,1.4758,3.2695
2025-06-27,2,2.2133,1.4111,4.3021
2025-06-27,3,1.4635,1.1334,2.83
2025-06-27,4,1.1554,0.7797,2.3758
2025-06-27,5,0.5294,0.5294,1.5
2025-06-27,6,1.5089,0.8697,1.6391
2025-06-27,7,0.5963,0.1128,0.4834
2025-06-27,8,35.2801,24.7297,70.5504
2025-06-27,9,16.0344,9.1395,27.8949
2025-06-27,10,15.5232,11.8238,22.6994
2025-06-27,11,30.4695,16.6397,48.8298
2025-06-27,12,3.4014,2.3333,5.5681
2025-06-27,13,2.86,2.1532,4.7068
2025-06-27,14,34.0365,17.8251,49.2113
2025-06-27,15,15.4697,4.9341,10.5356
2025-06-27,16,12.3164,8.7521,18.5643
2025-06-27,17,9.3799,4.6112,12.7687
2025-06-27,18,7.3238,4.4187,12.9051
2025-06-27,19,6.0467,5.1222,11.4245
2025-06-27,20,6.7172,3.0037,3.7135
2025-06-27,21,9.6401,9.6401,17.0
2025-06-27,22,6.7848,3.9835,11.3014
2025-06-27,23,5.2147,5.2147,8.5
2025-06-27,24,5.4782,2.7397,7.7385
2025-06-27,25,1.5192,0.5253,0.9939
2025-06-27,26,0.6396,0.3544,1.2851
2025-06-27,27,1949.4062,675.5319,1273.8743
2025-06-27,28,301.4599,188.5456,512.9143
2025-06-27,29,1311.184,1060.5494,250.63459999999986
2025-06-27,30,1025.0299,1063.1517,0.0
2025-06-28,1,3.2695,3.044,5.7255
2025-06-28,2,4.3021,2.3154,1.9867
2025-06-28,3,2.83,1.0332,1.7968
2025-06-28,4,2.3758,0.8091,1.5667
2025-06-28,5,1.5,0.4272,1.0728
2025-06-28,6,1.6391,0.8985,2.2406
2025-06-28,7,0.4834,0.1385,0.3449
2025-06-28,8,70.5504,35.0961,35.4543
2025-06-28,9,27.8949,13.8264,14.0685
2025-06-28,10,22.6994,11.0231,11.6764
2025-06-28,11,48.8298,18.9838,29.846
2025-06-28,12,5.5681,2.1659,3.4023
2025-06-28,13,4.7068,2.1938,2.513
2025-06-28,14,49.2113,22.8061,26.4052
2025-06-28,15,10.5356,8.1481,19.3876
2025-06-28,16,18.5643,10.7993,23.7651
2025-06-28,17,12.7687,7.3167,16.452
2025-06-28,18,12.9051,6.5189,6.3862
2025-06-28,19,11.4245,8.5984,13.3261
2025-06-28,20,3.7135,3.7135,8.5
2025-06-28,21,17.0,6.758,10.242
2025-06-28,22,11.3014,5.1599,6.1415
2025-06-28,23,8.5,3.1283,5.3717
2025-06-28,24,7.7385,3.1035,4.6349
2025-06-28,25,0.9939,0.3372,0.6567
2025-06-28,26,1.2851,0.3075,0.9777
2025-06-28,27,1273.8743,1151.5491,2522.3252
2025-06-28,28,512.9143,236.7061,276.2082
2025-06-28,29,2408.6879,1420.9225,987.7654
2025-06-28,30,1471.3662,1423.0646,48.30160000000001
2025-06-29,1,5.7255,2.074,3.6515
2025-06-29,2,1.9867,1.9867,5.0
2025-06-29,3,1.7968,1.0587,3.7381
2025-06-29,4,1.5667,0.9709,2.5958
2025-06-29,5,1.0728,0.5325,2.0403
2025-06-29,6,2.2406,0.8776,1.363
2025-06-29,7,0.3449,0.1726,0.1723
2025-06-29,8,35.4543,32.914,85.5404
2025-06-29,9,14.0685,13.6024,33.4662
2025-06-29,10,11.6764,10.5923,29.0841
2025-06-29,11,29.846,22.0785,59.7676
2025-06-29,12,3.4023,3.4023,6.5
2025-06-29,13,2.513,2.4226,5.5904
2025-06-29,14,26.4052,25.7178,63.6875
2025-06-29,15,19.3876,6.9848,12.4028
2025-06-29,16,23.7651,11.5062,12.2589
2025-06-29,17,16.452,6.2937,10.1583
2025-06-29,18,6.3862,6.3862,16.0
2025-06-29,19,13.3261,3.4728,9.8533
2025-06-29,20,8.5,3.0973,5.4027
2025-06-29,21,10.242,10.242,21.0
2025-06-29,22,6.1415,4.6256,14.0159
2025-06-29,23,5.3717,2.0715,10.3002
2025-06-29,24,4.6349,2.9916,8.6433
2025-06-29,25,0.6567,0.6567,2.0
2025-06-29,26,0.9777,0.4375,0.5402
2025-06-29,27,2522.3252,1082.2467,1440.0785
2025-06-29,28,276.2082,276.2082,650.0
2025-06-29,29,3114.8725,1483.1333,1631.7392
2025-06-29,30,780.8612,1479.0463,0.0
2025-06-30,1,3.6515,1.6095,2.042
2025-06-30,2,5.0,1.4808,3.5192
2025-06-30,3,3.7381,0.9173,2.8208
2025-06-30,4,2.5958,0.7153,1.8805
2025-06-30,5,2.0403,0.5014,1.5389
2025-06-30,6,1.363,0.6172,0.7458
2025-06-30,7,0.1723,0.125,0.5473
2025-06-30,8,85.5404,26.7224,58.818
2025-06-30,9,33.4662,12.4913,20.9749
2025-06-30,10,29.0841,8.1491,20.935
2025-06-30,11,59.7676,18.746,41.0216
2025-06-30,12,6.5,1.6225,4.8775
2025-06-30,13,5.5904,1.4581,4.1322
2025-06-30,14,63.6875,17.963,45.7245
2025-06-30,15,12.4028,5.1104,7.2924
2025-06-30,16,12.2589,7.625,18.6339
2025-06-30,17,10.1583,4.0964,6.0619
2025-06-30,18,16.0,4.9238,11.0762
2025-06-30,19,9.8533,4.8364,5.0169
2025-06-30,20,5.4027,2.0056,3.3972
2025-06-30,21,21.0,4.7993,16.2007
2025-06-30,22,14.0159,4.562,9.4538
2025-06-30,23,10.3002,3.1436,7.1566
2025-06-30,24,8.6433,3.1944,5.4489
2025-06-30,25,2.0,0.3483,1.6517
2025-06-30,26,0.5402,0.3218,1.2184
2025-06-30,27,1440.0785,600.8985,839.1799
2025-06-30,28,650.0,194.142,455.858
2025-06-30,29,1695.0376,932.4784,762.5592000000001
2025-06-30,30,1916.2309,931.8924,984.3385000000001
2025-07-01,1,2.042,1.8567,4.6853
2025-07-01,2,3.5192,1.5566,1.9626
2025-07-01,3,2.8208,1.1269,1.6938
2025-07-01,4,1.8805,0.8215,1.0591
2025-07-01,5,1.5389,0.5437,0.9952
2025-07-01,6,0.7458,0.7258,2.02
2025-07-01,7,0.5473,0.1025,0.4448
2025-07-01,8,58.818,21.6897,37.1282
2025-07-01,9,20.9749,11.4938,26.4811
2025-07-01,10,20.935,10.0216,10.9134
2025-07-01,11,41.0216,16.0151,25.0065
2025-07-01,12,4.8775,1.991,2.8865
2025-07-01,13,4.1322,2.2085,1.9237
2025-07-01,14,45.7245,18.9834,26.7411
2025-07-01,15,7.2924,4.9358,15.3566
2025-07-01,16,18.6339,6.1454,12.4884
2025-07-01,17,6.0619,4.8463,12.2156
2025-07-01,18,11.0762,5.2375,5.8387
2025-07-01,19,5.0169,4.8149,10.702
2025-07-01,20,3.3972,2.7265,6.6707
2025-07-01,21,16.2007,3.9564,12.2443
2025-07-01,22,9.4538,2.6921,6.7617
2025-07-01,23,7.1566,3.4563,3.7003
2025-07-01,24,5.4489,2.382,3.0668
2025-07-01,25,1.6517,0.2702,1.3816
2025-07-01,26,1.2184,0.3527,0.8656
2025-07-01,27,839.1799,722.3799,1916.8
2025-07-01,28,455.858,197.736,258.122
2025-07-01,29,2419.6687,1057.5233,1362.1454
2025-07-01,30,1391.5662,1057.7115,333.8547000000001
2025-07-02,1,4.6853,1.6232,3.0621
2025-07-02,2,1.9626,0.0,1.9626
2025-07-02,3,1.6938,0.8617,2.8322
2025-07-02,4,1.0591,0.8931,2.1659
2025-07-02,5,0.9952,0.5973,1.398
2025-07-02,6,2.02,0.6219,1.3981
2025-07-02,7,0.4448,0.1234,0.3214
2025-07-02,8,37.1282,30.1049,68.0233
2025-07-02,9,26.4811,8.5792,17.9019
2025-07-02,10,10.9134,8.7633,22.1501
2025-07-02,11,25.0065,17.668,47.3385
2025-07-02,12,2.8865,2.037,5.3494
2025-07-02,13,1.9237,1.8634,4.5604
2025-07-02,14,26.7411,20.5423,49.1988
2025-07-02,15,15.3566,5.1842,10.1724
2025-07-02,16,12.4884,7.5876,18.9009
2025-07-02,17,12.2156,4.6685,7.5471
2025-07-02,18,5.8387,4.7805,13.0582
2025-07-02,19,10.702,4.0569,6.6451
2025-07-02,20,6.6707,2.8103,3.8603
2025-07-02,21,12.2443,4.3168,7.9274
2025-07-02,22,6.7617,4.6138,11.1479
2025-07-02,23,3.7003,3.7003,8.0
2025-07-02,24,3.0668,3.0668,7.0
2025-07-02,25,1.3816,0.4338,0.9477
2025-07-02,26,0.8656,0.1732,0.6924
2025-07-02,27,1916.8,687.9554,1228.8446
2025-07-02,28,258.122,160.6213,497.5007
2025-07-02,29,1615.1504,994.6908,620.4596
2025-07-02,30,851.3556,997.3595,0.0
2025-07-03,1,3.0621,1.4583,4.6038
2025-07-03,2,1.9626,1.0325,3.9301
2025-07-03,3,2.8322,0.9482,1.884
2025-07-03,4,2.1659,1.1127,1.0532
2025-07-03,5,1.398,0.5023,0.8957
2025-07-03,6,1.3981,0.6004,0.7976
2025-07-03,7,0.3214,0.092,0.2294
2025-07-03,8,68.0233,28.3395,39.6838
2025-07-03,9,17.9019,0.0,17.9019
2025-07-03,10,22.1501,8.0584,14.0917
2025-07-03,11,47.3385,17.5032,29.8352
2025-07-03,12,5.3494,2.3271,3.0223
2025-07-03,13,4.5604,1.9076,2.6528
2025-07-03,14,49.1988,14.6413,34.5575
2025-07-03,15,10.1724,5.5164,14.656
2025-07-03,16,18.9009,7.1511,11.7498
2025-07-03,17,7.5471,5.8557,12.6915
2025-07-03,18,13.0582,4.3372,8.721
2025-07-03,19,6.6451,3.4337,10.7114
2025-07-03,20,3.8603,2.2194,6.641
2025-07-03,21,7.9274,4.0366,15.8908
2025-07-03,22,11.1479,5.397,5.7509
2025-07-03,23,8.0,2.1469,5.8531
2025-07-03,24,7.0,2.2951,4.7049
2025-07-03,25,0.9477,0.3474,0.6003
2025-07-03,26,0.6924,0.371,1.3214
2025-07-03,27,1228.8446,664.4006,1914.444
2025-07-03,28,497.5007,194.0083,303.4924
2025-07-03,29,2393.7849,971.8017,1421.9832000000001
2025-07-03,30,1479.896,962.1545,517.7415
2025-07-04,1,4.6038,1.893,2.7108
2025-07-04,2,3.9301,1.7931,2.1369
2025-07-04,3,1.884,1.0973,0.7866
2025-07-04,4,1.0532,0.6252,0.428
2025-07-04,5,0.8957,0.4663,0.4294
2025-07-04,6,0.7976,0.4043,0.3933
2025-07-04,7,0.2294,0.1006,0.1288
2025-07-04,8,39.6838,27.7408,11.943
2025-07-04,9,17.9019,11.1323,6.7696
2025-07-04,10,14.0917,7.9204,6.1713
2025-07-04,11,29.8352,29.8352,0.0
2025-07-04,12,3.0223,1.6209,1.4014
2025-07-04,13,2.6528,1.6976,0.9551
2025-07-04,14,34.5575,20.3745,14.1831
2025-07-04,15,14.656,4.9995,9.6565
2025-07-04,16,11.7498,6.5804,5.1694
2025-07-04,17,12.6915,4.2269,8.4646
2025-07-04,18,8.721,5.0543,3.6667
2025-07-04,19,10.7114,2.8629,7.8485
2025-07-04,20,6.641,3.2134,3.4276
2025-07-04,21,15.8908,4.778,11.1127
2025-07-04,22,5.7509,5.7509,0.0
2025-07-04,23,5.8531,2.6318,3.2213
2025-07-04,24,4.7049,4.5135,0.1914
2025-07-04,25,0.6003,0.5433,0.057
2025-07-04,26,1.3214,0.3468,0.9746
2025-07-04,27,1914.444,715.4614,1198.9826
2025-07-04,28,303.4924,205.3094,98.1831
2025-07-04,29,1428.3311,1065.6173,362.7138000000002
2025-07-04,30,966.5197,1074.7928,0.0
2025-07-05,1,2.7108,2.7108,6.0
2025-07-05,2,2.1369,1.9172,5.2197
2025-07-05,3,0.7866,0.7866,3.5
2025-07-05,4,0.428,0.428,2.5
2025-07-05,5,0.4294,0.4294,2.0
2025-07-05,6,0.3933,0.0,2.3933
2025-07-05,7,0.1288,0.1288,0.5
2025-07-05,8,11.943,11.943,86.0
2025-07-05,9,6.7696,6.7696,34.0
2025-07-05,10,6.1713,6.1713,29.0
2025-07-05,11,0.0,0.0,60.0
2025-07-05,12,1.4014,0.0,6.9014
2025-07-05,13,0.9551,0.9551,6.0
2025-07-05,14,14.1831,14.1831,63.0
2025-07-05,15,9.6565,7.8042,18.8523
2025-07-05,16,5.1694,5.1694,24.0
2025-07-05,17,8.4646,6.7032,15.7614
2025-07-05,18,3.6667,0.0,15.6667
2025-07-05,19,7.8485,5.1967,13.6519
2025-07-05,20,3.4276,3.4276,8.5
2025-07-05,21,11.1127,4.889,21.2237
2025-07-05,22,0.0,0.0,14.0
2025-07-05,23,3.2213,0.0,10.2213
2025-07-05,24,0.1914,0.1914,9.0
2025-07-05,25,0.057,0.057,2.0
2025-07-05,26,0.9746,0.5015,1.4731
2025-07-05,27,1198.9826,853.2617,2495.7209
2025-07-05,28,98.1831,98.1831,650.0
2025-07-05,29,465.9931,1083.0903,0.0
2025-07-05,30,385.2441,1068.0089,0.0
2025-07-06,1,6.0,2.3422,3.6578
2025-07-06,2,5.2197,1.9243,3.2954
2025-07-06,3,3.5,1.3657,2.1343
2025-07-06,4,2.5,0.9723,1.5277
2025-07-06,5,2.0,0.7036,1.2964
2025-07-06,6,2.3933,0.7564,1.637
2025-07-06,7,0.5,0.1285,0.3715
2025-07-06,8,86.0,32.2499,53.7501
2025-07-06,9,34.0,17.9471,16.0529
2025-07-06,10,29.0,11.2935,17.7065
2025-07-06,11,60.0,26.0686,33.9314
2025-07-06,12,6.9014,2.3196,4.5818
2025-07-06,13,6.0,2.5036,3.4964
2025-07-06,14,63.0,21.9487,41.0513
2025-07-06,15,18.8523,6.9435,11.9088
2025-07-06,16,24.0,11.8278,12.1722
2025-07-06,17,15.7614,6.3171,9.4443
2025-07-06,18,15.6667,5.9791,9.6875
2025-07-06,19,13.6519,5.7149,7.937
2025-07-06,20,8.5,2.548,5.952
2025-07-06,21,21.2237,12.027,9.1967
2025-07-06,22,14.0,7.0165,6.9835
2025-07-06,23,10.2213,3.9525,6.2688
2025-07-06,24,9.0,3.8049,5.1951
2025-07-06,25,2.0,0.4845,1.5155
2025-07-06,26,1.4731,0.8062,0.6669
2025-07-06,27,2495.7209,938.7316,1556.9893
2025-07-06,28,650.0,287.0912,362.9088
2025-07-06,29,3100.0,1478.5005,1621.4995
2025-07-06,30,1900.0,1474.9684,425.0316
2025-07-07,1,3.6578,1.7118,1.946
2025-07-07,2,3.2954,1.7243,1.5712
2025-07-07,3,2.1343,0.826,1.3082
2025-07-07,4,1.5277,0.7229,0.8047
2025-07-07,5,1.2964,0.5547,0.7417
2025-07-07,6,1.637,0.583,1.0539
2025-07-07,7,0.3715,0.1553,0.2162
2025-07-07,8,53.7501,25.7616,27.9884
2025-07-07,9,16.0529,9.4827,26.5702
2025-07-07,10,17.7065,10.2344,22.4722
2025-07-07,11,33.9314,15.6569,46.2745
2025-07-07,12,4.5818,1.7918,2.7899
2025-07-07,13,3.4964,1.431,2.0654
2025-07-07,14,41.0513,17.919,23.1323
2025-07-07,15,11.9088,5.1398,6.769
2025-07-07,16,12.1722,7.9158,18.2564
2025-07-07,17,9.4443,5.7959,12.6484
2025-07-07,18,9.6875,0.0,9.6875
2025-07-07,19,7.937,4.4522,10.4848
2025-07-07,20,5.952,2.3007,3.6512
2025-07-07,21,9.1967,7.969,16.2277
2025-07-07,22,6.9835,3.8779,11.1056
2025-07-07,23,6.2688,3.9298,8.339
2025-07-07,24,5.1951,1.8109,3.3842
2025-07-07,25,1.5155,0.4319,1.0836
2025-07-07,26,0.6669,0.4145,1.2524
2025-07-07,27,1556.9893,0.0,1556.9893
2025-07-07,28,362.9088,173.7637,489.1451
2025-07-07,29,1930.4715,176.1609,1754.3106
2025-07-07,30,1143.9356,177.5076,966.428
2025-07-08,1,1.946,1.6851,4.7609
2025-07-08,2,1.5712,1.0043,4.0668
2025-07-08,3,1.3082,1.0647,2.7435
2025-07-08,4,0.8047,0.8047,2.0
2025-07-08,5,0.7417,0.4761,1.2656
2025-07-08,6,1.0539,0.6971,1.8568
2025-07-08,7,0.2162,0.111,0.6053
2025-07-08,8,27.9884,27.9884,67.0
2025-07-08,9,26.5702,9.3702,17.2
2025-07-08,10,22.4722,11.0541,11.4181
2025-07-08,11,46.2745,21.6747,24.5998
2025-07-08,12,2.7899,2.4735,5.3165
2025-07-08,13,2.0654,1.1667,4.3987
2025-07-08,14,23.1323,22.2853,48.847
2025-07-08,15,6.769,4.9591,14.8099
2025-07-08,16,18.2564,7.1683,11.0881
2025-07-08,17,12.6484,6.3363,6.3121
2025-07-08,18,9.6875,5.069,12.6185
2025-07-08,19,10.4848,3.6767,6.8081
2025-07-08,20,3.6512,3.6512,6.5
2025-07-08,21,16.2277,7.3455,8.8823
2025-07-08,22,11.1056,4.9412,6.1644
2025-07-08,23,8.339,1.5154,6.8236
2025-07-08,24,3.3842,2.6295,6.7548
2025-07-08,25,1.0836,0.9266,1.657
2025-07-08,26,1.2524,0.5188,0.7336
2025-07-08,27,1556.9893,701.0594,855.9298
2025-07-08,28,489.1451,198.4878,290.6573
2025-07-08,29,1144.0096,937.1322,206.87740000000008
2025-07-08,30,1465.9634,928.6322,537.3312000000001
2025-07-09,1,4.7609,2.1037,2.6573
2025-07-09,2,4.0668,1.6682,2.3987
2025-07-09,3,2.7435,1.001,1.7425
2025-07-09,4,2.0,0.0,2.0
2025-07-09,5,1.2656,0.5196,0.746
2025-07-09,6,1.8568,0.3521,1.5047
2025-07-09,7,0.6053,0.1107,0.4946
2025-07-09,8,67.0,31.096,35.904
2025-07-09,9,17.2,9.3435,25.8565
2025-07-09,10,11.4181,8.3393,22.0788
2025-07-09,11,24.5998,18.2971,45.3027
2025-07-09,12,5.3165,2.3807,2.9358
2025-07-09,13,4.3987,1.7909,2.6077
2025-07-09,14,48.847,19.6927,29.1543
2025-07-09,15,14.8099,5.708,9.1019
2025-07-09,16,11.0881,7.1582,17.9299
2025-07-09,17,6.3121,5.7402,12.5719
2025-07-09,18,12.6185,5.3103,7.3083
2025-07-09,19,6.8081,4.2759,10.5321
2025-07-09,20,6.5,3.204,3.296
2025-07-09,21,8.8823,7.3287,16.5536
2025-07-09,22,6.1644,3.1472,10.5172
2025-07-09,23,6.8236,3.2243,3.5993
2025-07-09,24,6.7548,3.2802,3.4745
2025-07-09,25,1.657,0.386,1.271
2025-07-09,26,0.7336,0.4438,1.2898
2025-07-09,27,855.9298,761.3648,1894.5651
2025-07-09,28,290.6573,187.1288,503.5285
2025-07-09,29,2386.6992,985.0392,1401.6599999999999
2025-07-09,30,940.6975,989.6787,0.0
2025-07-10,1,2.6573,1.9229,4.7344
2025-07-10,2,2.3987,1.4722,3.9265
2025-07-10,3,1.7425,0.8216,2.921
2025-07-10,4,2.0,0.8568,1.1432
2025-07-10,5,0.746,0.395,1.3509
2025-07-10,6,1.5047,0.7182,0.7865
2025-07-10,7,0.4946,0.105,0.3895
2025-07-10,8,35.904,21.8003,65.1037
2025-07-10,9,25.8565,11.6917,14.1648
2025-07-10,10,22.0788,5.7058,16.373
2025-07-10,11,45.3027,20.1116,25.1911
2025-07-10,12,2.9358,2.0446,4.8912
2025-07-10,13,2.6077,2.6077,4.5
2025-07-10,14,29.1543,17.0685,48.0858
2025-07-10,15,9.1019,5.5241,14.5778
2025-07-10,16,17.9299,6.4643,11.4656
2025-07-10,17,12.5719,3.7906,8.7813
2025-07-10,18,7.3083,5.2084,12.0999
2025-07-10,19,10.5321,5.5643,4.9679
2025-07-10,20,3.296,3.296,6.5
2025-07-10,21,16.5536,4.8037,11.7499
2025-07-10,22,10.5172,3.5944,6.9228
2025-07-10,23,3.5993,3.079,8.0202
2025-07-10,24,3.4745,2.1131,7.3615
2025-07-10,25,1.271,0.3861,0.8849
2025-07-10,26,1.2898,0.4119,0.8779
2025-07-10,27,1894.5651,776.1223,1118.4427
2025-07-10,28,503.5285,187.2064,316.322
2025-07-10,29,1400.5455,1076.734,323.8115
2025-07-10,30,1470.2213,1082.4519,387.7693999999999
2025-07-11,1,4.7344,1.7022,3.0322
2025-07-11,2,3.9265,1.5184,2.4081
2025-07-11,3,2.921,0.7759,2.1451
2025-07-11,4,1.1432,0.7634,1.8798
2025-07-11,5,1.3509,0.3691,0.9819
2025-07-11,6,0.7865,0.4857,1.8008
2025-07-11,7,0.3895,0.1388,0.2507
2025-07-11,8,65.1037,25.2783,39.8254
2025-07-11,9,14.1648,12.5901,25.5747
2025-07-11,10,16.373,9.5813,21.7917
2025-07-11,11,25.1911,14.1668,45.0243
2025-07-11,12,4.8912,2.0244,2.8667
2025-07-11,13,4.5,1.9185,2.5815
2025-07-11,14,48.0858,19.2565,28.8293
2025-07-11,15,14.5778,5.8268,8.751
2025-07-11,16,11.4656,6.4792,17.9864
2025-07-11,17,8.7813,4.4014,12.3799
2025-07-11,18,12.0999,4.8626,7.2373
2025-07-11,19,4.9679,3.571,10.3969
2025-07-11,20,6.5,1.7791,4.7209
2025-07-11,21,11.7499,8.9778,15.7721
2025-07-11,22,6.9228,2.6846,4.2382
2025-07-11,23,8.0202,3.6934,4.3268
2025-07-11,24,7.3615,2.9503,4.4112
2025-07-11,25,0.8849,0.4009,0.484
2025-07-11,26,0.8779,0.244,0.6339
2025-07-11,27,1118.4427,825.6729,1892.7699
2025-07-11,28,316.322,202.8355,513.4865
2025-07-11,29,2442.9622,1100.9397,1342.0225
2025-07-11,30,944.2568,1106.3953,0.0
2025-07-12,1,3.0322,1.5875,5.9447
2025-07-12,2,2.4081,2.1026,5.3055
2025-07-12,3,2.1451,1.2861,3.859
2025-07-12,4,1.8798,0.7341,1.1458
2025-07-12,5,0.9819,0.856,2.1259
2025-07-12,6,1.8008,0.5506,1.2502
2025-07-12,7,0.2507,0.1975,0.5533
2025-07-12,8,39.8254,36.6754,90.15
2025-07-12,9,25.5747,11.9579,35.6168
2025-07-12,10,21.7917,11.7624,30.0293
2025-07-12,11,45.0243,20.3976,62.6267
2025-07-12,12,2.8667,2.7394,7.1274
2025-07-12,13,2.5815,2.5468,6.0347
2025-07-12,14,28.8293,21.8948,64.9344
2025-07-12,15,8.751,8.751,20.0
2025-07-12,16,17.9864,9.7777,25.2087
2025-07-12,17,12.3799,6.8815,16.4984
2025-07-12,18,7.2373,5.4558,16.7815
2025-07-12,19,10.3969,5.1517,14.2451
2025-07-12,20,4.7209,3.9888,9.2322
2025-07-12,21,15.7721,13.7539,22.0182
2025-07-12,22,4.2382,4.2382,14.5
2025-07-12,23,4.3268,4.3268,11.0
2025-07-12,24,4.4112,3.4299,8.9812
2025-07-12,25,0.484,0.3974,2.0866
2025-07-12,26,0.6339,0.6339,1.5
2025-07-12,27,1892.7699,965.9517,2576.8182
2025-07-12,28,513.4865,209.2503,304.2363
2025-07-12,29,2442.9622,1197.3878,1245.5744
2025-07-12,30,1465.2398,1202.8402,262.39959999999996
2025-07-13,1,5.9447,2.425,3.5197
2025-07-13,2,5.3055,1.7677,3.5378
2025-07-13,3,3.859,1.1017,2.7572
2025-07-13,4,1.1458,0.7276,2.4181
2025-07-13,5,2.1259,0.0,2.1259
2025-07-13,6,1.2502,0.6096,2.1406
2025-07-13,7,0.5533,0.0861,0.4672
2025-07-13,8,90.15,34.4081,55.7419
2025-07-13,9,35.6168,14.1603,21.4566
2025-07-13,10,30.0293,10.4836,19.5457
2025-07-13,11,62.6267,19.5833,43.0434
2025-07-13,12,7.1274,1.9013,5.2261
2025-07-13,13,6.0347,2.6051,3.4296
2025-07-13,14,64.9344,25.5088,39.4256
2025-07-13,15,20.0,6.835,13.165
2025-07-13,16,25.2087,11.21,13.9987
2025-07-13,17,16.4984,6.7218,9.7766
2025-07-13,18,16.7815,7.3907,9.3908
2025-07-13,19,14.2451,5.6998,8.5453
2025-07-13,20,9.2322,4.1676,5.0645
2025-07-13,21,22.0182,7.4158,14.6024
2025-07-13,22,14.5,6.3628,8.1372
2025-07-13,23,11.0,2.9359,8.0641
2025-07-13,24,8.9812,4.4444,4.5368
2025-07-13,25,2.0866,0.5386,1.548
2025-07-13,26,1.5,0.6883,0.8117
2025-07-13,27,2576.8182,1032.2624,1544.5558
2025-07-13,28,304.2363,304.2363,650.0
2025-07-13,29,3277.9905,1378.4803,1899.5102
2025-07-13,30,1972.3613,1372.6778,599.6835000000001
2025-07-14,1,3.5197,1.3056,2.2141
2025-07-14,2,3.5378,1.4922,2.0456
2025-07-14,3,2.7572,1.1459,1.6113
2025-07-14,4,2.4181,0.6923,1.7258
2025-07-14,5,2.1259,0.5869,1.539
2025-07-14,6,2.1406,0.4575,1.6831
2025-07-14,7,0.4672,0.0987,0.3685
2025-07-14,8,55.7419,29.7304,66.0115
2025-07-14,9,21.4566,8.2326,13.224
2025-07-14,10,19.5457,6.3497,13.196
2025-07-14,11,43.0434,13.8492,29.1942
2025-07-14,12,5.2261,1.8664,3.3597
2025-07-14,13,3.4296,2.1423,4.2873
2025-07-14,14,39.4256,19.1522,20.2734
2025-07-14,15,13.165,4.5718,8.5932
2025-07-14,16,13.9987,6.5683,7.4304
2025-07-14,17,9.7766,4.9495,4.8271
2025-07-14,18,9.3908,4.8299,12.5609
2025-07-14,19,8.5453,4.5967,10.4486
2025-07-14,20,5.0645,1.4249,3.6396
2025-07-14,21,14.6024,6.6119,7.9905
2025-07-14,22,8.1372,3.6147,4.5225
2025-07-14,23,8.0641,3.2213,4.8428
2025-07-14,24,4.5368,1.7491,2.7877
2025-07-14,25,1.548,0.6044,0.9436
2025-07-14,26,0.8117,0.4238,0.3879
2025-07-14,27,1544.5558,771.7111,772.8447
2025-07-14,28,650.0,198.2483,451.7517
2025-07-14,29,2268.6839,1126.6711,1142.0128
2025-07-14,30,1268.5565,1130.9355,137.62099999999987
2025-07-15,1,2.2141,1.8919,0.3222
2025-07-15,2,2.0456,1.5573,0.4883
2025-07-15,3,1.6113,0.8495,0.7618
2025-07-15,4,1.7258,0.6364,1.0894
2025-07-15,5,1.539,0.4999,1.0391
2025-07-15,6,1.6831,0.7079,0.9752
2025-07-15,7,0.3685,0.1073,0.2613
2025-07-15,8,66.0115,24.8281,41.1834
2025-07-15,9,13.224,11.2223,2.0017
2025-07-15,10,13.196,0.0,13.196
2025-07-15,11,29.1942,20.5513,8.6429
2025-07-15,12,3.3597,2.2084,1.1513
2025-07-15,13,4.2873,1.6416,2.6456
2025-07-15,14,20.2734,0.0,20.2734
2025-07-15,15,8.5932,5.4689,3.1242
2025-07-15,16,7.4304,7.4304,0.0
2025-07-15,17,4.8271,3.7018,1.1253
2025-07-15,18,12.5609,4.646,7.9148
2025-07-15,19,10.4486,3.5933,6.8553
2025-07-15,20,3.6396,2.2716,1.368
2025-07-15,21,7.9905,5.9078,2.0827
2025-07-15,22,4.5225,4.1883,0.3342
2025-07-15,23,4.8428,3.6863,1.1565
2025-07-15,24,2.7877,1.9241,0.8636
2025-07-15,25,0.9436,0.5852,0.3584
2025-07-15,26,0.3879,0.3879,0.0
2025-07-15,27,772.8447,669.4966,103.3481
2025-07-15,28,451.7517,169.9404,281.8113
2025-07-15,29,1305.4842,909.354,396.13020000000006
2025-07-15,30,720.5329,909.6647,0.0
2025-07-16,1,0.3222,0.3222,4.5
2025-07-16,2,0.4883,0.4883,4.0
2025-07-16,3,0.7618,0.7618,3.0
2025-07-16,4,1.0894,0.5405,2.0489
2025-07-16,5,1.0391,0.5938,1.4453
2025-07-16,6,0.9752,0.5517,1.9235
2025-07-16,7,0.2613,0.1118,0.1495
2025-07-16,8,41.1834,28.9163,66.2671
2025-07-16,9,2.0017,0.0,26.0017
2025-07-16,10,13.196,8.4943,21.7017
2025-07-16,11,8.6429,8.6429,46.0
2025-07-16,12,1.1513,1.1513,5.0
2025-07-16,13,2.6456,1.905,4.2407
2025-07-16,14,20.2734,15.7356,47.5378
2025-07-16,15,3.1242,3.1242,15.0
2025-07-16,16,0.0,0.0,18.0
2025-07-16,17,1.1253,1.1253,12.0
2025-07-16,18,7.9148,4.4985,12.4164
2025-07-16,19,6.8553,3.1825,10.6727
2025-07-16,20,1.368,1.368,6.5
2025-07-16,21,2.0827,2.0827,16.0
2025-07-16,22,0.3342,0.3342,11.0
2025-07-16,23,1.1565,1.1565,8.0
2025-07-16,24,0.8636,0.8636,7.0
2025-07-16,25,0.3584,0.3584,1.5
2025-07-16,26,0.0,0.0,1.0
2025-07-16,27,103.3481,103.3481,1900.0
2025-07-16,28,281.8113,188.1908,493.6205
2025-07-16,29,431.5666,323.2075,108.35910000000001
2025-07-16,30,245.2809,323.7071,0.0
2025-07-17,1,4.5,1.6716,2.8284
2025-07-17,2,4.0,2.116,1.884
2025-07-17,3,3.0,1.2464,1.7536
2025-07-17,4,2.0489,0.5505,1.4985
2025-07-17,5,1.4453,0.685,0.7604
2025-07-17,6,1.9235,0.8496,1.0739
2025-07-17,7,0.1495,0.1495,0.5
2025-07-17,8,66.2671,23.1709,43.0962
2025-07-17,9,26.0017,8.3472,17.6545
2025-07-17,10,21.7017,0.0,21.7017
2025-07-17,11,46.0,22.3228,23.6772
2025-07-17,12,5.0,1.8595,3.1405
2025-07-17,13,4.2407,1.7244,2.5163
2025-07-17,14,47.5378,17.1969,30.3409
2025-07-17,15,15.0,5.3701,9.6299
2025-07-17,16,18.0,6.2829,11.7171
2025-07-17,17,12.0,3.9576,8.0424
2025-07-17,18,12.4164,4.5927,7.8237
2025-07-17,19,10.6727,2.6874,7.9854
2025-07-17,20,6.5,2.2585,4.2415
2025-07-17,21,16.0,3.5331,12.4669
2025-07-17,22,11.0,4.7494,6.2506
2025-07-17,23,8.0,1.5778,6.4222
2025-07-17,24,7.0,2.3866,4.6134
2025-07-17,25,1.5,0.3514,1.1486
2025-07-17,26,1.0,0.2817,0.7183
2025-07-17,27,1900.0,727.3694,1172.6306
2025-07-17,28,493.6205,159.9565,333.664
2025-07-17,29,2400.0,880.3103,1519.6897
2025-07-17,30,1400.0,880.6052,519.3948
2025-07-18,1,2.8284,2.1912,4.6372
2025-07-18,2,1.884,1.4813,3.9027
2025-07-18,3,1.7536,0.9682,2.7854
2025-07-18,4,1.4985,0.8198,2.1787
2025-07-18,5,0.7604,0.5507,1.7096
2025-07-18,6,1.0739,0.5344,1.5395
2025-07-18,7,0.5,0.1493,0.3507
2025-07-18,8,43.0962,24.0197,66.0765
2025-07-18,9,17.6545,13.0301,25.6244
2025-07-18,10,21.7017,8.4195,13.2822
2025-07-18,11,23.6772,19.3112,46.366
2025-07-18,12,3.1405,1.8476,5.2929
2025-07-18,13,2.5163,1.2817,4.2346
2025-07-18,14,30.3409,15.8449,47.496
2025-07-18,15,9.6299,6.5848,15.0451
2025-07-18,16,11.7171,7.5568,18.1603
2025-07-18,17,8.0424,4.3205,12.7219
2025-07-18,18,7.8237,5.1913,12.6324
2025-07-18,19,7.9854,4.2122,10.7732
2025-07-18,20,4.2415,2.317,6.4245
2025-07-18,21,12.4669,8.8162,16.6507
2025-07-18,22,6.2506,3.8616,10.889
2025-07-18,23,6.4222,4.3093,8.1129
2025-07-18,24,4.6134,2.8606,6.7528
2025-07-18,25,1.1486,0.5085,0.6401
2025-07-18,26,0.7183,0.1914,0.5269
2025-07-18,27,1172.6306,803.1684,1869.4622
2025-07-18,28,333.664,193.1334,490.5306
2025-07-18,29,1336.8964,1185.4747,151.4217000000001
2025-07-18,30,946.7264,1192.6345,0.0
2025-07-19,1,4.6372,2.2032,2.434
2025-07-19,2,3.9027,2.2282,5.1745
2025-07-19,3,2.7854,1.0675,1.7179
2025-07-19,4,2.1787,0.9561,1.2226
2025-07-19,5,1.7096,0.6982,1.0114
2025-07-19,6,1.5395,0.5014,1.0381
2025-07-19,7,0.3507,0.0979,0.2527
2025-07-19,8,66.0765,34.7382,82.3384
2025-07-19,9,25.6244,14.5651,32.0592
2025-07-19,10,13.2822,13.2822,28.0
2025-07-19,11,46.366,20.0073,26.3587
2025-07-19,12,5.2929,2.3896,2.9033
2025-07-19,13,4.2346,1.7372,2.4973
2025-07-19,14,47.496,20.9775,26.5186
2025-07-19,15,15.0451,8.0506,18.9945
2025-07-19,16,18.1603,7.8461,10.3143
2025-07-19,17,12.7219,6.3998,6.3221
2025-07-19,18,12.6324,5.0544,7.578
2025-07-19,19,10.7732,5.0818,5.6914
2025-07-19,20,6.4245,3.2794,8.1451
2025-07-19,21,16.6507,6.0044,10.6463
2025-07-19,22,10.889,4.0503,6.8386
2025-07-19,23,8.1129,3.2625,4.8504
2025-07-19,24,6.7528,2.1813,4.5715
2025-07-19,25,0.6401,0.4948,1.6453
2025-07-19,26,0.5269,0.4871,1.5398
2025-07-19,27,1869.4622,978.5018,2390.9604
2025-07-19,28,490.5306,272.6893,617.8413
2025-07-19,29,2359.5684,1363.245,996.3234000000002
2025-07-19,30,1450.3272,1357.2196,93.10760000000005
2025-07-20,1,2.434,0.0,2.434
2025-07-20,2,5.1745,1.5805,3.594
2025-07-20,3,1.7179,1.1211,3.0968
2025-07-20,4,1.2226,0.9483,2.7743
2025-07-20,5,1.0114,0.4155,1.5959
2025-07-20,6,1.0381,0.8815,2.1566
2025-07-20,7,0.2527,0.1247,0.628
2025-07-20,8,82.3384,26.2869,56.0514
2025-07-20,9,32.0592,10.945,21.1142
2025-07-20,10,28.0,10.0762,17.9238
2025-07-20,11,26.3587,20.9638,54.3949
2025-07-20,12,2.9033,2.4115,6.4918
2025-07-20,13,2.4973,1.7502,5.7472
2025-07-20,14,26.5186,23.1777,60.3409
2025-07-20,15,18.9945,6.0439,12.9506
2025-07-20,16,10.3143,7.8003,22.514
2025-07-20,17,6.3221,6.3221,15.0
2025-07-20,18,7.578,4.7264,15.8516
2025-07-20,19,5.6914,5.1346,12.5568
2025-07-20,20,8.1451,2.3642,5.7809
2025-07-20,21,10.6463,6.2147,19.4316
2025-07-20,22,6.8386,4.7822,12.5564
2025-07-20,23,4.8504,3.1468,9.7036
2025-07-20,24,4.5715,2.7369,7.8345
2025-07-20,25,1.6453,0.8014,0.8439
2025-07-20,26,1.5398,0.4467,1.0932
2025-07-20,27,2390.9604,737.9442,1653.0162
2025-07-20,28,617.8413,282.1561,335.6852
2025-07-20,29,1216.4541,1030.6003,185.85379999999986
2025-07-20,30,773.4642,1040.3525,0.0
2025-07-21,1,2.434,1.4158,4.5182
2025-07-21,2,3.594,1.7802,1.8138
2025-07-21,3,3.0968,1.0429,2.0539
2025-07-21,4,2.7743,0.6235,2.1508
2025-07-21,5,1.5959,0.3998,1.1961
2025-07-21,6,2.1566,0.5049,1.6517
2025-07-21,7,0.628,0.0905,0.5375
2025-07-21,8,56.0514,20.1842,35.8672
2025-07-21,9,21.1142,10.0839,11.0304
2025-07-21,10,17.9238,8.299,9.6248
2025-07-21,11,54.3949,17.8733,36.5216
2025-07-21,12,6.4918,2.9062,3.5856
2025-07-21,13,5.7472,1.8151,3.9321
2025-07-21,14,60.3409,20.2257,40.1151
2025-07-21,15,12.9506,5.4977,7.4529
2025-07-21,16,22.514,9.0655,13.4485
2025-07-21,17,15.0,4.9472,10.0528
2025-07-21,18,15.8516,5.2019,10.6497
2025-07-21,19,12.5568,3.4743,9.0825
2025-07-21,20,5.7809,1.9884,3.7925
2025-07-21,21,19.4316,8.5227,10.9089
2025-07-21,22,12.5564,2.5242,10.0322
2025-07-21,23,9.7036,3.7005,6.0031
2025-07-21,24,7.8345,3.0265,4.808
2025-07-21,25,0.8439,0.3929,1.451
2025-07-21,26,1.0932,0.3417,0.7515
2025-07-21,27,1653.0162,743.4116,909.6046
2025-07-21,28,335.6852,169.894,465.7912
2025-07-21,29,3000.0,992.6368,2007.3632
2025-07-21,30,1796.0926,993.3471,802.7455
2025-07-22,1,4.5182,1.7933,2.7249
2025-07-22,2,1.8138,1.4904,3.8234
2025-07-22,3,2.0539,1.0509,1.0031
2025-07-22,4,2.1508,0.6673,1.4835
2025-07-22,5,1.1961,0.5573,0.6388
2025-07-22,6,1.6517,0.4614,1.1903
2025-07-22,7,0.5375,0.1483,0.3892
2025-07-22,8,35.8672,24.74,60.1272
2025-07-22,9,11.0304,8.9616,24.0688
2025-07-22,10,9.6248,7.6976,20.9273
2025-07-22,11,36.5216,14.0287,22.4929
2025-07-22,12,3.5856,1.5051,2.0805
2025-07-22,13,3.9321,1.5172,2.4149
2025-07-22,14,40.1151,14.531,25.5841
2025-07-22,15,7.4529,5.8583,14.5946
2025-07-22,16,13.4485,7.2446,17.2039
2025-07-22,17,10.0528,5.2463,4.8065
2025-07-22,18,10.6497,4.3331,6.3166
2025-07-22,19,9.0825,0.0,9.0825
2025-07-22,20,3.7925,3.7925,6.0
2025-07-22,21,10.9089,5.3066,14.6022
2025-07-22,22,10.0322,3.2007,6.8316
2025-07-22,23,6.0031,2.6591,3.344
2025-07-22,24,4.808,3.4977,6.3103
2025-07-22,25,1.451,0.5312,0.9198
2025-07-22,26,0.7515,0.4103,1.3412
2025-07-22,27,909.6046,888.2192,1821.3854
2025-07-22,28,465.7912,170.902,294.8892
2025-07-22,29,2128.2476,962.5687,1165.6789
2025-07-22,30,1294.5953,963.7916,330.80369999999994
2025-07-23,1,2.7249,2.2162,4.5087
2025-07-23,2,3.8234,1.5374,2.2859
2025-07-23,3,1.0031,0.9284,2.5746
2025-07-23,4,1.4835,0.746,0.7375
2025-07-23,5,0.6388,0.4236,1.2152
2025-07-23,6,1.1903,0.5331,0.6573
2025-07-23,7,0.3892,0.0888,0.3004
2025-07-23,8,60.1272,20.3211,39.8061
2025-07-23,9,24.0688,11.2426,12.8262
2025-07-23,10,20.9273,6.6491,14.2782
2025-07-23,11,22.4929,12.682,42.8109
2025-07-23,12,2.0805,2.0805,5.0
2025-07-23,13,2.4149,1.3538,4.061
2025-07-23,14,25.5841,18.3996,46.1845
2025-07-23,15,14.5946,4.9792,9.6154
2025-07-23,16,17.2039,6.7167,10.4873
2025-07-23,17,4.8065,4.8065,12.0
2025-07-23,18,6.3166,4.2769,12.0397
2025-07-23,19,9.0825,3.6151,5.4674
2025-07-23,20,6.0,2.2657,3.7343
2025-07-23,21,14.6022,5.4249,9.1773
2025-07-23,22,6.8316,2.8026,4.029
2025-07-23,23,3.344,3.344,7.5
2025-07-23,24,6.3103,4.2812,7.0292
2025-07-23,25,0.9198,0.5267,1.393
2025-07-23,26,1.3412,0.3114,1.0298
2025-07-23,27,1821.3854,721.122,1100.2634
2025-07-23,28,294.8892,157.948,486.9411
2025-07-23,29,1165.5003,898.9001,266.6002
2025-07-23,30,701.3535,895.9656,0.0
2025-07-24,1,4.5087,1.7928,2.7159
2025-07-24,2,2.2859,1.6877,3.5982
2025-07-24,3,2.5746,0.7086,1.8661
2025-07-24,4,0.7375,0.7047,2.0328
2025-07-24,5,1.2152,0.5942,0.621
2025-07-24,6,0.6573,0.3878,1.7695
2025-07-24,7,0.3004,0.1051,0.1953
2025-07-24,8,39.8061,23.081,62.7252
2025-07-24,9,12.8262,8.7677,25.0585
2025-07-24,10,14.2782,11.2002,21.078
2025-07-24,11,42.8109,13.2552,29.5557
2025-07-24,12,5.0,1.9591,3.0409
2025-07-24,13,4.061,1.8796,2.1814
2025-07-24,14,46.1845,16.9303,29.2541
2025-07-24,15,9.6154,5.1914,14.424
2025-07-24,16,10.4873,6.8069,17.6803
2025-07-24,17,12.0,3.8326,8.1674
2025-07-24,18,12.0397,5.1744,6.8653
2025-07-24,19,5.4674,3.433,10.0344
2025-07-24,20,3.7343,2.6468,6.0875
2025-07-24,21,9.1773,5.2784,15.899
2025-07-24,22,4.029,4.029,10.0
2025-07-24,23,7.5,1.3504,6.1496
2025-07-24,24,7.0292,1.9723,5.0568
2025-07-24,25,1.393,0.5968,0.7962
2025-07-24,26,1.0298,0.5788,0.451
2025-07-24,27,1100.2634,626.303,1823.9604
2025-07-24,28,486.9411,153.492,333.4491
2025-07-24,29,2344.5517,805.7838,1538.7678999999998
2025-07-24,30,1431.0255,811.4974,619.5281
2025-07-25,1,2.7159,1.3417,4.3742
2025-07-25,2,3.5982,0.8636,2.7346
2025-07-25,3,1.8661,0.6886,1.1774
2025-07-25,4,2.0328,0.8837,1.1491
2025-07-25,5,0.621,0.4335,1.6875
2025-07-25,6,1.7695,0.4335,1.336
2025-07-25,7,0.1953,0.1327,0.5626
2025-07-25,8,62.7252,27.1251,35.6
2025-07-25,9,25.0585,9.1368,15.9216
2025-07-25,10,21.078,5.4366,15.6413
2025-07-25,11,29.5557,16.6316,44.9241
2025-07-25,12,3.0409,2.2873,4.7536
2025-07-25,13,2.1814,1.6638,4.5176
2025-07-25,14,29.2541,18.4444,46.8098
2025-07-25,15,14.424,5.5624,8.8616
2025-07-25,16,17.6803,7.5975,10.0828
2025-07-25,17,8.1674,3.9379,12.2295
2025-07-25,18,6.8653,4.1746,11.6906
2025-07-25,19,10.0344,0.0,10.0344
2025-07-25,20,6.0875,2.7126,3.3749
2025-07-25,21,15.899,6.2345,9.6644
2025-07-25,22,10.0,4.7985,5.2015
2025-07-25,23,6.1496,3.2745,7.8751
2025-07-25,24,5.0568,2.4372,2.6197
2025-07-25,25,0.7962,0.4377,1.3586
2025-07-25,26,0.451,0.3872,1.0638
2025-07-25,27,1823.9604,680.7886,1143.1718
2025-07-25,28,333.4491,165.828,467.6212
2025-07-25,29,1424.191,973.4945,450.6965
2025-07-25,30,876.1524,973.3579,0.0
2025-07-26,1,4.3742,1.995,2.3792
2025-07-26,2,2.7346,1.9022,4.8324
2025-07-26,3,1.1774,1.1774,3.5
2025-07-26,4,1.1491,0.6857,2.4634
2025-07-26,5,1.6875,0.5859,1.1016
2025-07-26,6,1.336,0.6868,2.1492
2025-07-26,7,0.5626,0.0,0.5626
2025-07-26,8,35.6,29.1991,81.401
2025-07-26,9,15.9216,12.2784,31.6433
2025-07-26,10,15.6413,11.2651,27.3762
2025-07-26,11,44.9241,25.79,56.1341
2025-07-26,12,4.7536,3.1203,6.1333
2025-07-26,13,4.5176,1.9041,2.6135
2025-07-26,14,46.8098,26.2875,59.5223
2025-07-26,15,8.8616,8.8616,18.0
2025-07-26,16,10.0828,8.359,22.7238
2025-07-26,17,12.2295,7.5861,15.6434
2025-07-26,18,11.6906,5.1554,6.5353
2025-07-26,19,10.0344,5.0986,12.9358
2025-07-26,20,3.3749,3.3749,8.0
2025-07-26,21,9.6644,6.3832,20.2812
2025-07-26,22,5.2015,4.6269,13.0746
2025-07-26,23,7.8751,3.1655,4.7096
2025-07-26,24,2.6197,2.6197,8.0
2025-07-26,25,1.3586,0.6433,0.7152
2025-07-26,26,1.0638,0.3523,0.7116
2025-07-26,27,1143.1718,880.9744,2362.1974
2025-07-26,28,467.6212,199.4749,268.1463
2025-07-26,29,2293.0353,1069.5617,1223.4736
2025-07-26,30,1355.1006,1077.5867,277.5138999999999
2025-07-27,1,2.3792,1.8741,5.5051
2025-07-27,2,4.8324,1.6548,3.1776
2025-07-27,3,3.5,1.0006,2.4994
2025-07-27,4,2.4634,1.0675,1.3958
2025-07-27,5,1.1016,0.959,1.6426
2025-07-27,6,2.1492,0.738,1.4112
2025-07-27,7,0.5626,0.0966,0.466
2025-07-27,8,81.401,26.0812,55.3198
2025-07-27,9,31.6433,11.8969,19.7464
2025-07-27,10,27.3762,8.9485,18.4278
2025-07-27,11,56.1341,17.8304,38.3037
2025-07-27,12,6.1333,2.23,3.9033
2025-07-27,13,2.6135,2.1337,5.4798
2025-07-27,14,59.5223,21.7342,37.7881
2025-07-27,15,18.0,6.1364,11.8636
2025-07-27,16,22.7238,10.2548,12.469
2025-07-27,17,15.6434,7.0579,8.5855
2025-07-27,18,6.5353,4.9307,15.6046
2025-07-27,19,12.9358,0.0,12.9358
2025-07-27,20,8.0,4.9278,8.0722
2025-07-27,21,20.2812,7.2415,13.0397
2025-07-27,22,13.0746,5.266,7.8086
2025-07-27,23,4.7096,4.7096,9.5
2025-07-27,24,8.0,2.3379,5.6621
2025-07-27,25,0.7152,0.6466,1.5686
2025-07-27,26,0.7116,0.2237,0.4879
2025-07-27,27,2362.1974,872.931,1489.2664
2025-07-27,28,268.1463,227.7156,590.4307
2025-07-27,29,3006.3715,1229.6958,1776.6757000000002
2025-07-27,30,1842.455,1235.1595,607.2955
2025-07-28,1,5.5051,1.0679,4.4373
2025-07-28,2,3.1776,1.3636,1.814
2025-07-28,3,2.4994,0.7771,1.7223
2025-07-28,4,1.3958,0.8381,2.0578
2025-07-28,5,1.6426,0.3831,1.2595
2025-07-28,6,1.4112,0.4892,0.922
2025-07-28,7,0.466,0.128,0.338
2025-07-28,8,55.3198,20.8974,34.4223
2025-07-28,9,19.7464,13.0225,24.724
2025-07-28,10,18.4278,8.83,9.5978
2025-07-28,11,38.3037,21.2133,43.0903
2025-07-28,12,3.9033,1.727,2.1762
2025-07-28,13,5.4798,1.9506,3.5292
2025-07-28,14,37.7881,16.7269,21.0612
2025-07-28,15,11.8636,5.1522,6.7114
2025-07-28,16,12.469,8.7681,17.7009
2025-07-28,17,8.5855,5.5308,12.0547
2025-07-28,18,15.6046,4.5534,11.0512
2025-07-28,19,12.9358,4.4423,8.4935
2025-07-28,20,8.0722,2.4218,5.6504
2025-07-28,21,13.0397,3.7249,9.3148
2025-07-28,22,7.8086,3.2761,4.5325
2025-07-28,23,9.5,5.849,3.651
2025-07-28,24,5.6621,3.3358,6.3262
2025-07-28,25,1.5686,0.4957,1.0729
2025-07-28,26,0.4879,0.3305,1.1574
2025-07-28,27,1489.2664,690.7844,798.4821
2025-07-28,28,590.4307,204.1777,386.253
2025-07-28,29,1802.4406,1046.9583,755.4822999999999
2025-07-28,30,1108.5339,1044.8516,63.68229999999994
2025-07-29,1,4.4373,1.3108,3.1265
2025-07-29,2,1.814,1.2418,3.5723
2025-07-29,3,1.7223,0.946,2.2763
2025-07-29,4,2.0578,0.4767,1.581
2025-07-29,5,1.2595,0.4447,0.8148
2025-07-29,6,0.922,0.4738,1.4482
2025-07-29,7,0.338,0.1432,0.1948
2025-07-29,8,34.4223,16.3466,57.0758
2025-07-29,9,24.724,7.7335,16.9904
2025-07-29,10,9.5978,7.8481,20.7497
2025-07-29,11,43.0903,14.6208,28.4695
2025-07-29,12,2.1762,1.6016,4.5746
2025-07-29,13,3.5292,1.2653,2.2639
2025-07-29,14,21.0612,19.2688,44.7923
2025-07-29,15,6.7114,4.4768,14.2346
2025-07-29,16,17.7009,6.5655,11.1353
2025-07-29,17,12.0547,4.0952,7.9595
2025-07-29,18,11.0512,4.7977,6.2535
2025-07-29,19,8.4935,2.934,5.5595
2025-07-29,20,5.6504,2.448,3.2024
2025-07-29,21,9.3148,2.5705,6.7443
2025-07-29,22,4.5325,3.0556,9.4769
2025-07-29,23,3.651,2.0853,7.0657
2025-07-29,24,6.3262,2.0386,4.2876
2025-07-29,25,1.0729,0.4196,0.6533
2025-07-29,26,1.1574,0.3465,0.8109
2025-07-29,27,798.4821,588.3425,1810.1396
2025-07-29,28,386.253,162.5784,223.6746
2025-07-29,29,895.3161,772.5234,122.79269999999997
2025-07-29,30,588.4611,767.5728,0.0
2025-07-30,1,3.1265,2.0412,1.0852
2025-07-30,2,3.5723,1.354,2.2183
2025-07-30,3,2.2763,0.8566,1.4197
2025-07-30,4,1.581,0.8345,0.7466
2025-07-30,5,0.8148,0.505,0.3098
2025-07-30,6,1.4482,0.5198,0.9284
2025-07-30,7,0.1948,0.0796,0.1152
2025-07-30,8,57.0758,19.6283,37.4475
2025-07-30,9,16.9904,8.4584,8.532
2025-07-30,10,20.7497,8.5728,12.1769
2025-07-30,11,28.4695,0.0,28.4695
2025-07-30,12,4.5746,2.0502,2.5244
2025-07-30,13,2.2639,1.7343,0.5296
2025-07-30,14,44.7923,18.0048,26.7876
2025-07-30,15,14.2346,5.377,8.8577
2025-07-30,16,11.1353,6.2189,4.9165
2025-07-30,17,7.9595,0.0,7.9595
2025-07-30,18,6.2535,0.0,6.2535
2025-07-30,19,5.5595,3.2426,2.3169
2025-07-30,20,3.2024,1.6844,1.518
2025-07-30,21,6.7443,0.0,6.7443
2025-07-30,22,9.4769,5.7182,3.7587
2025-07-30,23,7.0657,1.377,5.6888
2025-07-30,24,4.2876,3.6028,0.6848
2025-07-30,25,0.6533,0.523,0.1302
2025-07-30,26,0.8109,0.4297,0.3813
2025-07-30,27,1810.1396,731.3819,1078.7576
2025-07-30,28,223.6746,189.881,33.7936
2025-07-30,29,2300.0,1034.1718,1265.8282
2025-07-30,30,1402.8559,1033.8421,369.01379999999995
2025-07-31,1,1.0852,1.0852,4.5
2025-07-31,2,2.2183,1.1976,3.5207
2025-07-31,3,1.4197,1.0496,2.37
2025-07-31,4,0.7466,0.649,2.0976
2025-07-31,5,0.3098,0.3098,1.5
2025-07-31,6,0.9284,0.5745,1.8539
2025-07-31,7,0.1152,0.1077,0.5075
2025-07-31,8,37.4475,23.5625,61.885
2025-07-31,9,8.532,8.532,24.0
2025-07-31,10,12.1769,6.3168,20.8601
2025-07-31,11,28.4695,15.9424,42.5271
2025-07-31,12,2.5244,1.4924,5.032
2025-07-31,13,0.5296,0.5296,4.0
2025-07-31,14,26.7876,17.4032,45.3844
2025-07-31,15,8.8577,5.0504,13.8073
2025-07-31,16,4.9165,4.9165,17.0
2025-07-31,17,7.9595,3.9025,12.057
2025-07-31,18,6.2535,5.4314,11.8221
2025-07-31,19,2.3169,2.3169,10.0
2025-07-31,20,1.518,1.518,6.0
2025-07-31,21,6.7443,5.348,15.3963
2025-07-31,22,3.7587,3.3666,9.8922
2025-07-31,23,5.6888,2.8068,7.3819
2025-07-31,24,0.6848,0.6848,7.0
2025-07-31,25,0.1302,0.1302,1.5
2025-07-31,26,0.3813,0.2739,1.1073
2025-07-31,27,1078.7576,667.9737,1760.7839
2025-07-31,28,33.7936,33.7936,450.0
2025-07-31,29,1467.4886,743.6403,723.8482999999999
2025-07-31,30,898.94,730.4556,168.48440000000005
2025-08-01,1,4.5,1.9685,2.5315
2025-08-01,2,3.5207,1.3547,2.1661
2025-08-01,3,2.37,0.9498,1.4203
2025-08-01,4,2.0976,0.5536,1.5439
2025-08-01,5,1.5,0.3892,1.1108
2025-08-01,6,1.8539,0.482,1.3719
2025-08-01,7,0.5075,0.1463,0.3611
2025-08-01,8,61.885,17.4096,44.4754
2025-08-01,9,24.0,9.073,14.927
2025-08-01,10,20.8601,8.1023,12.7579
2025-08-01,11,42.5271,17.0132,25.5139
2025-08-01,12,5.032,2.3698,2.6621
2025-08-01,13,4.0,1.3042,2.6958
2025-08-01,14,45.3844,17.6419,27.7424
2025-08-01,15,13.8073,5.5772,8.2301
2025-08-01,16,17.0,8.1009,8.8991
2025-08-01,17,12.057,3.6615,8.3955
2025-08-01,18,11.8221,4.5735,7.2486
2025-08-01,19,10.0,0.0,10.0
2025-08-01,20,6.0,2.8634,3.1366
2025-08-01,21,15.3963,3.6554,11.7409
2025-08-01,22,9.8922,2.591,7.3011
2025-08-01,23,7.3819,2.1886,5.1934
2025-08-01,24,7.0,1.615,5.385
2025-08-01,25,1.5,0.7829,0.7171
2025-08-01,26,1.1073,0.2124,0.895
2025-08-01,27,1760.7839,636.314,1124.4699
2025-08-01,28,450.0,187.8712,262.1288
2025-08-01,29,2252.82,863.7693,1389.0507000000002
2025-08-01,30,1325.9417,871.177,454.76470000000006
2025-08-02,1,2.5315,1.4917,1.0397
2025-08-02,2,2.1661,1.9288,0.2372
2025-08-02,3,1.4203,1.274,0.1463
2025-08-02,4,1.5439,1.1464,0.3976
2025-08-02,5,1.1108,0.7036,0.4072
2025-08-02,6,1.3719,1.0747,0.2972
2025-08-02,7,0.3611,0.1173,0.2439
2025-08-02,8,44.4754,35.5787,8.8967
2025-08-02,9,14.927,13.4355,1.4915
2025-08-02,10,12.7579,10.3913,2.3665
2025-08-02,11,25.5139,22.974,2.5399
2025-08-02,12,2.6621,1.8841,0.778
2025-08-02,13,2.6958,1.5568,1.139
2025-08-02,14,27.7424,24.5193,3.2232
2025-08-02,15,8.2301,6.9692,1.261
2025-08-02,16,8.8991,8.13,0.769
2025-08-02,17,8.3955,5.204,3.1915
2025-08-02,18,7.2486,7.2486,0.0
2025-08-02,19,10.0,3.4917,6.5083
2025-08-02,20,3.1366,3.0604,0.0762
2025-08-02,21,11.7409,7.7482,3.9927
2025-08-02,22,7.3011,5.4444,1.8567
2025-08-02,23,5.1934,2.3655,2.8279
2025-08-02,24,5.385,2.0818,3.3032
2025-08-02,25,0.7171,0.7171,0.0
2025-08-02,26,0.895,0.5128,0.3822
2025-08-02,27,1124.4699,954.8949,169.575
2025-08-02,28,262.1288,243.1796,18.9492
2025-08-02,29,1499.174,1390.192,108.98199999999997
2025-08-02,30,745.4286,1400.2055,0.0
2025-08-03,1,1.0397,1.0397,5.5
2025-08-03,2,0.2372,0.2372,4.5
2025-08-03,3,0.1463,0.1463,3.0
2025-08-03,4,0.3976,0.3976,2.5
2025-08-03,5,0.4072,0.4072,1.5
2025-08-03,6,0.2972,0.2972,2.0
2025-08-03,7,0.2439,0.1543,0.5896
2025-08-03,8,8.8967,8.8967,78.0
2025-08-03,9,1.4915,1.4915,31.0
2025-08-03,10,2.3665,2.3665,26.0
2025-08-03,11,2.5399,2.5399,54.0
2025-08-03,12,0.778,0.778,6.0
2025-08-03,13,1.139,1.139,5.5
2025-08-03,14,3.2232,3.2232,57.0
2025-08-03,15,1.261,1.261,18.0
2025-08-03,16,0.769,0.769,22.0
2025-08-03,17,3.1915,3.1915,15.0
2025-08-03,18,0.0,0.0,15.0
2025-08-03,19,6.5083,5.2584,12.2499
2025-08-03,20,0.0762,0.0762,8.0
2025-08-03,21,3.9927,3.9927,19.0
2025-08-03,22,1.8567,1.8567,12.5
2025-08-03,23,2.8279,0.0,9.3279
2025-08-03,24,3.3032,2.0592,8.2441
2025-08-03,25,0.0,0.0,1.5
2025-08-03,26,0.3822,0.3822,1.5
2025-08-03,27,169.575,169.575,2250.0
2025-08-03,28,18.9492,18.9492,600.0
2025-08-03,29,390.6472,188.3701,202.2771
2025-08-03,30,0.0,189.6423,0.0
2025-08-04,1,5.5,1.6278,3.8722
2025-08-04,2,4.5,1.4548,3.0452
2025-08-04,3,3.0,0.8908,2.1092
2025-08-04,4,2.5,0.7135,1.7865
2025-08-04,5,1.5,0.4206,1.0794
2025-08-04,6,2.0,0.4148,1.5852
2025-08-04,7,0.5896,0.0852,0.5044
2025-08-04,8,78.0,28.6592,49.3408
2025-08-04,9,31.0,7.7614,23.2386
2025-08-04,10,26.0,9.013,16.987
2025-08-04,11,54.0,16.479,37.521
2025-08-04,12,6.0,0.0,6.0
2025-08-04,13,5.5,1.1046,4.3954
2025-08-04,14,57.0,17.9692,39.0308
2025-08-04,15,18.0,4.6058,13.3942
2025-08-04,16,22.0,5.7551,16.2449
2025-08-04,17,15.0,4.5727,10.4273
2025-08-04,18,15.0,4.887,10.113
2025-08-04,19,12.2499,3.4349,8.815
2025-08-04,20,8.0,2.8652,5.1348
2025-08-04,21,19.0,4.1946,14.8054
2025-08-04,22,12.5,4.1067,8.3933
2025-08-04,23,9.3279,2.3206,7.0073
2025-08-04,24,8.2441,1.2198,7.0242
2025-08-04,25,1.5,0.3643,1.1357
2025-08-04,26,1.5,0.2503,1.2497
2025-08-04,27,2250.0,722.8067,1527.1933
2025-08-04,28,600.0,173.9457,426.0543
2025-08-04,29,2900.0,987.3059,1912.6941000000002
2025-08-04,30,1700.0,977.5559,722.4441
2025-08-05,1,3.8722,1.4773,2.3948
2025-08-05,2,3.0452,1.6227,1.4225
2025-08-05,3,2.1092,1.2389,2.3703
2025-08-05,4,1.7865,0.3883,1.3983
2025-08-05,5,1.0794,0.4384,0.641
2025-08-05,6,1.5852,0.5887,0.9965
2025-08-05,7,0.5044,0.1467,0.3577
2025-08-05,8,49.3408,23.3297,26.0111
2025-08-05,9,23.2386,6.4244,16.8142
2025-08-05,10,16.987,6.1142,10.8728
2025-08-05,11,37.521,14.6859,22.8351
2025-08-05,12,6.0,1.9532,4.0468
2025-08-05,13,4.3954,1.7838,2.6116
2025-08-05,14,39.0308,13.6789,25.3519
2025-08-05,15,13.3942,5.2856,8.1087
2025-08-05,16,16.2449,6.6148,9.6301
2025-08-05,17,10.4273,4.332,6.0953
2025-08-05,18,10.113,4.8263,5.2867
2025-08-05,19,8.815,2.6582,6.1568
2025-08-05,20,5.1348,1.8964,3.2384
2025-08-05,21,14.8054,4.8038,10.0016
2025-08-05,22,8.3933,2.9706,5.4227
2025-08-05,23,7.0073,2.6244,4.3828
2025-08-05,24,7.0242,1.7524,5.2718
2025-08-05,25,1.1357,0.3127,0.823
2025-08-05,26,1.2497,0.2077,1.042
2025-08-05,27,1527.1933,555.6996,971.4937
2025-08-05,28,426.0543,156.3862,269.6681
2025-08-05,29,1959.7707,743.8469,1215.9238
2025-08-05,30,1242.5645,738.2626,504.30189999999993
2025-08-06,1,2.3948,1.4807,4.4141
2025-08-06,2,1.4225,1.4225,3.5
2025-08-06,3,2.3703,0.5444,1.8259
2025-08-06,4,1.3983,0.5762,0.822
2025-08-06,5,0.641,0.5573,1.5836
2025-08-06,6,0.9965,0.6158,1.8806
2025-08-06,7,0.3577,0.0963,0.2614
2025-08-06,8,26.0111,25.2732,61.7379
2025-08-06,9,16.8142,10.2397,24.5744
2025-08-06,10,10.8728,10.1134,20.7594
2025-08-06,11,22.8351,16.1215,42.7136
2025-08-06,12,4.0468,1.2316,2.8151
2025-08-06,13,2.6116,1.4362,4.1753
2025-08-06,14,25.3519,18.7735,43.5784
2025-08-06,15,8.1087,5.8493,13.2594
2025-08-06,16,9.6301,6.4838,17.1463
2025-08-06,17,6.0953,4.4504,11.6449
2025-08-06,18,5.2867,4.6444,11.6423
2025-08-06,19,6.1568,3.2169,9.9399
2025-08-06,20,3.2384,3.2384,6.0
2025-08-06,21,10.0016,6.9272,15.0744
2025-08-06,22,5.4227,4.7654,10.1573
2025-08-06,23,4.3828,3.5917,7.2911
2025-08-06,24,5.2718,2.3944,2.8774
2025-08-06,25,0.823,0.4251,1.398
2025-08-06,26,1.042,0.5041,0.5378
2025-08-06,27,971.4937,630.0127,1741.481
2025-08-06,28,269.6681,182.8396,436.8285
2025-08-06,29,1077.0251,979.7395,97.28560000000004
2025-08-06,30,688.7735,975.737,0.0
2025-08-07,1,4.4141,1.3964,3.0177
2025-08-07,2,3.5,1.1588,2.3412
2025-08-07,3,1.8259,0.8514,0.9745
2025-08-07,4,0.822,0.5693,1.7527
2025-08-07,5,1.5836,0.4936,1.09
2025-08-07,6,1.8806,0.4995,1.3811
2025-08-07,7,0.2614,0.1375,0.1239
2025-08-07,8,61.7379,22.4864,39.2515
2025-08-07,9,24.5744,7.6143,16.9601
2025-08-07,10,20.7594,5.8671,14.8923
2025-08-07,11,42.7136,17.0524,25.6612
2025-08-07,12,2.8151,2.2164,4.5988
2025-08-07,13,4.1753,1.271,2.9043
2025-08-07,14,43.5784,21.3116,22.2668
2025-08-07,15,13.2594,5.4108,7.8486
2025-08-07,16,17.1463,6.4968,10.6495
2025-08-07,17,11.6449,3.7589,7.886
2025-08-07,18,11.6423,4.9425,6.6998
2025-08-07,19,9.9399,3.5937,6.3462
2025-08-07,20,6.0,2.4547,3.5453
2025-08-07,21,15.0744,3.8149,11.2595
2025-08-07,22,10.1573,3.1228,7.0345
2025-08-07,23,7.2911,2.9195,4.3717
2025-08-07,24,2.8774,2.873,6.0045
2025-08-07,25,1.398,0.4858,0.9122
2025-08-07,26,0.5378,0.2581,1.2797
2025-08-07,27,1741.481,0.0,1741.481
2025-08-07,28,436.8285,180.6838,256.1447
2025-08-07,29,2170.4852,201.2927,1969.1925
2025-08-07,30,1347.0718,201.5021,1145.5697
2025-08-08,1,3.0177,1.4862,4.0315
2025-08-08,2,2.3412,1.4749,3.3663
2025-08-08,3,0.9745,0.9745,2.5
2025-08-08,4,1.7527,0.6782,1.0746
2025-08-08,5,1.09,0.4582,0.6318
2025-08-08,6,1.3811,0.469,0.9121
2025-08-08,7,0.1239,0.0791,0.5448
2025-08-08,8,39.2515,18.8054,57.4461
2025-08-08,9,16.9601,9.3638,22.5963
2025-08-08,10,14.8923,4.9559,9.9364
2025-08-08,11,25.6612,22.5909,40.0704
2025-08-08,12,4.5988,1.2948,3.304
2025-08-08,13,2.9043,1.2943,1.61
2025-08-08,14,22.2668,15.7551,43.5117
2025-08-08,15,7.8486,6.0387,12.8099
2025-08-08,16,10.6495,6.2777,16.3718
2025-08-08,17,7.886,4.2442,10.6418
2025-08-08,18,6.6998,4.6942,11.0056
2025-08-08,19,6.3462,3.6399,9.2063
2025-08-08,20,3.5453,3.0216,6.0237
2025-08-08,21,11.2595,5.03,6.2295
2025-08-08,22,7.0345,4.9978,9.5367
2025-08-08,23,4.3717,3.1659,7.2058
2025-08-08,24,6.0045,1.8198,4.1846
2025-08-08,25,0.9122,0.351,0.5612
2025-08-08,26,1.2797,0.439,0.8408
2025-08-08,27,1741.481,658.8871,1082.5939
2025-08-08,28,256.1447,150.2796,455.8651
2025-08-08,29,1301.9214,895.3101,406.6112999999999
2025-08-08,30,850.6771,898.7329,0.0
2025-08-09,1,4.0315,1.7676,2.264
2025-08-09,2,3.3663,1.4115,1.9548
2025-08-09,3,2.5,0.784,1.716
2025-08-09,4,1.0746,0.7299,2.3446
2025-08-09,5,0.6318,0.6318,1.5
2025-08-09,6,0.9121,0.7511,2.1611
2025-08-09,7,0.5448,0.1761,0.3687
2025-08-09,8,57.4461,24.5548,32.8913
2025-08-09,9,22.5963,13.5401,29.0562
2025-08-09,10,9.9364,9.9364,25.0
2025-08-09,11,40.0704,14.4209,25.6495
2025-08-09,12,3.304,2.5052,5.7988
2025-08-09,13,1.61,1.61,5.0
2025-08-09,14,43.5117,22.6529,54.8588
2025-08-09,15,12.8099,6.19,6.6199
2025-08-09,16,16.3718,7.3303,9.0415
2025-08-09,17,10.6418,5.3725,14.2693
2025-08-09,18,11.0056,5.5726,14.433
2025-08-09,19,9.2063,3.8653,5.341
2025-08-09,20,6.0237,6.0237,7.5
2025-08-09,21,6.2295,4.5898,17.6397
2025-08-09,22,9.5367,5.819,11.7176
2025-08-09,23,7.2058,1.7051,5.5007
2025-08-09,24,4.1846,0.0,4.1846
2025-08-09,25,0.5612,0.4439,1.6172
2025-08-09,26,0.8408,0.4205,1.4203
2025-08-09,27,1082.5939,808.0442,2224.5497
2025-08-09,28,455.8651,230.5398,225.3254
2025-08-09,29,2155.2197,1110.0235,1045.1962
2025-08-09,30,1283.1031,1112.8147,170.28840000000014
2025-08-10,1,2.264,1.7938,4.9702
2025-08-10,2,1.9548,1.4057,4.5491
2025-08-10,3,1.716,1.2725,2.9435
2025-08-10,4,2.3446,1.2547,1.0899
2025-08-10,5,1.5,0.5575,0.9425
2025-08-10,6,2.1611,0.7239,1.4372
2025-08-10,7,0.3687,0.1094,0.2594
2025-08-10,8,32.8913,32.8913,71.0
2025-08-10,9,29.0562,9.5082,19.548
2025-08-10,10,25.0,9.3204,15.6796
2025-08-10,11,25.6495,19.6531,49.9965
2025-08-10,12,5.7988,2.7584,3.0404
2025-08-10,13,5.0,1.2359,3.7641
2025-08-10,14,54.8588,19.4787,35.38
2025-08-10,15,6.6199,6.6199,17.0
2025-08-10,16,9.0415,8.1381,20.9034
2025-08-10,17,14.2693,5.6199,8.6494
2025-08-10,18,14.433,4.7053,9.7276
2025-08-10,19,5.341,4.3261,11.5148
2025-08-10,20,7.5,2.4934,5.0066
2025-08-10,21,17.6397,8.2038,9.4359
2025-08-10,22,11.7176,3.6446,8.0731
2025-08-10,23,5.5007,2.474,8.5267
2025-08-10,24,4.1846,2.4958,7.6888
2025-08-10,25,1.6172,0.708,0.9093
2025-08-10,26,1.4203,0.2836,1.1367
2025-08-10,27,2224.5497,900.177,1324.3727
2025-08-10,28,225.3254,205.9753,569.35
2025-08-10,29,1101.5337,1160.9012,0.0
2025-08-10,30,1700.3547,1169.3857,530.969
2025-08-11,1,4.9702,1.3727,3.5974
2025-08-11,2,4.5491,1.3965,3.1526
2025-08-11,3,2.9435,1.4854,1.4581
2025-08-11,4,1.0899,0.5493,2.0406
2025-08-11,5,0.9425,0.4673,0.4752
2025-08-11,6,1.4372,0.4466,0.9907
2025-08-11,7,0.2594,0.1048,0.1546
2025-08-11,8,71.0,22.8689,48.1311
2025-08-11,9,19.548,9.0786,10.4694
2025-08-11,10,15.6796,6.3824,9.2972
2025-08-11,11,49.9965,13.3897,36.6068
2025-08-11,12,3.0404,1.5599,4.4805
2025-08-11,13,3.7641,1.71,2.0541
2025-08-11,14,35.38,18.3282,17.0518
2025-08-11,15,17.0,4.8065,12.1935
2025-08-11,16,20.9034,6.5978,14.3057
2025-08-11,17,8.6494,3.4887,5.1607
2025-08-11,18,9.7276,4.1145,5.6132
2025-08-11,19,11.5148,3.0718,8.443
2025-08-11,20,5.0066,2.0488,2.9578
2025-08-11,21,9.4359,6.2672,14.1687
2025-08-11,22,8.0731,3.7902,4.2829
2025-08-11,23,8.5267,2.4,6.1267
2025-08-11,24,7.6888,2.5393,5.1495
2025-08-11,25,0.9093,0.2983,0.6109
2025-08-11,26,1.1367,0.3178,0.819
2025-08-11,27,1324.3727,726.5024,1697.8703
2025-08-11,28,569.35,153.8939,415.4561
2025-08-11,29,2778.7561,989.9167,1788.8394
2025-08-11,30,1185.4261,988.6433,196.78279999999995
2025-08-12,1,3.5974,1.4905,2.1069
2025-08-12,2,3.1526,1.3303,1.8223
2025-08-12,3,1.4581,0.842,2.1161
2025-08-12,4,2.0406,0.6299,1.4107
2025-08-12,5,0.4752,0.4464,1.5288
2025-08-12,6,0.9907,0.4337,0.5569
2025-08-12,7,0.1546,0.1247,0.5299
2025-08-12,8,48.1311,0.0,48.1311
2025-08-12,9,10.4694,7.4657,22.0038
2025-08-12,10,9.2972,5.895,19.4022
2025-08-12,11,36.6068,12.6442,23.9626
2025-08-12,12,4.4805,1.5539,2.9266
2025-08-12,13,2.0541,1.3717,3.6824
2025-08-12,14,17.0518,17.0518,42.0
2025-08-12,15,12.1935,5.2835,6.9101
2025-08-12,16,14.3057,8.1507,16.155
2025-08-12,17,5.1607,3.5737,10.587
2025-08-12,18,5.6132,4.659,10.9542
2025-08-12,19,8.443,3.6323,4.8107
2025-08-12,20,2.9578,1.8625,5.5953
2025-08-12,21,14.1687,4.2106,9.9582
2025-08-12,22,4.2829,3.6267,8.6562
2025-08-12,23,6.1267,2.3814,3.7453
2025-08-12,24,5.1495,2.196,2.9535
2025-08-12,25,0.6109,0.5415,1.0695
2025-08-12,26,0.819,0.4079,0.4111
2025-08-12,27,1697.8703,604.5018,1093.3685
2025-08-12,28,415.4561,170.9363,244.5198
2025-08-12,29,1928.8062,695.1672,1233.6390000000001
2025-08-12,30,692.0004,701.1885,0.0
2025-08-13,1,2.1069,1.7576,3.8493
2025-08-13,2,1.8223,1.3011,3.5212
2025-08-13,3,2.1161,0.5975,1.5186
2025-08-13,4,1.4107,0.0,1.4107
2025-08-13,5,1.5288,0.3717,1.1571
2025-08-13,6,0.5569,0.5318,1.5252
2025-08-13,7,0.5299,0.083,0.4469
2025-08-13,8,48.1311,20.1081,28.023
2025-08-13,9,22.0038,8.4446,13.5592
2025-08-13,10,19.4022,9.2383,10.1639
2025-08-13,11,23.9626,14.1404,38.8222
2025-08-13,12,2.9266,1.1467,1.7799
2025-08-13,13,3.6824,1.5498,2.1326
2025-08-13,14,42.0,18.0517,23.9483
2025-08-13,15,6.9101,4.7069,13.2032
2025-08-13,16,16.155,5.7928,10.3622
2025-08-13,17,10.587,4.1189,6.4681
2025-08-13,18,10.9542,5.1577,5.7965
2025-08-13,19,4.8107,3.0642,8.7465
2025-08-13,20,5.5953,2.9186,2.6767
2025-08-13,21,9.9582,5.256,13.7021
2025-08-13,22,8.6562,3.3606,5.2955
2025-08-13,23,3.7453,1.5207,6.7246
2025-08-13,24,2.9535,2.5495,6.404
2025-08-13,25,1.0695,0.261,0.8085
2025-08-13,26,0.4111,0.4111,1.0
2025-08-13,27,1093.3685,630.1172,1663.2513
2025-08-13,28,244.5198,143.3156,451.2041
2025-08-13,29,1147.4221,835.6446,311.77750000000003
2025-08-13,30,1259.5083,837.8358,421.6725
2025-08-14,1,3.8493,1.5349,2.3144
2025-08-14,2,3.5212,1.2805,2.2408
2025-08-14,3,1.5186,1.1043,2.4143
2025-08-14,4,1.4107,0.7366,0.6741
2025-08-14,5,1.1571,0.3915,0.7657
2025-08-14,6,1.5252,0.4167,1.1085
2025-08-14,7,0.4469,0.1003,0.3466
2025-08-14,8,28.023,27.1068,53.9162
2025-08-14,9,13.5592,6.7228,21.8364
2025-08-14,10,10.1639,7.1249,19.039
2025-08-14,11,38.8222,12.3036,26.5187
2025-08-14,12,1.7799,1.3638,4.4161
2025-08-14,13,2.1326,1.8367,3.7959
2025-08-14,14,23.9483,19.1822,41.7662
2025-08-14,15,13.2032,5.1342,8.0689
2025-08-14,16,10.3622,5.8781,15.4841
2025-08-14,17,6.4681,4.8825,10.5856
2025-08-14,18,5.7965,3.2746,10.5219
2025-08-14,19,8.7465,0.0,8.7465
2025-08-14,20,2.6767,1.9147,5.762
2025-08-14,21,13.7021,6.601,7.1011
2025-08-14,22,5.2955,2.4868,8.8087
2025-08-14,23,6.7246,2.2444,4.4802
2025-08-14,24,6.404,1.6661,4.7379
2025-08-14,25,0.8085,0.4564,1.3521
2025-08-14,26,1.0,0.7442,1.2558
2025-08-14,27,1663.2513,693.267,969.9843
2025-08-14,28,451.2041,176.8935,274.3106
2025-08-14,29,2139.2105,929.6363,1209.5742
2025-08-14,30,692.3556,932.5413,0.0
2025-08-15,1,2.3144,1.672,4.1424
2025-08-15,2,2.2408,1.3259,3.4148
2025-08-15,3,2.4143,0.9596,1.4547
2025-08-15,4,0.6741,0.6741,2.0
2025-08-15,5,0.7657,0.3889,1.3768
2025-08-15,6,1.1085,0.4707,0.6378
2025-08-15,7,0.3466,0.1026,0.244
2025-08-15,8,53.9162,28.4787,25.4374
2025-08-15,9,21.8364,8.8592,12.9772
2025-08-15,10,19.039,6.859,12.1799
2025-08-15,11,26.5187,11.5408,37.9778
2025-08-15,12,4.4161,1.8143,2.6019
2025-08-15,13,3.7959,1.3806,2.4153
2025-08-15,14,41.7662,16.638,25.1282
2025-08-15,15,8.0689,4.8338,12.2351
2025-08-15,16,15.4841,6.8606,8.6236
2025-08-15,17,10.5856,4.7025,5.8831
2025-08-15,18,10.5219,4.2214,6.3005
2025-08-15,19,8.7465,3.5099,5.2367
2025-08-15,20,5.762,1.3189,4.4431
2025-08-15,21,7.1011,4.9063,13.1948
2025-08-15,22,8.8087,2.9891,5.8196
2025-08-15,23,4.4802,2.0417,6.9385
2025-08-15,24,4.7379,2.861,5.8769
2025-08-15,25,1.3521,0.508,0.8441
2025-08-15,26,1.2558,0.4392,0.8167
2025-08-15,27,969.9843,498.9138,1621.0706
2025-08-15,28,274.3106,146.7984,427.5123
2025-08-15,29,1436.7048,709.9485,726.7563
2025-08-15,30,1308.9075,711.7845,597.123
2025-08-16,1,4.1424,2.3351,4.8073
2025-08-16,2,3.4148,2.3048,4.11
2025-08-16,3,1.4547,1.1073,2.8474
2025-08-16,4,2.0,0.738,1.262
2025-08-16,5,1.3768,0.6087,0.7681
2025-08-16,6,0.6378,0.5386,2.0993
2025-08-16,7,0.244,0.1641,0.5799
2025-08-16,8,25.4374,25.4374,71.0
2025-08-16,9,12.9772,12.9772,28.0
2025-08-16,10,12.1799,8.5998,24.5802
2025-08-16,11,37.9778,21.4384,49.5394
2025-08-16,12,2.6019,2.4808,5.6211
2025-08-16,13,2.4153,1.9554,4.9599
2025-08-16,14,25.1282,20.1729,52.9553
2025-08-16,15,12.2351,5.0884,7.1467
2025-08-16,16,8.6236,7.476,20.1476
2025-08-16,17,5.8831,5.1671,13.716
2025-08-16,18,6.3005,4.2524,14.0481
2025-08-16,19,5.2367,2.908,11.3287
2025-08-16,20,4.4431,3.0176,6.9256
2025-08-16,21,13.1948,5.9337,7.2612
2025-08-16,22,5.8196,4.3876,11.4321
2025-08-16,23,6.9385,4.4283,8.5101
2025-08-16,24,5.8769,3.2674,7.6095
2025-08-16,25,0.8441,0.3446,1.4994
2025-08-16,26,0.8167,0.2113,0.6054
2025-08-16,27,1621.0706,913.9177,2107.1529
2025-08-16,28,427.5123,177.7137,249.7986
2025-08-16,29,2070.5332,1194.2281,876.3050999999998
2025-08-16,30,863.898,1196.8528,0.0
2025-08-17,1,4.8073,2.4836,2.3237
2025-08-17,2,4.11,1.889,2.221
2025-08-17,3,2.8474,1.343,1.5045
2025-08-17,4,1.262,0.6507,2.1114
2025-08-17,5,0.7681,0.5219,1.7463
2025-08-17,6,2.0993,0.7456,1.3536
2025-08-17,7,0.5799,0.2295,0.3504
2025-08-17,8,71.0,32.4961,38.5039
2025-08-17,9,28.0,14.2167,13.7833
2025-08-17,10,24.5802,10.1247,14.4555
2025-08-17,11,49.5394,13.9496,35.5898
2025-08-17,12,5.6211,1.5008,4.1203
2025-08-17,13,4.9599,1.7907,3.1692
2025-08-17,14,52.9553,22.4134,30.5418
2025-08-17,15,7.1467,5.8051,16.3415
2025-08-17,16,20.1476,6.8379,13.3097
2025-08-17,17,13.716,5.5117,8.2043
2025-08-17,18,14.0481,6.2778,7.7703
2025-08-17,19,11.3287,6.1006,5.2281
2025-08-17,20,6.9256,2.6128,4.3128
2025-08-17,21,7.2612,3.5891,17.6721
2025-08-17,22,11.4321,3.9684,7.4637
2025-08-17,23,8.5101,4.7465,3.7637
2025-08-17,24,7.6095,2.2996,5.3098
2025-08-17,25,1.4994,0.3971,1.1023
2025-08-17,26,0.6054,0.4387,1.1666
2025-08-17,27,2107.1529,880.4378,1226.7151
2025-08-17,28,249.7986,217.7354,532.0632
2025-08-17,29,1137.8685,1247.582,0.0
2025-08-17,30,1595.3412,1225.6695,369.6717000000001
2025-08-18,1,2.3237,1.7865,4.0372
2025-08-18,2,2.221,1.1847,3.0363
2025-08-18,3,1.5045,0.6948,2.3097
2025-08-18,4,2.1114,0.5937,1.5177
2025-08-18,5,1.7463,0.3449,1.4014
2025-08-18,6,1.3536,0.4345,0.9191
2025-08-18,7,0.3504,0.0763,0.2741
2025-08-18,8,38.5039,17.4071,21.0968
2025-08-18,9,13.7833,6.0287,20.7546
2025-08-18,10,14.4555,6.0164,8.4392
2025-08-18,11,35.5898,12.6449,22.9449
2025-08-18,12,4.1203,1.6656,2.4547
2025-08-18,13,3.1692,1.1451,2.024
2025-08-18,14,30.5418,16.3489,40.193
2025-08-18,15,16.3415,5.5352,10.8063
2025-08-18,16,13.3097,6.2449,7.0648
2025-08-18,17,8.2043,4.2027,4.0016
2025-08-18,18,7.7703,4.061,10.7093
2025-08-18,19,5.2281,4.6119,8.6161
2025-08-18,20,4.3128,2.1073,2.2055
2025-08-18,21,17.6721,3.6389,14.0332
2025-08-18,22,7.4637,3.6007,3.863
2025-08-18,23,3.7637,2.512,6.2517
2025-08-18,24,5.3098,2.8235,2.4864
2025-08-18,25,1.1023,0.4263,0.676
2025-08-18,26,1.1666,0.3456,0.821
2025-08-18,27,1226.7151,607.9073,1618.8078
2025-08-18,28,532.0632,154.0413,378.0219
2025-08-18,29,2598.2904,802.6085,1795.6818999999998
2025-08-18,30,1079.6449,796.16,283.48490000000004
2025-08-19,1,4.0372,1.3887,2.6485
2025-08-19,2,3.0363,0.8734,2.1629
2025-08-19,3,2.3097,0.7473,1.5623
2025-08-19,4,1.5177,0.627,0.8907
2025-08-19,5,1.4014,0.4662,0.9352
2025-08-19,6,0.9191,0.2559,0.6633
2025-08-19,7,0.2741,0.1291,0.145
2025-08-19,8,21.0968,21.0968,52.0
2025-08-19,9,20.7546,8.8016,11.9531
2025-08-19,10,8.4392,8.4392,18.0
2025-08-19,11,22.9449,15.3496,36.5953
2025-08-19,12,2.4547,1.7926,4.162
2025-08-19,13,2.024,1.2324,3.7916
2025-08-19,14,40.193,17.3324,22.8606
2025-08-19,15,10.8063,4.5099,6.2964
2025-08-19,16,7.0648,5.9251,15.1398
2025-08-19,17,4.0016,3.9708,10.0308
2025-08-19,18,10.7093,3.9628,6.7465
2025-08-19,19,8.6161,2.6318,5.9843
2025-08-19,20,2.2055,1.7583,5.4472
2025-08-19,21,14.0332,5.0923,8.9409
2025-08-19,22,3.863,2.7429,8.62
2025-08-19,23,6.2517,1.9492,4.3025
2025-08-19,24,2.4864,1.719,5.7673
2025-08-19,25,0.676,0.4747,1.2013
2025-08-19,26,0.821,0.0,0.821
2025-08-19,27,1618.8078,592.0197,1026.7882
2025-08-19,28,378.0219,181.833,196.1889
2025-08-19,29,1858.6622,825.4098,1033.2523999999999
2025-08-19,30,604.3208,820.8841,0.0
2025-08-20,1,2.6485,1.1089,1.5396
2025-08-20,2,2.1629,1.2268,3.436
2025-08-20,3,1.5623,0.5128,1.0496
2025-08-20,4,0.8907,0.5304,1.8603
2025-08-20,5,0.9352,0.3781,0.5571
2025-08-20,6,0.6633,0.5052,1.6581
2025-08-20,7,0.145,0.0955,0.5495
2025-08-20,8,52.0,17.4269,34.5731
2025-08-20,9,11.9531,9.2788,20.6742
2025-08-20,10,18.0,7.9649,10.0351
2025-08-20,11,36.5953,16.5046,20.0908
2025-08-20,12,4.162,1.1188,3.0432
2025-08-20,13,3.7916,1.9359,1.8557
2025-08-20,14,22.8606,14.4456,39.415
2025-08-20,15,6.2964,4.4023,11.8942
2025-08-20,16,15.1398,5.5334,9.6064
2025-08-20,17,10.0308,4.2202,5.8106
2025-08-20,18,6.7465,3.9574,9.7891
2025-08-20,19,5.9843,2.4087,3.5756
2025-08-20,20,5.4472,1.4602,3.9871
2025-08-20,21,8.9409,3.9303,5.0106
2025-08-20,22,8.62,3.4469,5.1732
2025-08-20,23,4.3025,2.0964,6.2061
2025-08-20,24,5.7673,2.9843,2.783
2025-08-20,25,1.2013,0.2468,0.9545
2025-08-20,26,0.821,0.4506,0.3704
2025-08-20,27,1026.7882,584.1165,1592.6716
2025-08-20,28,196.1889,174.748,421.4408
2025-08-20,29,1182.4278,774.704,407.7238
2025-08-20,30,1214.7334,779.5017,435.23170000000005
2025-08-21,1,1.5396,1.5396,3.5
2025-08-21,2,3.436,1.0181,2.418
2025-08-21,3,1.0496,0.7803,2.2693
2025-08-21,4,1.8603,0.5049,1.3554
2025-08-21,5,0.5571,0.4816,1.0755
2025-08-21,6,1.6581,0.6967,0.9613
2025-08-21,7,0.5495,0.0936,0.4558
2025-08-21,8,34.5731,17.832,50.7411
2025-08-21,9,20.6742,10.2317,10.4425
2025-08-21,10,10.0351,7.042,17.9931
2025-08-21,11,20.0908,18.538,35.5528
2025-08-21,12,3.0432,1.595,3.9482
2025-08-21,13,1.8557,1.5447,3.8109
2025-08-21,14,39.415,12.7235,26.6915
2025-08-21,15,11.8942,4.4831,7.4111
2025-08-21,16,9.6064,5.4461,15.1603
2025-08-21,17,5.8106,3.6883,10.1223
2025-08-21,18,9.7891,3.4785,6.3106
2025-08-21,19,3.5756,2.4132,8.1624
2025-08-21,20,3.9871,1.4825,2.5046
2025-08-21,21,5.0106,5.0106,13.0
2025-08-21,22,5.1732,3.1722,8.501
2025-08-21,23,6.2061,3.5012,2.7049
2025-08-21,24,2.783,2.0585,5.7246
2025-08-21,25,0.9545,0.9545,1.0
2025-08-21,26,0.3704,0.236,1.1344
2025-08-21,27,1592.6716,683.2763,909.3953
2025-08-21,28,421.4408,138.7672,282.6737
2025-08-21,29,2031.2496,857.2922,1173.9574000000002
2025-08-21,30,760.2712,864.3264,0.0
2025-08-22,1,3.5,1.3381,2.1619
2025-08-22,2,2.418,1.0577,1.3602
2025-08-22,3,2.2693,0.8112,1.4581
2025-08-22,4,1.3554,0.6656,0.6898
2025-08-22,5,1.0755,0.364,0.7115
2025-08-22,6,0.9613,0.4469,0.5144
2025-08-22,7,0.4558,0.0894,0.3664
2025-08-22,8,50.7411,18.5066,32.2345
2025-08-22,9,10.4425,7.2975,21.145
2025-08-22,10,17.9931,7.5178,10.4753
2025-08-22,11,35.5528,13.6242,21.9286
2025-08-22,12,3.9482,1.5102,2.438
2025-08-22,13,3.8109,1.3065,2.5044
2025-08-22,14,26.6915,19.4561,39.2354
2025-08-22,15,7.4111,5.7897,12.6214
2025-08-22,16,15.1603,5.1885,9.9718
2025-08-22,17,10.1223,3.882,6.2403
2025-08-22,18,6.3106,3.4149,9.8957
2025-08-22,19,8.1624,3.0751,5.0873
2025-08-22,20,2.5046,2.3216,5.183
2025-08-22,21,13.0,6.3317,6.6683
2025-08-22,22,8.501,2.4687,6.0323
2025-08-22,23,2.7049,2.7049,6.5
2025-08-22,24,5.7246,1.4817,4.2428
2025-08-22,25,1.0,0.3961,0.6039
2025-08-22,26,1.1344,0.3131,0.8213
2025-08-22,27,909.3953,649.1367,1560.2586
2025-08-22,28,282.6737,179.8454,402.8283
2025-08-22,29,2031.2496,891.015,1140.2346000000002
2025-08-22,30,1203.9625,895.5256,308.43690000000004
2025-08-23,1,2.1619,1.9159,4.7459
2025-08-23,2,1.3602,1.3602,4.0
2025-08-23,3,1.4581,0.9472,3.0108
2025-08-23,4,0.6898,0.6898,2.0
2025-08-23,5,0.7115,0.4416,1.77
2025-08-23,6,0.5144,0.4521,2.0622
2025-08-23,7,0.3664,0.0886,0.2778
2025-08-23,8,32.2345,30.0935,67.141
2025-08-23,9,21.145,10.3391,10.8059
2025-08-23,10,10.4753,8.2616,23.2137
2025-08-23,11,21.9286,18.1129,46.8157
2025-08-23,12,2.438,2.438,5.5
2025-08-23,13,2.5044,1.3505,4.6539
2025-08-23,14,39.2354,20.4567,50.7787
2025-08-23,15,12.6214,5.8691,6.7523
2025-08-23,16,9.9718,8.6231,19.3488
2025-08-23,17,6.2403,4.6951,12.5452
2025-08-23,18,9.8957,4.6626,5.2331
2025-08-23,19,5.0873,3.7289,10.8584
2025-08-23,20,5.183,1.8286,3.3544
2025-08-23,21,6.6683,5.8284,16.8399
2025-08-23,22,6.0323,3.4824,11.0499
2025-08-23,23,6.5,3.478,8.022
2025-08-23,24,4.2428,3.4516,6.7912
2025-08-23,25,0.6039,0.543,1.5609
2025-08-23,26,0.8213,0.5557,1.2656
2025-08-23,27,1560.2586,749.65,810.6086
2025-08-23,28,402.8283,201.396,201.4322
2025-08-23,29,2031.2496,1038.9018,992.3478
2025-08-23,30,825.7963,1049.9049,0.0
2025-08-24,1,4.7459,1.4016,3.3444
2025-08-24,2,4.0,1.4854,2.5146
2025-08-24,3,3.0108,0.8551,2.1558
2025-08-24,4,2.0,1.0865,0.9135
2025-08-24,5,1.77,0.5775,1.1925
2025-08-24,6,2.0622,0.7566,1.3057
2025-08-24,7,0.2778,0.0954,0.1824
2025-08-24,8,67.141,22.8812,44.2599
2025-08-24,9,10.8059,9.9127,25.8933
2025-08-24,10,23.2137,7.3673,15.8464
2025-08-24,11,46.8157,12.6853,34.1304
2025-08-24,12,5.5,2.4607,3.0393
2025-08-24,13,4.6539,1.7869,2.8669
2025-08-24,14,50.7787,22.9112,27.8675
2025-08-24,15,6.7523,5.6179,15.1344
2025-08-24,16,19.3488,9.2011,10.1477
2025-08-24,17,12.5452,4.0404,8.5049
2025-08-24,18,5.2331,4.8293,12.4038
2025-08-24,19,10.8584,3.2951,7.5633
2025-08-24,20,3.3544,2.7348,6.6196
2025-08-24,21,16.8399,3.8464,12.9936
2025-08-24,22,11.0499,4.5187,6.5313
2025-08-24,23,8.022,2.7243,5.2977
2025-08-24,24,6.7912,3.8476,2.9436
2025-08-24,25,1.5609,0.6448,0.9161
2025-08-24,26,1.2656,0.4928,0.7727
2025-08-24,27,810.6086,804.9543,2005.6543
2025-08-24,28,201.4322,185.2397,516.1926
2025-08-24,29,2556.1736,977.0369,1579.1367
2025-08-24,30,1502.7901,988.451,514.3390999999999
2025-08-25,1,3.3444,1.4347,1.9097
2025-08-25,2,2.5146,0.8565,1.6581
2025-08-25,3,2.1558,0.829,1.3268
2025-08-25,4,0.9135,0.5435,1.87
2025-08-25,5,1.1925,0.4169,0.7757
2025-08-25,6,1.3057,0.0,1.3057
2025-08-25,7,0.1824,0.0641,0.1184
2025-08-25,8,44.2599,22.5517,21.7082
2025-08-25,9,25.8933,6.9056,18.9876
2025-08-25,10,15.8464,6.2355,9.6108
2025-08-25,11,34.1304,13.8735,20.2569
2025-08-25,12,3.0393,1.2727,1.7666
2025-08-25,13,2.8669,0.9479,1.9191
2025-08-25,14,27.8675,16.6865,38.181
2025-08-25,15,15.1344,4.5625,10.5719
2025-08-25,16,10.1477,5.3085,14.8392
2025-08-25,17,8.5049,4.0996,4.4053
2025-08-25,18,12.4038,4.0192,8.3846
2025-08-25,19,7.5633,3.4541,4.1092
2025-08-25,20,6.6196,2.6755,3.9441
2025-08-25,21,12.9936,3.974,9.0196
2025-08-25,22,6.5313,2.7484,3.7828
2025-08-25,23,5.2977,2.2383,3.0595
2025-08-25,24,2.9436,2.4065,5.5371
2025-08-25,25,0.9161,0.2057,0.7104
2025-08-25,26,0.7727,0.3785,0.3943
2025-08-25,27,2005.6543,582.3189,1423.3354
2025-08-25,28,516.1926,139.6242,376.5684
2025-08-25,29,1652.9705,788.7631,864.2073999999999
2025-08-25,30,940.2248,798.3349,141.8899
2025-08-26,1,1.9097,1.3367,3.5729
2025-08-26,2,1.6581,1.5345,3.1236
2025-08-26,3,1.3268,0.9178,2.409
2025-08-26,4,1.87,0.6893,1.1807
2025-08-26,5,0.7757,0.3491,0.4266
2025-08-26,6,1.3057,0.3782,0.9275
2025-08-26,7,0.1184,0.1184,0.5
2025-08-26,8,21.7082,21.7082,51.0
2025-08-26,9,18.9876,8.0963,10.8913
2025-08-26,10,9.6108,8.2109,17.4
2025-08-26,11,20.2569,9.6079,35.649
2025-08-26,12,1.7666,1.2808,3.9858
2025-08-26,13,1.9191,1.6521,3.7669
2025-08-26,14,38.181,14.3335,23.8475
2025-08-26,15,10.5719,4.5739,5.998
2025-08-26,16,14.8392,5.2105,9.6287
2025-08-26,17,4.4053,3.6297,9.7756
2025-08-26,18,8.3846,3.7805,4.6041
2025-08-26,19,4.1092,3.3431,8.2661
2025-08-26,20,3.9441,2.5717,5.3724
2025-08-26,21,9.0196,4.6575,12.3621
2025-08-26,22,3.7828,1.9248,8.358
2025-08-26,23,3.0595,2.0556,6.5039
2025-08-26,24,5.5371,2.7523,2.7849
2025-08-26,25,0.7104,0.4604,1.2501
2025-08-26,26,0.3943,0.2593,1.135
2025-08-26,27,1423.3354,558.4701,864.8653
2025-08-26,28,376.5684,140.3802,236.1882
2025-08-26,29,770.4123,671.6861,98.72619999999995
2025-08-26,30,1127.1505,671.0212,456.12929999999994
2025-08-27,1,3.5729,1.7017,1.8712
2025-08-27,2,3.1236,0.9316,2.192
2025-08-27,3,2.409,0.6493,1.7598
2025-08-27,4,1.1807,0.5078,0.6729
2025-08-27,5,0.4266,0.3812,0.0453
2025-08-27,6,0.9275,0.6152,0.3123
2025-08-27,7,0.5,0.0899,0.4101
2025-08-27,8,51.0,15.3998,35.6002
2025-08-27,9,10.8913,8.9247,1.9666
2025-08-27,10,17.4,0.0,17.4
2025-08-27,11,35.649,12.3212,23.3278
2025-08-27,12,3.9858,1.5841,2.4017
2025-08-27,13,3.7669,1.3719,2.395
2025-08-27,14,23.8475,13.2254,10.6221
2025-08-27,15,5.998,4.5397,1.4583
2025-08-27,16,9.6287,7.0114,2.6173
2025-08-27,17,9.7756,4.5886,5.187
2025-08-27,18,4.6041,3.7282,0.8758
2025-08-27,19,8.2661,3.1692,5.0969
2025-08-27,20,5.3724,1.9251,3.4472
2025-08-27,21,12.3621,4.2307,8.1314
2025-08-27,22,8.358,3.0078,5.3502
2025-08-27,23,6.5039,1.3902,5.1137
2025-08-27,24,2.7849,2.5658,0.2191
2025-08-27,25,1.2501,0.0,1.2501
2025-08-27,26,1.135,0.2586,0.8764
2025-08-27,27,864.8653,575.8262,289.0391
2025-08-27,28,236.1882,151.0997,85.0884
2025-08-27,29,1919.3358,713.7308,1205.605
2025-08-27,30,668.8317,718.9071,0.0
2025-08-28,1,1.8712,1.038,3.8332
2025-08-28,2,2.192,1.2881,2.9039
2025-08-28,3,1.7598,0.653,1.1068
2025-08-28,4,0.6729,0.6729,1.5
2025-08-28,5,0.0453,0.0453,1.0
2025-08-28,6,0.3123,0.3123,1.5
2025-08-28,7,0.4101,0.0893,0.3207
2025-08-28,8,35.6002,22.155,51.4452
2025-08-28,9,1.9666,0.0,19.9666
2025-08-28,10,17.4,7.7919,9.6081
2025-08-28,11,23.3278,14.3692,35.9586
2025-08-28,12,2.4017,1.3789,4.0227
2025-08-28,13,2.395,1.0893,3.3057
2025-08-28,14,10.6221,10.6221,38.0
2025-08-28,15,1.4583,1.4583,12.0
2025-08-28,16,2.6173,2.6173,14.0
2025-08-28,17,5.187,3.8688,9.3181
2025-08-28,18,0.8758,0.8758,10.0
2025-08-28,19,5.0969,2.5975,8.4994
2025-08-28,20,3.4472,2.575,5.3722
2025-08-28,21,8.1314,3.3879,12.7435
2025-08-28,22,5.3502,2.3878,8.4623
2025-08-28,23,5.1137,1.6203,3.4933
2025-08-28,24,0.2191,0.2191,6.0
2025-08-28,25,1.2501,0.3556,0.8945
2025-08-28,26,0.8764,0.2133,0.6631
2025-08-28,27,289.0391,0.0,1489.0391
2025-08-28,28,85.0884,85.0884,400.0
2025-08-28,29,1163.5259,85.0217,1078.5042
2025-08-28,30,208.7071,84.4161,124.291
2025-08-29,1,3.8332,1.5142,2.319
2025-08-29,2,2.9039,0.9015,2.0025
2025-08-29,3,1.1068,0.8705,2.2363
2025-08-29,4,1.5,0.5398,0.9602
2025-08-29,5,1.0,0.2828,0.7172
2025-08-29,6,1.5,0.4862,1.0138
2025-08-29,7,0.3207,0.0961,0.2246
2025-08-29,8,51.4452,17.5813,33.8639
2025-08-29,9,19.9666,6.8972,13.0694
2025-08-29,10,9.6081,5.7522,16.8559
2025-08-29,11,35.9586,18.1954,17.7632
2025-08-29,12,4.0227,1.2494,2.7733
2025-08-29,13,3.3057,1.8455,1.4602
2025-08-29,14,38.0,15.291,22.709
2025-08-29,15,12.0,4.5286,7.4714
2025-08-29,16,14.0,5.7254,8.2746
2025-08-29,17,9.3181,3.8503,5.4679
2025-08-29,18,10.0,3.3656,6.6344
2025-08-29,19,8.4994,3.4569,5.0425
2025-08-29,20,5.3722,2.472,2.9003
2025-08-29,21,12.7435,4.3705,8.373
2025-08-29,22,8.4623,3.3003,5.162
2025-08-29,23,3.4933,2.3093,5.6841
2025-08-29,24,6.0,1.7425,4.2575
2025-08-29,25,0.8945,0.327,0.5674
2025-08-29,26,0.6631,0.2877,0.3754
2025-08-29,27,1489.0391,668.2498,820.7893
2025-08-29,28,400.0,121.6119,278.3881
2025-08-29,29,1900.7229,795.2258,1105.4971
2025-08-29,30,1200.0,795.7971,404.2029
2025-08-30,1,2.319,1.5055,4.3135
2025-08-30,2,2.0025,1.5978,3.9047
2025-08-30,3,2.2363,0.9903,1.2461
2025-08-30,4,0.9602,0.6096,1.8506
2025-08-30,5,0.7172,0.4619,1.2553
2025-08-30,6,1.0138,0.48,1.5339
2025-08-30,7,0.2246,0.1332,0.5914
2025-08-30,8,33.8639,25.797,59.0669
2025-08-30,9,13.0694,10.2763,23.7931
2025-08-30,10,16.8559,5.7716,11.0843
2025-08-30,11,17.7632,17.3602,41.4031
2025-08-30,12,2.7733,2.0957,5.1776
2025-08-30,13,1.4602,1.2545,4.2058
2025-08-30,14,22.709,17.2455,47.4635
2025-08-30,15,7.4714,6.4347,15.0367
2025-08-30,16,8.2746,6.5543,17.7203
2025-08-30,17,5.4679,4.0796,12.3883
2025-08-30,18,6.6344,4.9746,12.6598
2025-08-30,19,5.0425,1.9238,9.6187
2025-08-30,20,2.9003,1.9524,5.9479
2025-08-30,21,8.373,8.373,15.0
2025-08-30,22,5.162,5.162,9.5
2025-08-30,23,5.6841,2.4197,3.2644
2025-08-30,24,4.2575,3.9396,6.3179
2025-08-30,25,0.5674,0.4126,1.6549
2025-08-30,26,0.3754,0.3754,1.0
2025-08-30,27,820.7893,820.7893,1900.0
2025-08-30,28,278.3881,200.4716,477.9165
2025-08-30,29,1071.211,1016.2338,54.97720000000004
2025-08-30,30,842.4021,1028.9181,0.0
2025-08-31,1,4.3135,1.5597,2.7537
2025-08-31,2,3.9047,1.1194,2.7853
2025-08-31,3,1.2461,0.8964,2.3497
2025-08-31,4,1.8506,0.6634,1.1873
2025-08-31,5,1.2553,0.3005,0.9549
2025-08-31,6,1.5339,0.4547,1.0792
2025-08-31,7,0.5914,0.1043,0.4872
2025-08-31,8,59.0669,23.2729,35.794
2025-08-31,9,23.7931,8.3614,15.4316
2025-08-31,10,11.0843,7.9668,21.1175
2025-08-31,11,41.4031,16.0812,25.3219
2025-08-31,12,5.1776,1.9906,3.187
2025-08-31,13,4.2058,1.9315,2.2743
2025-08-31,14,47.4635,18.2,29.2635
2025-08-31,15,15.0367,7.5514,7.4852
2025-08-31,16,17.7203,7.3952,10.3252
2025-08-31,17,12.3883,4.3164,8.0719
2025-08-31,18,12.6598,4.0762,8.5836
2025-08-31,19,9.6187,3.6486,5.9701
2025-08-31,20,5.9479,2.0377,3.9102
2025-08-31,21,15.0,5.1996,9.8004
2025-08-31,22,9.5,2.691,6.809
2025-08-31,23,3.2644,0.0,3.2644
2025-08-31,24,6.3179,3.0987,3.2192
2025-08-31,25,1.6549,0.3712,1.2837
2025-08-31,26,1.0,0.3324,0.6676
2025-08-31,27,1900.0,592.7621,1307.2379
2025-08-31,28,477.9165,200.6759,277.2406
2025-08-31,29,2425.8991,712.773,1713.1261
2025-08-31,30,1462.501,707.6283,754.8727
2025-09-01,1,2.7537,0.8067,1.9471
2025-09-01,2,2.7853,1.0145,1.7708
2025-09-01,3,2.3497,0.6967,1.653
2025-09-01,4,1.1873,0.4755,0.7118
2025-09-01,5,0.9549,0.4373,0.5176
2025-09-01,6,1.0792,0.4966,0.5826
2025-09-01,7,0.4872,0.1002,0.3869
2025-09-01,8,35.794,20.8149,48.979
2025-09-01,9,15.4316,8.0663,19.3654
2025-09-01,10,21.1175,4.644,16.4735
2025-09-01,11,25.3219,13.7571,33.5647
2025-09-01,12,3.187,1.1064,2.0806
2025-09-01,13,2.2743,1.1684,3.6058
2025-09-01,14,29.2635,14.5855,14.678
2025-09-01,15,7.4852,4.1718,11.3135
2025-09-01,16,10.3252,4.8613,5.4639
2025-09-01,17,8.0719,3.03,5.0418
2025-09-01,18,8.5836,3.5086,5.0749
2025-09-01,19,5.9701,2.0522,3.9179
2025-09-01,20,3.9102,0.0,3.9102
2025-09-01,21,9.8004,3.7619,6.0385
2025-09-01,22,6.809,0.0,6.809
2025-09-01,23,3.2644,3.0498,6.2146
2025-09-01,24,3.2192,2.2388,4.9804
2025-09-01,25,1.2837,0.3461,0.9375
2025-09-01,26,0.6676,0.5347,1.133
2025-09-01,27,1307.2379,530.323,776.9149
2025-09-01,28,277.2406,105.7598,171.4808
2025-09-01,29,1535.7117,707.9799,827.7318
2025-09-01,30,1011.5627,705.2785,306.28419999999994
2025-09-02,1,1.9471,1.3247,3.6223
2025-09-02,2,1.7708,1.7708,3.0
2025-09-02,3,1.653,0.5871,1.0659
2025-09-02,4,0.7118,0.5435,1.6683
2025-09-02,5,0.5176,0.3721,1.1455
2025-09-02,6,0.5826,0.4786,1.104
2025-09-02,7,0.3869,0.1304,0.2565
2025-09-02,8,48.979,15.7837,33.1954
2025-09-02,9,19.3654,7.5171,11.8483
2025-09-02,10,16.4735,5.7112,10.7622
2025-09-02,11,33.5647,12.0665,21.4982
2025-09-02,12,2.0806,1.4367,3.6439
2025-09-02,13,3.6058,0.9713,2.6345
2025-09-02,14,14.678,14.5364,36.1416
2025-09-02,15,11.3135,3.4421,7.8714
2025-09-02,16,5.4639,0.0,5.4639
2025-09-02,17,5.0418,3.6017,9.4401
2025-09-02,18,5.0749,3.4234,9.6516
2025-09-02,19,3.9179,3.2613,7.6566
2025-09-02,20,3.9102,2.1221,4.7881
2025-09-02,21,6.0385,3.2371,11.8014
2025-09-02,22,6.809,3.1372,3.6718
2025-09-02,23,6.2146,1.8522,4.3624
2025-09-02,24,4.9804,2.0746,2.9058
2025-09-02,25,0.9375,0.4004,0.5371
2025-09-02,26,1.133,0.0,1.133
2025-09-02,27,776.9149,551.3886,1425.5263
2025-09-02,28,171.4808,143.3248,378.156
2025-09-02,29,1535.7117,734.8673,800.8444000000001
2025-09-02,30,561.0107,743.4538,0.0
2025-09-03,1,3.6223,1.1223,2.5
2025-09-03,2,3.0,1.0725,1.9275
2025-09-03,3,1.0659,0.8576,2.2083
2025-09-03,4,1.6683,0.3319,1.3364
2025-09-03,5,1.1455,0.2962,0.8492
2025-09-03,6,1.104,0.4674,0.6366
2025-09-03,7,0.2565,0.0995,0.1571
2025-09-03,8,33.1954,15.4458,45.7496
2025-09-03,9,11.8483,7.7678,18.0805
2025-09-03,10,10.7622,8.2329,16.5293
2025-09-03,11,21.4982,13.0181,31.4801
2025-09-03,12,3.6439,1.3428,2.3012
2025-09-03,13,2.6345,1.6247,3.5098
2025-09-03,14,36.1416,10.6749,25.4667
2025-09-03,15,7.8714,4.1178,10.7537
2025-09-03,16,5.4639,5.1403,13.3236
2025-09-03,17,9.4401,3.6116,5.8285
2025-09-03,18,9.6516,3.5692,6.0823
2025-09-03,19,7.6566,2.645,5.0116
2025-09-03,20,4.7881,1.887,2.9011
2025-09-03,21,11.8014,5.5252,6.2762
2025-09-03,22,3.6718,3.075,7.5969
2025-09-03,23,4.3624,1.7667,2.5957
2025-09-03,24,2.9058,2.2865,4.6193
2025-09-03,25,0.5371,0.3114,1.2257
2025-09-03,26,1.133,0.267,0.8659
2025-09-03,27,1425.5263,527.3887,898.1377
2025-09-03,28,378.156,138.3347,239.8212
2025-09-03,29,806.3289,691.2624,115.06650000000002
2025-09-03,30,1129.5828,689.9301,439.65269999999987
2025-09-04,1,2.5,1.181,1.3191
2025-09-04,2,1.9275,1.1179,2.8096
2025-09-04,3,2.2083,0.899,1.3093
2025-09-04,4,1.3364,0.4816,0.8549
2025-09-04,5,0.8492,0.4056,0.4436
2025-09-04,6,0.6366,0.6366,1.5
2025-09-04,7,0.1571,0.1232,0.5338
2025-09-04,8,45.7496,22.5701,23.1795
2025-09-04,9,18.0805,7.5503,10.5302
2025-09-04,10,16.5293,5.8823,10.647
2025-09-04,11,31.4801,11.7746,19.7055
2025-09-04,12,2.3012,1.2277,3.5735
2025-09-04,13,3.5098,1.3945,2.1153
2025-09-04,14,25.4667,13.0183,35.4484
2025-09-04,15,10.7537,3.7677,6.986
2025-09-04,16,13.3236,4.0746,9.249
2025-09-04,17,5.8285,3.8177,9.0108
2025-09-04,18,6.0823,3.7245,9.3579
2025-09-04,19,5.0116,2.8442,7.1674
2025-09-04,20,2.9011,1.5453,4.8558
2025-09-04,21,6.2762,3.6201,11.6561
2025-09-04,22,7.5969,3.0363,4.5606
2025-09-04,23,2.5957,1.948,5.6477
2025-09-04,24,4.6193,0.0,4.6193
2025-09-04,25,1.2257,0.5302,0.6955
2025-09-04,26,0.8659,0.2746,0.5913
2025-09-04,27,898.1377,588.873,1409.2647
2025-09-04,28,239.8212,130.3389,359.4823
2025-09-04,29,1825.573,692.7593,1132.8137000000002
2025-09-04,30,611.7926,691.8161,0.0
2025-09-05,1,1.3191,0.9707,3.3484
2025-09-05,2,2.8096,1.1051,1.7044
2025-09-05,3,1.3093,0.8285,1.9808
2025-09-05,4,0.8549,0.5216,1.8333
2025-09-05,5,0.4436,0.2912,1.1524
2025-09-05,6,1.5,0.4775,1.0225
2025-09-05,7,0.5338,0.0837,0.4501
2025-09-05,8,23.1795,18.4078,44.7717
2025-09-05,9,10.5302,9.4896,18.0406
2025-09-05,10,10.647,7.2524,16.3946
2025-09-05,11,19.7055,9.1926,31.513
2025-09-05,12,3.5735,1.4161,2.1574
2025-09-05,13,2.1153,0.8886,3.2268
2025-09-05,14,35.4484,17.6342,17.8142
2025-09-05,15,6.986,5.5971,11.3889
2025-09-05,16,9.249,4.4126,13.8364
2025-09-05,17,9.0108,3.8827,5.1281
2025-09-05,18,9.3579,3.9927,5.3652
2025-09-05,19,7.1674,2.4138,4.7536
2025-09-05,20,4.8558,1.7625,3.0933
2025-09-05,21,11.6561,5.8062,5.8498
2025-09-05,22,4.5606,2.2655,7.2951
2025-09-05,23,5.6477,1.8859,3.7618
2025-09-05,24,4.6193,0.9639,3.6554
2025-09-05,25,0.6955,0.0,0.6955
2025-09-05,26,0.5913,0.5348,1.0565
2025-09-05,27,1409.2647,610.5351,798.7296
2025-09-05,28,359.4823,155.2975,204.1848
2025-09-05,29,1018.5323,742.1762,276.35609999999997
2025-09-05,30,1130.195,741.0987,389.0962999999999
2025-09-06,1,3.3484,1.341,2.0074
2025-09-06,2,1.7044,1.2871,3.9173
2025-09-06,3,1.9808,0.9177,1.0631
2025-09-06,4,1.8333,0.512,1.3213
2025-09-06,5,1.1524,0.4575,0.6949
2025-09-06,6,1.0225,0.6317,1.8908
2025-09-06,7,0.4501,0.1006,0.3495
2025-09-06,8,44.7717,33.0306,61.7411
2025-09-06,9,18.0406,10.7157,24.3248
2025-09-06,10,16.3946,4.9591,11.4355
2025-09-06,11,31.513,18.7516,42.7614
2025-09-06,12,2.1574,2.1574,5.0
2025-09-06,13,3.2268,1.6377,1.589
2025-09-06,14,17.8142,17.8142,45.0
2025-09-06,15,11.3889,4.9931,6.3958
2025-09-06,16,13.8364,6.6991,7.1373
2025-09-06,17,5.1281,4.3184,11.8097
2025-09-06,18,5.3652,5.3652,12.0
2025-09-06,19,4.7536,3.9196,9.834
2025-09-06,20,3.0933,2.6885,6.4048
2025-09-06,21,5.8498,5.8498,15.0
2025-09-06,22,7.2951,4.4874,9.8077
2025-09-06,23,3.7618,3.4885,7.2734
2025-09-06,24,3.6554,2.628,6.0274
2025-09-06,25,0.6955,0.238,0.4576
2025-09-06,26,1.0565,0.3402,0.7163
2025-09-06,27,798.7296,701.591,1797.1386
2025-09-06,28,204.1848,204.1848,450.0
2025-09-06,29,1803.6967,1009.6628,794.0339
2025-09-06,30,718.3639,998.6967,0.0
2025-09-07,1,2.0074,2.0074,4.0
2025-09-07,2,3.9173,1.365,2.5523
2025-09-07,3,1.0631,1.0631,2.5
2025-09-07,4,1.3213,0.6948,2.1265
2025-09-07,5,0.6949,0.4765,1.2184
2025-09-07,6,1.8908,0.5029,1.3879
2025-09-07,7,0.3495,0.1073,0.2422
2025-09-07,8,61.7411,21.164,40.5771
2025-09-07,9,24.3248,8.1727,16.1522
2025-09-07,10,11.4355,6.9989,20.4367
2025-09-07,11,42.7614,12.8176,29.9438
2025-09-07,12,5.0,1.6531,3.3469
2025-09-07,13,1.589,1.2643,4.3247
2025-09-07,14,45.0,21.1661,23.8339
2025-09-07,15,6.3958,0.0,6.3958
2025-09-07,16,7.1373,6.6335,16.5038
2025-09-07,17,11.8097,4.2571,7.5526
2025-09-07,18,12.0,3.6166,8.3834
2025-09-07,19,9.834,3.6207,6.2133
2025-09-07,20,6.4048,2.6961,3.7087
2025-09-07,21,15.0,8.2627,6.7373
2025-09-07,22,9.8077,4.0303,5.7774
2025-09-07,23,7.2734,3.4856,3.7878
2025-09-07,24,6.0274,3.8611,6.1662
2025-09-07,25,0.4576,0.4051,1.5525
2025-09-07,26,0.7163,0.1952,0.5211
2025-09-07,27,1797.1386,761.4453,1035.6933
2025-09-07,28,450.0,139.4969,310.5031
2025-09-07,29,896.0894,911.4793,0.0
2025-09-07,30,1323.2244,904.1912,419.0332000000001
2025-09-08,1,4.0,1.2938,2.7062
2025-09-08,2,2.5523,0.9605,1.5918
2025-09-08,3,2.5,0.9178,1.5822
2025-09-08,4,2.1265,0.5901,1.5364
2025-09-08,5,1.2184,0.288,0.9304
2025-09-08,6,1.3879,0.3981,0.9898
2025-09-08,7,0.2422,0.0541,0.1881
2025-09-08,8,40.5771,17.1135,23.4636
2025-09-08,9,16.1522,6.2927,9.8595
2025-09-08,10,20.4367,7.5371,12.8996
2025-09-08,11,29.9438,13.12,16.8239
2025-09-08,12,3.3469,1.2871,2.0598
2025-09-08,13,4.3247,1.0891,3.2357
2025-09-08,14,23.8339,14.9876,33.8463
2025-09-08,15,6.3958,4.7099,10.6859
2025-09-08,16,16.5038,5.2435,11.2603
2025-09-08,17,7.5526,3.2231,4.3295
2025-09-08,18,8.3834,3.1045,5.2789
2025-09-08,19,6.2133,2.2083,4.005
2025-09-08,20,3.7087,1.6268,2.0819
2025-09-08,21,6.7373,3.3481,10.3892
2025-09-08,22,5.7774,3.0698,7.2076
2025-09-08,23,3.7878,2.3034,5.4843
2025-09-08,24,6.1662,2.0715,4.0948
2025-09-08,25,1.5525,0.3452,1.2072
2025-09-08,26,0.5211,0.1417,0.3794
2025-09-08,27,1035.6933,455.0918,580.6014
2025-09-08,28,310.5031,128.4236,182.0795
2025-09-08,29,2200.0,577.4212,1622.5788
2025-09-08,30,822.1882,577.7333,244.45490000000007
2025-09-09,1,2.7062,1.0387,1.6675
2025-09-09,2,1.5918,1.3617,2.73
2025-09-09,3,1.5822,0.5195,1.0627
2025-09-09,4,1.5364,0.698,0.8385
2025-09-09,5,0.9304,0.3436,0.5868
2025-09-09,6,0.9898,0.3687,0.621
2025-09-09,7,0.1881,0.0735,0.1146
2025-09-09,8,23.4636,14.5331,43.9305
2025-09-09,9,9.8595,6.1596,17.6999
2025-09-09,10,12.8996,5.2687,7.6309
2025-09-09,11,16.8239,9.5941,30.2297
2025-09-09,12,2.0598,1.4274,3.6324
2025-09-09,13,3.2357,1.484,1.7517
2025-09-09,14,33.8463,0.0,33.8463
2025-09-09,15,10.6859,3.2808,7.4051
2025-09-09,16,11.2603,4.5521,6.7082
2025-09-09,17,4.3295,3.1999,9.1296
2025-09-09,18,5.2789,3.5333,8.7455
2025-09-09,19,4.005,2.8564,7.1486
2025-09-09,20,2.0819,2.0819,4.5
2025-09-09,21,10.3892,4.0429,6.3463
2025-09-09,22,7.2076,2.8868,4.3207
2025-09-09,23,5.4843,2.2998,3.1845
2025-09-09,24,4.0948,1.9852,2.1095
2025-09-09,25,1.2072,0.2159,0.9913
2025-09-09,26,0.3794,0.3094,1.0701
2025-09-09,27,580.6014,569.6897,1360.9117
2025-09-09,28,182.0795,138.4293,343.6502
2025-09-09,29,1626.3957,740.546,885.8497
2025-09-09,30,1047.4387,741.6432,305.79549999999995
2025-09-10,1,1.6675,1.5202,3.1472
2025-09-10,2,2.73,0.9197,1.8103
2025-09-10,3,1.0627,0.7106,1.8521
2025-09-10,4,0.8385,0.427,1.4114
2025-09-10,5,0.5868,0.3627,1.2241
2025-09-10,6,0.621,0.3351,1.286
2025-09-10,7,0.1146,0.0732,0.5414
2025-09-10,8,43.9305,15.7761,28.1544
2025-09-10,9,17.6999,6.5162,11.1837
2025-09-10,10,7.6309,5.2653,15.3656
2025-09-10,11,30.2297,8.1069,22.1228
2025-09-10,12,3.6324,1.3696,2.2628
2025-09-10,13,1.7517,0.8364,2.9152
2025-09-10,14,33.8463,11.5346,22.3117
2025-09-10,15,7.4051,3.807,10.5982
2025-09-10,16,6.7082,4.7765,12.9317
2025-09-10,17,9.1296,0.0,9.1296
2025-09-10,18,8.7455,3.3034,5.4421
2025-09-10,19,7.1486,3.4,3.7486
2025-09-10,20,4.5,1.7379,2.7621
2025-09-10,21,6.3463,3.8181,10.5282
2025-09-10,22,4.3207,2.2748,7.0459
2025-09-10,23,3.1845,1.5938,5.0907
2025-09-10,24,2.1095,1.0076,5.102
2025-09-10,25,0.9913,0.2909,0.7004
2025-09-10,26,1.0701,0.3346,0.7355
2025-09-10,27,1360.9117,519.5246,841.3872
2025-09-10,28,343.6502,110.8749,232.7753
2025-09-10,29,963.0013,657.5734,305.4279
2025-09-10,30,654.2146,647.4692,6.745400000000018
2025-09-11,1,3.1472,1.1449,2.0024
2025-09-11,2,1.8103,1.045,2.7653
2025-09-11,3,1.8521,0.6161,1.236
2025-09-11,4,1.4114,0.7035,0.708
2025-09-11,5,1.2241,0.3197,0.9044
2025-09-11,6,1.286,0.506,0.7799
2025-09-11,7,0.5414,0.1008,0.4406
2025-09-11,8,28.1544,15.7664,42.388
2025-09-11,9,11.1837,7.0263,17.1574
2025-09-11,10,15.3656,4.9931,10.3726
2025-09-11,11,22.1228,9.0185,13.1043
2025-09-11,12,2.2628,1.3603,3.4025
2025-09-11,13,2.9152,1.3727,1.5425
2025-09-11,14,22.3117,15.054,33.2577
2025-09-11,15,10.5982,4.1457,6.4525
2025-09-11,16,12.9317,4.4555,8.4762
2025-09-11,17,9.1296,2.5166,6.613
2025-09-11,18,5.4421,3.8182,8.624
2025-09-11,19,3.7486,2.705,7.0437
2025-09-11,20,2.7621,1.854,4.4081
2025-09-11,21,10.5282,4.211,6.3172
2025-09-11,22,7.0459,3.3304,3.7155
2025-09-11,23,5.0907,1.9325,3.1582
2025-09-11,24,5.102,0.8182,4.2838
2025-09-11,25,0.7004,0.5657,1.1347
2025-09-11,26,0.7355,0.4393,0.2962
2025-09-11,27,841.3872,460.6786,1330.7086
2025-09-11,28,232.7753,135.5731,347.2022
2025-09-11,29,1694.0001,612.3282,1081.6718999999998
2025-09-11,30,981.6426,604.1674,377.4752
2025-09-12,1,2.0024,1.0247,0.9777
2025-09-12,2,2.7653,1.1418,1.6235
2025-09-12,3,1.236,0.6089,0.6272
2025-09-12,4,0.708,0.4786,0.2293
2025-09-12,5,0.9044,0.3012,0.6033
2025-09-12,6,0.7799,0.3298,0.4501
2025-09-12,7,0.4406,0.1005,0.3402
2025-09-12,8,42.388,14.3804,28.0075
2025-09-12,9,17.1574,5.3501,11.8073
2025-09-12,10,10.3726,5.0445,5.3281
2025-09-12,11,13.1043,11.7187,1.3856
2025-09-12,12,3.4025,1.0119,2.3906
2025-09-12,13,1.5425,1.2454,0.2971
2025-09-12,14,33.2577,11.3336,21.9241
2025-09-12,15,6.4525,3.4211,3.0314
2025-09-12,16,8.4762,4.7272,3.749
2025-09-12,17,6.613,2.3901,4.2229
2025-09-12,18,8.624,3.1379,5.4861
2025-09-12,19,7.0437,4.5078,2.5359
2025-09-12,20,4.4081,1.4004,3.0078
2025-09-12,21,6.3172,3.7856,2.5316
2025-09-12,22,3.7155,3.3104,0.4051
2025-09-12,23,3.1582,1.7648,1.3934
2025-09-12,24,4.2838,1.0917,3.1921
2025-09-12,25,1.1347,0.5519,0.5828
2025-09-12,26,0.2962,0.1636,0.1326
2025-09-12,27,1330.7086,517.9311,812.7775
2025-09-12,28,347.2022,116.9201,230.2822
2025-09-12,29,988.2461,613.63,374.61609999999996
2025-09-12,30,530.4117,616.2533,0.0
2025-09-13,1,0.9777,0.9777,4.0
2025-09-13,2,1.6235,1.3977,3.2258
2025-09-13,3,0.6272,0.6272,2.5
2025-09-13,4,0.2293,0.2293,2.0
2025-09-13,5,0.6033,0.4652,1.1381
2025-09-13,6,0.4501,0.4501,1.5
2025-09-13,7,0.3402,0.0897,0.2505
2025-09-13,8,28.0075,22.0794,53.9281
2025-09-13,9,11.8073,7.3097,21.4976
2025-09-13,10,5.3281,5.3281,19.0
2025-09-13,11,1.3856,1.3856,37.0
2025-09-13,12,2.3906,1.6995,4.1911
2025-09-13,13,0.2971,0.0,3.7971
2025-09-13,14,21.9241,13.5546,41.3696
2025-09-13,15,3.0314,3.0314,13.0
2025-09-13,16,3.749,3.749,16.0
2025-09-13,17,4.2229,4.1797,11.0432
2025-09-13,18,5.4861,3.8405,10.6456
2025-09-13,19,2.5359,2.5359,8.5
2025-09-13,20,3.0078,2.4731,5.5346
2025-09-13,21,2.5316,2.5316,13.0
2025-09-13,22,0.4051,0.4051,8.5
2025-09-13,23,1.3934,1.3934,6.5
2025-09-13,24,3.1921,1.7541,5.438
2025-09-13,25,0.5828,0.3956,1.1872
2025-09-13,26,0.1326,0.1326,1.0
2025-09-13,27,812.7775,543.8235,1668.954
2025-09-13,28,230.2822,145.7423,434.5398
2025-09-13,29,347.0195,704.4836,0.0
2025-09-13,30,194.4728,703.3976,0.0
2025-09-14,1,4.0,1.9257,2.0743
2025-09-14,2,3.2258,1.5142,1.7116
2025-09-14,3,2.5,0.7363,1.7637
2025-09-14,4,2.0,0.7073,1.2927
2025-09-14,5,1.1381,0.2717,0.8664
2025-09-14,6,1.5,0.3865,1.1135
2025-09-14,7,0.2505,0.1114,0.1391
2025-09-14,8,53.9281,0.0,53.9281
2025-09-14,9,21.4976,8.3484,13.1492
2025-09-14,10,19.0,8.4023,10.5977
2025-09-14,11,37.0,14.1762,22.8238
2025-09-14,12,4.1911,2.0369,2.1542
2025-09-14,13,3.7971,1.9268,1.8704
2025-09-14,14,41.3696,16.605,24.7646
2025-09-14,15,13.0,5.0348,7.9652
2025-09-14,16,16.0,6.9565,9.0435
2025-09-14,17,11.0432,3.9081,7.1352
2025-09-14,18,10.6456,4.5322,6.1133
2025-09-14,19,8.5,3.156,5.344
2025-09-14,20,5.5346,1.9212,3.6135
2025-09-14,21,13.0,4.282,8.718
2025-09-14,22,8.5,2.7591,5.7409
2025-09-14,23,6.5,3.3105,3.1895
2025-09-14,24,5.438,1.685,3.7531
2025-09-14,25,1.1872,0.3815,0.8057
2025-09-14,26,1.0,0.3515,0.6485
2025-09-14,27,1668.954,768.1309,900.8231
2025-09-14,28,434.5398,160.2803,274.2595
2025-09-14,29,2100.0,1007.7006,1092.2993999999999
2025-09-14,30,1300.0,1011.6827,288.31730000000005
2025-09-15,1,2.0743,0.8635,1.2108
2025-09-15,2,1.7116,0.9906,2.721
2025-09-15,3,1.7637,0.5983,1.1654
2025-09-15,4,1.2927,0.3957,0.8969
2025-09-15,5,0.8664,0.2555,0.6109
2025-09-15,6,1.1135,0.3754,0.7381
2025-09-15,7,0.1391,0.0798,0.5593
2025-09-15,8,53.9281,13.9899,39.9382
2025-09-15,9,13.1492,5.8129,7.3363
2025-09-15,10,10.5977,6.1661,14.4316
2025-09-15,11,22.8238,12.9025,28.9213
2025-09-15,12,2.1542,0.7951,1.3591
2025-09-15,13,1.8704,1.0622,2.8082
2025-09-15,14,24.7646,10.1095,14.6551
2025-09-15,15,7.9652,3.9365,4.0286
2025-09-15,16,9.0435,4.7327,12.3108
2025-09-15,17,7.1352,3.0131,4.1221
2025-09-15,18,6.1133,3.952,8.1614
2025-09-15,19,5.344,2.7017,2.6423
2025-09-15,20,3.6135,1.2061,2.4073
2025-09-15,21,8.718,2.7512,5.9669
2025-09-15,22,5.7409,2.2633,3.4775
2025-09-15,23,3.1895,2.3384,5.3511
2025-09-15,24,3.7531,1.661,2.0921
2025-09-15,25,0.8057,0.2431,0.5626
2025-09-15,26,0.6485,0.1879,0.4606
2025-09-15,27,900.8231,482.0655,1268.7576
2025-09-15,28,274.2595,149.3978,124.8616
2025-09-15,29,1295.6396,596.7211,698.9185
2025-09-15,30,1300.0,599.1677,700.8323
2025-09-16,1,1.2108,1.0075,3.2033
2025-09-16,2,2.721,0.7788,1.9423
2025-09-16,3,1.1654,0.6236,2.0418
2025-09-16,4,0.8969,0.4572,1.4397
2025-09-16,5,0.6109,0.3619,1.249
2025-09-16,6,0.7381,0.4441,1.294
2025-09-16,7,0.5593,0.0626,0.4967
2025-09-16,8,39.9382,13.1616,26.7766
2025-09-16,9,7.3363,7.3363,17.0
2025-09-16,10,14.4316,4.832,9.5995
2025-09-16,11,28.9213,13.2824,15.6389
2025-09-16,12,1.3591,1.128,3.2311
2025-09-16,13,2.8082,0.0,2.8082
2025-09-16,14,14.6551,12.0442,31.6109
2025-09-16,15,4.0286,2.9695,10.0592
2025-09-16,16,12.3108,4.3569,7.9539
2025-09-16,17,4.1221,2.9053,8.2167
2025-09-16,18,8.1614,2.9928,5.1686
2025-09-16,19,2.6423,2.6423,6.5
2025-09-16,20,2.4073,1.6365,4.2708
2025-09-16,21,5.9669,2.934,10.0329
2025-09-16,22,3.4775,3.1659,6.8116
2025-09-16,23,5.3511,1.673,3.6782
2025-09-16,24,2.0921,1.6186,4.4735
2025-09-16,25,0.5626,0.3566,1.206
2025-09-16,26,0.4606,0.1838,0.2768
2025-09-16,27,1268.7576,525.3422,743.4154
2025-09-16,28,124.8616,124.7796,350.082
2025-09-16,29,644.4595,697.2257,0.0
2025-09-16,30,1300.0,699.7622,600.2378
2025-09-17,1,3.2033,0.9258,2.2775
2025-09-17,2,1.9423,0.6482,1.2941
2025-09-17,3,2.0418,0.4842,1.5576
2025-09-17,4,1.4397,0.5721,0.8676
2025-09-17,5,1.249,0.292,0.957
2025-09-17,6,1.294,0.3162,0.9778
2025-09-17,7,0.4967,0.0516,0.4451
2025-09-17,8,26.7766,19.5172,38.2594
2025-09-17,9,17.0,7.1003,9.8997
2025-09-17,10,9.5995,7.089,14.5105
2025-09-17,11,15.6389,7.306,27.3328
2025-09-17,12,3.2311,0.0,3.2311
2025-09-17,13,2.8082,1.0512,1.757
2025-09-17,14,31.6109,13.9417,17.6692
2025-09-17,15,10.0592,3.6416,6.4176
2025-09-17,16,7.9539,4.2899,11.664
2025-09-17,17,8.2167,3.0251,5.1916
2025-09-17,18,5.1686,2.8434,8.3252
2025-09-17,19,6.5,2.6336,3.8664
2025-09-17,20,4.2708,1.1049,3.1659
2025-09-17,21,10.0329,3.0821,6.9508
2025-09-17,22,6.8116,2.1801,4.6315
2025-09-17,23,3.6782,2.121,4.5572
2025-09-17,24,4.4735,1.386,3.0875
2025-09-17,25,1.206,0.1656,1.0404
2025-09-17,26,0.2768,0.2768,1.0
2025-09-17,27,743.4154,446.8304,1246.585
2025-09-17,28,350.082,107.9544,242.1276
2025-09-17,29,1600.0,536.9644,1063.0356000000002
2025-09-17,30,966.1376,535.1473,430.99030000000005
2025-09-18,1,2.2775,0.6625,1.615
2025-09-18,2,1.2941,1.1185,2.6755
2025-09-18,3,1.5576,0.5367,1.021
2025-09-18,4,0.8676,0.3201,0.5475
2025-09-18,5,0.957,0.3055,0.6515
2025-09-18,6,0.9778,0.3227,0.6551
2025-09-18,7,0.4451,0.0731,0.372
2025-09-18,8,38.2594,14.7331,23.5263
2025-09-18,9,9.8997,5.8216,15.0781
2025-09-18,10,14.5105,4.0428,10.4677
2025-09-18,11,27.3328,12.0231,15.3097
2025-09-18,12,3.2311,0.9629,2.2682
2025-09-18,13,1.757,1.1503,3.1067
2025-09-18,14,17.6692,10.8562,30.8129
2025-09-18,15,6.4176,3.9693,9.4483
2025-09-18,16,11.664,5.4801,6.1839
2025-09-18,17,5.1916,2.9595,8.2322
2025-09-18,18,8.3252,3.0812,5.244
2025-09-18,19,3.8664,1.8117,6.0547
2025-09-18,20,3.1659,1.0346,2.1313
2025-09-18,21,6.9508,3.4804,9.4703
2025-09-18,22,4.6315,2.3977,6.2338
2025-09-18,23,4.5572,2.8361,4.7211
2025-09-18,24,3.0875,1.467,1.6205
2025-09-18,25,1.0404,0.5824,0.458
2025-09-18,26,1.0,0.243,0.757
2025-09-18,27,1246.585,549.797,696.788
2025-09-18,28,242.1276,118.8066,123.321
2025-09-18,29,1035.6495,631.5319,404.11760000000004
2025-09-18,30,587.6785,627.8025,0.0
2025-09-19,1,1.615,0.7906,2.8245
2025-09-19,2,2.6755,0.8968,1.7787
2025-09-19,3,1.021,0.576,1.945
2025-09-19,4,0.5475,0.3691,1.1784
2025-09-19,5,0.6515,0.2634,0.3881
2025-09-19,6,0.6551,0.2994,1.3557
2025-09-19,7,0.372,0.0656,0.3065
2025-09-19,8,23.5263,14.614,37.9123
2025-09-19,9,15.0781,4.4918,10.5864
2025-09-19,10,10.4677,0.0,10.4677
2025-09-19,11,15.3097,8.137,26.1727
2025-09-19,12,2.2682,1.2281,3.0401
2025-09-19,13,3.1067,1.0015,2.1052
2025-09-19,14,30.8129,10.6146,20.1983
2025-09-19,15,9.4483,3.4175,6.0308
2025-09-19,16,6.1839,4.3782,11.8056
2025-09-19,17,8.2322,3.1388,5.0933
2025-09-19,18,5.244,2.9333,8.3107
2025-09-19,19,6.0547,2.1458,3.9089
2025-09-19,20,2.1313,1.4191,3.7122
2025-09-19,21,9.4703,3.8822,5.5881
2025-09-19,22,6.2338,2.1589,4.0749
2025-09-19,23,4.7211,2.4645,2.2565
2025-09-19,24,1.6205,1.5112,4.1093
2025-09-19,25,0.458,0.3275,1.1305
2025-09-19,26,0.757,0.277,0.48
2025-09-19,27,696.788,446.89,1199.8981
2025-09-19,28,123.321,117.6833,305.6377
2025-09-19,29,1530.3786,557.0754,973.3032000000001
2025-09-19,30,961.1976,549.9478,411.24979999999994
2025-09-20,1,2.8245,1.7681,3.5564
2025-09-20,2,1.7787,1.0505,3.2282
2025-09-20,3,1.945,0.6689,1.2761
2025-09-20,4,1.1784,0.7359,1.9424
2025-09-20,5,0.3881,0.3084,1.0797
2025-09-20,6,1.3557,0.5865,0.7692
2025-09-20,7,0.3065,0.0778,0.2286
2025-09-20,8,37.9123,16.328,21.5843
2025-09-20,9,10.5864,6.6444,19.942
2025-09-20,10,10.4677,10.4677,18.0
2025-09-20,11,26.1727,16.94,34.2327
2025-09-20,12,3.0401,1.0948,1.9453
2025-09-20,13,2.1052,1.4304,3.6748
2025-09-20,14,20.1983,14.476,38.7224
2025-09-20,15,6.0308,4.1088,11.922
2025-09-20,16,11.8056,6.0047,5.801
2025-09-20,17,5.0933,3.8814,10.2119
2025-09-20,18,8.3107,3.2881,5.0226
2025-09-20,19,3.9089,2.5668,7.8421
2025-09-20,20,3.7122,2.1265,5.0857
2025-09-20,21,5.5881,2.8074,11.7808
2025-09-20,22,4.0749,1.9063,8.1686
2025-09-20,23,2.2565,2.2565,6.0
2025-09-20,24,4.1093,2.0071,2.1022
2025-09-20,25,1.1305,0.3259,0.8046
2025-09-20,26,0.48,0.1586,0.3214
2025-09-20,27,1199.8981,681.5036,1568.3944
2025-09-20,28,305.6377,161.2922,394.3454
2025-09-20,29,982.3477,824.6142,157.73350000000005
2025-09-20,30,612.6299,834.5979,0.0
2025-09-21,1,3.5564,1.3379,2.2184
2025-09-21,2,3.2282,1.2547,1.9735
2025-09-21,3,1.2761,0.8768,2.3993
2025-09-21,4,1.9424,0.7592,1.1833
2025-09-21,5,1.0797,0.3207,0.7591
2025-09-21,6,0.7692,0.4108,1.3583
2025-09-21,7,0.2286,0.1068,0.1218
2025-09-21,8,21.5843,21.5843,50.0
2025-09-21,9,19.942,6.3857,13.5563
2025-09-21,10,18.0,6.7456,11.2544
2025-09-21,11,34.2327,0.0,34.2327
2025-09-21,12,1.9453,1.3319,4.1135
2025-09-21,13,3.6748,1.7509,1.9239
2025-09-21,14,38.7224,14.4661,24.2563
2025-09-21,15,11.922,4.6498,7.2722
2025-09-21,16,5.801,5.3473,15.4537
2025-09-21,17,10.2119,3.6086,6.6033
2025-09-21,18,5.0226,4.6414,10.3812
2025-09-21,19,7.8421,4.8262,8.0158
2025-09-21,20,5.0857,1.5805,3.5052
2025-09-21,21,11.7808,5.8479,5.9328
2025-09-21,22,8.1686,2.5528,5.6158
2025-09-21,23,6.0,1.4549,4.5451
2025-09-21,24,2.1022,1.2366,5.8656
2025-09-21,25,0.8046,0.2753,0.5293
2025-09-21,26,0.3214,0.2966,1.0248
2025-09-21,27,1568.3944,622.309,946.0854
2025-09-21,28,394.3454,138.6305,255.715
2025-09-21,29,1928.9861,755.4167,1173.5694
2025-09-21,30,1231.0519,762.3106,468.7412999999999
2025-09-22,1,2.2184,0.9578,1.2606
2025-09-22,2,1.9735,0.7073,1.2662
2025-09-22,3,2.3993,0.5382,1.8611
2025-09-22,4,1.1833,0.3614,0.8218
2025-09-22,5,0.7591,0.2448,0.5143
2025-09-22,6,1.3583,0.0,1.3583
2025-09-22,7,0.1218,0.0542,0.5676
2025-09-22,8,50.0,11.5971,38.4029
2025-09-22,9,13.5563,6.5165,7.0398
2025-09-22,10,11.2544,7.0894,13.165
2025-09-22,11,34.2327,5.5273,28.7054
2025-09-22,12,4.1135,1.1653,2.9482
2025-09-22,13,1.9239,1.2133,2.7105
2025-09-22,14,24.2563,11.4769,12.7794
2025-09-22,15,7.2722,3.1786,4.0936
2025-09-22,16,15.4537,5.8167,9.637
2025-09-22,17,6.6033,2.8506,3.7528
2025-09-22,18,10.3812,3.0441,7.3371
2025-09-22,19,8.0158,2.073,5.9428
2025-09-22,20,3.5052,1.1087,2.3965
2025-09-22,21,5.9328,1.8336,4.0993
2025-09-22,22,5.6158,1.9747,3.6411
2025-09-22,23,4.5451,1.015,3.5301
2025-09-22,24,5.8656,1.5206,4.345
2025-09-22,25,0.5293,0.3265,1.2028
2025-09-22,26,1.0248,0.1566,0.8681
2025-09-22,27,946.0854,573.3788,1222.7066
2025-09-22,28,255.715,141.3562,314.3588
2025-09-22,29,1008.7051,647.2997,361.4054
2025-09-22,30,827.827,638.5111,189.31589999999994
2025-09-23,1,1.2606,0.891,2.8696
2025-09-23,2,1.2662,0.787,2.4793
2025-09-23,3,1.8611,0.5569,1.3041
2025-09-23,4,0.8218,0.4282,1.3936
2025-09-23,5,0.5143,0.1772,0.3372
2025-09-23,6,1.3583,0.4105,0.9478
2025-09-23,7,0.5676,0.0759,0.4918
2025-09-23,8,38.4029,15.6458,22.7571
2025-09-23,9,7.0398,6.0026,16.0373
2025-09-23,10,13.165,5.731,7.434
2025-09-23,11,28.7054,7.56,21.1454
2025-09-23,12,2.9482,1.4836,1.4646
2025-09-23,13,2.7105,1.5537,1.1568
2025-09-23,14,12.7794,10.2777,30.5017
2025-09-23,15,4.0936,3.7286,9.3651
2025-09-23,16,9.637,4.0546,5.5824
2025-09-23,17,3.7528,3.159,7.5937
2025-09-23,18,7.3371,3.1896,4.1475
2025-09-23,19,5.9428,1.2049,4.7379
2025-09-23,20,2.3965,1.1506,4.246
2025-09-23,21,4.0993,4.0993,10.0
2025-09-23,22,3.6411,2.2134,6.4277
2025-09-23,23,3.5301,2.6141,4.916
2025-09-23,24,4.345,1.6014,2.7436
2025-09-23,25,1.2028,0.29,0.9128
2025-09-23,26,0.8681,0.0,0.8681
2025-09-23,27,1222.7066,474.9282,747.7784
2025-09-23,28,314.3588,131.9277,182.4311
2025-09-23,29,1531.9614,592.9397,939.0216999999999
2025-09-23,30,494.0885,593.4222,0.0
2025-09-24,1,2.8696,0.7445,2.1251
2025-09-24,2,2.4793,0.9286,1.5507
2025-09-24,3,1.3041,0.8449,1.9592
2025-09-24,4,1.3936,0.7564,0.6372
2025-09-24,5,0.3372,0.2292,1.1079
2025-09-24,6,0.9478,0.2921,0.6557
2025-09-24,7,0.4918,0.0879,0.4039
2025-09-24,8,22.7571,17.5867,37.1704
2025-09-24,9,16.0373,6.2603,9.777
2025-09-24,10,7.434,5.0965,13.3374
2025-09-24,11,21.1454,9.7006,11.4448
2025-09-24,12,1.4646,0.0,1.4646
2025-09-24,13,1.1568,0.8577,2.7991
2025-09-24,14,30.5017,12.6638,17.8379
2025-09-24,15,9.3651,4.0044,5.3607
2025-09-24,16,5.5824,4.8174,11.7651
2025-09-24,17,7.5937,3.4995,4.0942
2025-09-24,18,4.1475,3.1426,8.0048
2025-09-24,19,4.7379,2.508,6.2299
2025-09-24,20,4.246,1.7969,2.449
2025-09-24,21,10.0,4.0512,5.9488
2025-09-24,22,6.4277,2.209,4.2187
2025-09-24,23,4.916,1.9331,2.9829
2025-09-24,24,2.7436,1.0201,1.7235
2025-09-24,25,0.9128,0.2567,0.6561
2025-09-24,26,0.8681,0.1851,0.683
2025-09-24,27,747.7784,497.3593,1200.4191
2025-09-24,28,182.4311,148.2708,334.1603
2025-09-24,29,879.1969,623.7263,255.4706
2025-09-24,30,892.3949,617.993,274.40189999999996
2025-09-25,1,2.1251,1.1997,2.9254
2025-09-25,2,1.5507,0.6654,0.8853
2025-09-25,3,1.9592,0.6174,1.3418
2025-09-25,4,0.6372,0.4108,1.2264
2025-09-25,5,1.1079,0.2357,0.8723
2025-09-25,6,0.6557,0.0,0.6557
2025-09-25,7,0.4039,0.0698,0.3341
2025-09-25,8,37.1704,19.8627,17.3078
2025-09-25,9,9.777,7.425,15.352
2025-09-25,10,13.3374,5.3772,7.9602
2025-09-25,11,11.4448,11.4448,26.0
2025-09-25,12,1.4646,1.2132,3.2513
2025-09-25,13,2.7991,1.5824,1.2167
2025-09-25,14,17.8379,0.0,17.8379
2025-09-25,15,5.3607,3.1715,9.1892
2025-09-25,16,11.7651,3.7544,8.0106
2025-09-25,17,4.0942,3.2351,7.8591
2025-09-25,18,8.0048,2.7844,5.2204
2025-09-25,19,6.2299,2.9643,3.2656
2025-09-25,20,2.449,1.1436,3.8055
2025-09-25,21,5.9488,3.9939,8.9549
2025-09-25,22,4.2187,2.5094,6.2093
2025-09-25,23,2.9829,0.973,2.0099
2025-09-25,24,1.7235,1.1154,4.6081
2025-09-25,25,0.6561,0.3727,0.7834
2025-09-25,26,0.683,0.2501,0.4329
2025-09-25,27,1200.4191,520.4102,680.0089
2025-09-25,28,334.1603,100.5405,233.6198
2025-09-25,29,1538.7695,544.29,994.4795000000001
2025-09-25,30,513.6055,544.3899,0.0
2025-09-26,1,2.9254,1.0483,1.8771
2025-09-26,2,0.8853,0.8853,0.0
2025-09-26,3,1.3418,0.58,0.7618
2025-09-26,4,1.2264,0.4945,0.7319
2025-09-26,5,0.8723,0.2603,0.612
2025-09-26,6,0.6557,0.3867,0.269
2025-09-26,7,0.3341,0.0754,0.2587
2025-09-26,8,17.3078,14.0044,3.3034
2025-09-26,9,15.352,5.3107,10.0413
2025-09-26,10,7.9602,4.7999,3.1604
2025-09-26,11,26.0,0.0,26.0
2025-09-26,12,3.2513,1.3227,1.9286
2025-09-26,13,1.2167,0.9619,0.2548
2025-09-26,14,17.8379,11.1109,6.7269
2025-09-26,15,9.1892,3.1664,6.0228
2025-09-26,16,8.0106,3.7682,4.2425
2025-09-26,17,7.8591,2.7682,5.0909
2025-09-26,18,5.2204,2.879,2.3415
2025-09-26,19,3.2656,1.9695,1.2961
2025-09-26,20,3.8055,1.618,2.1875
2025-09-26,21,8.9549,3.2979,5.657
2025-09-26,22,6.2093,3.1461,3.0632
2025-09-26,23,2.0099,0.0,2.0099
2025-09-26,24,4.6081,2.6157,1.9924
2025-09-26,25,0.7834,0.5178,0.2656
2025-09-26,26,0.4329,0.1605,0.2724
2025-09-26,27,680.0089,0.0,680.0089
2025-09-26,28,233.6198,103.7496,129.8702
2025-09-26,29,1044.0724,93.1294,950.943
2025-09-26,30,960.9206,94.2594,866.6612
2025-09-27,1,1.8771,1.4249,3.4522
2025-09-27,2,0.0,0.0,3.0
2025-09-27,3,0.7618,0.7618,2.0
2025-09-27,4,0.7319,0.5303,1.7015
2025-09-27,5,0.612,0.4069,1.2051
2025-09-27,6,0.269,0.269,1.5
2025-09-27,7,0.2587,0.1136,0.1451
2025-09-27,8,3.3034,3.3034,45.0
2025-09-27,9,10.0413,6.1325,18.9088
2025-09-27,10,3.1604,3.1604,18.0
2025-09-27,11,26.0,8.6062,17.3938
2025-09-27,12,1.9286,1.6644,3.7642
2025-09-27,13,0.2548,0.2548,3.5
2025-09-27,14,6.7269,6.7269,39.0
2025-09-27,15,6.0228,4.877,12.1458
2025-09-27,16,4.2425,4.2425,15.0
2025-09-27,17,5.0909,3.7767,10.3143
2025-09-27,18,2.3415,2.3415,10.0
2025-09-27,19,1.2961,1.2961,7.5
2025-09-27,20,2.1875,1.9089,4.7786
2025-09-27,21,5.657,3.37,11.287
2025-09-27,22,3.0632,3.0632,7.5
2025-09-27,23,2.0099,2.0099,5.5
2025-09-27,24,1.9924,1.7718,5.2206
2025-09-27,25,0.2656,0.2656,1.0
2025-09-27,26,0.2724,0.195,1.0774
2025-09-27,27,680.0089,632.6602,1547.3487
2025-09-27,28,129.8702,129.8702,400.0
2025-09-27,29,500.5086,690.9941,0.0
2025-09-27,30,619.958,696.8538,0.0
2025-09-28,1,3.4522,1.6275,1.8247
2025-09-28,2,3.0,1.2627,1.7373
2025-09-28,3,2.0,0.6905,1.3095
2025-09-28,4,1.7015,0.4979,1.2036
2025-09-28,5,1.2051,0.3509,0.8542
2025-09-28,6,1.5,0.4884,1.0116
2025-09-28,7,0.1451,0.0846,0.5605
2025-09-28,8,45.0,22.868,22.132
2025-09-28,9,18.9088,6.7429,12.1659
2025-09-28,10,18.0,10.0001,7.9999
2025-09-28,11,17.3938,13.1082,34.2857
2025-09-28,12,3.7642,1.5174,2.2468
2025-09-28,13,3.5,1.3945,2.1055
2025-09-28,14,39.0,16.8568,22.1432
2025-09-28,15,12.1458,3.7457,8.4002
2025-09-28,16,15.0,6.5609,8.4391
2025-09-28,17,10.3143,3.9943,6.3199
2025-09-28,18,10.0,3.9663,6.0337
2025-09-28,19,7.5,3.7967,3.7033
2025-09-28,20,4.7786,2.2013,2.5773
2025-09-28,21,11.287,5.4812,5.8058
2025-09-28,22,7.5,2.4133,5.0867
2025-09-28,23,5.5,1.3108,4.1892
2025-09-28,24,5.2206,1.8249,3.3957
2025-09-28,25,1.0,0.4604,0.5396
2025-09-28,26,1.0774,0.2182,0.8592
2025-09-28,27,1547.3487,641.3852,905.9635
2025-09-28,28,400.0,0.0,400.0
2025-09-28,29,2000.0,641.1715,1358.8285
2025-09-28,30,1213.5347,643.497,570.0377
2025-09-29,1,1.8247,1.4111,2.9136
2025-09-29,2,1.7373,0.0,1.7373
2025-09-29,3,1.3095,0.5368,0.7727
2025-09-29,4,1.2036,0.3759,0.8277
2025-09-29,5,0.8542,0.2922,0.562
2025-09-29,6,1.0116,0.3547,0.6569
2025-09-29,7,0.5605,0.0754,0.4851
2025-09-29,8,22.132,0.0,22.132
2025-09-29,9,12.1659,6.0774,6.0885
2025-09-29,10,7.9999,4.6553,13.3445
2025-09-29,11,34.2857,10.4172,23.8685
2025-09-29,12,2.2468,1.15,3.0968
2025-09-29,13,2.1055,1.0415,1.064
2025-09-29,14,22.1432,8.5799,13.5633
2025-09-29,15,8.4002,3.6438,4.7564
2025-09-29,16,8.4391,4.3507,12.0884
2025-09-29,17,6.3199,2.2833,4.0366
2025-09-29,18,6.0337,3.3162,7.7174
2025-09-29,19,3.7033,1.6614,6.0419
2025-09-29,20,2.5773,1.9088,3.6685
2025-09-29,21,5.8058,3.0292,8.7766
2025-09-29,22,5.0867,2.4246,2.6621
2025-09-29,23,4.1892,1.1492,3.04
2025-09-29,24,3.3957,1.4519,1.9438
2025-09-29,25,0.5396,0.3762,1.1634
2025-09-29,26,0.8592,0.1552,0.704
2025-09-29,27,905.9635,382.1459,523.8176
2025-09-29,28,400.0,107.006,292.994
2025-09-29,29,1312.8539,468.3435,844.5104000000001
2025-09-29,30,740.0184,473.6091,266.40930000000003
2025-09-30,1,2.9136,1.1624,1.7511
2025-09-30,2,1.7373,0.7294,1.0079
2025-09-30,3,0.7727,0.5365,1.7362
2025-09-30,4,0.8277,0.4409,1.3868
2025-09-30,5,0.562,0.2346,0.3274
2025-09-30,6,0.6569,0.0,0.6569
2025-09-30,7,0.4851,0.0732,0.4119
2025-09-30,8,22.132,13.1191,35.0129
2025-09-30,9,6.0885,4.9249,14.1636
2025-09-30,10,13.3445,4.7751,8.5694
2025-09-30,11,23.8685,9.1412,14.7273
2025-09-30,12,3.0968,1.1301,1.9667
2025-09-30,13,1.064,1.064,3.0
2025-09-30,14,13.5633,12.4657,30.0977
2025-09-30,15,4.7564,4.3196,9.4368
2025-09-30,16,12.0884,4.7394,7.349
2025-09-30,17,4.0366,3.257,7.7796
2025-09-30,18,7.7174,2.8351,4.8824
2025-09-30,19,6.0419,1.2701,4.7718
2025-09-30,20,3.6685,0.9926,2.6759
2025-09-30,21,8.7766,1.4801,7.2965
2025-09-30,22,2.6621,1.0004,5.6616
2025-09-30,23,3.04,2.3779,4.6621
2025-09-30,24,1.9438,1.0273,3.9165
2025-09-30,25,1.1634,0.2321,0.9313
2025-09-30,26,0.704,0.3852,0.3188
2025-09-30,27,523.8176,464.4168,1209.4008
2025-09-30,28,292.994,99.2552,193.7388
2025-09-30,29,751.9337,502.7661,249.16760000000005
2025-09-30,30,418.9673,503.4753,0.0
2025-10-01,1,1.7511,1.0152,2.736
2025-10-01,2,1.0079,0.893,2.6149
2025-10-01,3,1.7362,0.5033,1.2329
2025-10-01,4,1.3868,0.4216,0.9652
2025-10-01,5,0.3274,0.2829,1.0445
2025-10-01,6,0.6569,0.3832,1.2737
2025-10-01,7,0.4119,0.0682,0.3437
2025-10-01,8,35.0129,14.5464,20.4665
2025-10-01,9,14.1636,6.9922,7.1714
2025-10-01,10,8.5694,7.1117,13.4577
2025-10-01,11,14.7273,8.8579,24.8694
2025-10-01,12,1.9667,1.068,2.8987
2025-10-01,13,3.0,1.1493,1.8507
2025-10-01,14,30.0977,10.1461,19.9516
2025-10-01,15,9.4368,3.3908,6.046
2025-10-01,16,7.349,3.5916,11.7574
2025-10-01,17,7.7796,3.4026,4.377
2025-10-01,18,4.8824,3.3435,7.5389
2025-10-01,19,4.7718,2.3368,2.435
2025-10-01,20,2.6759,1.2558,1.4201
2025-10-01,21,7.2965,2.8823,4.4142
2025-10-01,22,5.6616,1.7685,3.8931
2025-10-01,23,4.6621,1.3994,3.2627
2025-10-01,24,3.9165,0.9708,2.9457
2025-10-01,25,0.9313,0.3606,0.5708
2025-10-01,26,0.3188,0.3188,1.0
2025-10-01,27,1209.4008,475.5266,733.8742
2025-10-01,28,193.7388,119.7642,323.9746
2025-10-01,29,751.9337,516.5108,235.42290000000003
2025-10-01,30,931.8384,521.0418,410.7966
2025-10-02,1,2.736,0.0,2.736
2025-10-02,2,2.6149,0.8308,1.784
2025-10-02,3,1.2329,0.6095,0.6234
2025-10-02,4,0.9652,0.4665,0.4987
2025-10-02,5,1.0445,0.3123,0.7321
2025-10-02,6,1.2737,0.3277,0.946
2025-10-02,7,0.3437,0.1397,0.204
2025-10-02,8,20.4665,13.4354,36.031
2025-10-02,9,7.1714,5.4181,14.7533
2025-10-02,10,13.4577,6.2924,7.1653
2025-10-02,11,24.8694,7.1499,17.7196
2025-10-02,12,2.8987,1.1287,1.77
2025-10-02,13,1.8507,1.2434,2.6073
2025-10-02,14,19.9516,12.4371,30.5145
2025-10-02,15,6.046,3.3687,9.6772
2025-10-02,16,11.7574,3.4262,8.3312
2025-10-02,17,4.377,2.9282,7.4489
2025-10-02,18,7.5389,2.4493,5.0896
2025-10-02,19,2.435,2.0107,5.9243
2025-10-02,20,1.4201,1.2677,3.6523
2025-10-02,21,4.4142,2.2853,9.129
2025-10-02,22,3.8931,0.0,3.8931
2025-10-02,23,3.2627,1.5689,4.6938
2025-10-02,24,2.9457,0.9783,1.9674
2025-10-02,25,0.5708,0.2721,0.2987
2025-10-02,26,1.0,0.1536,0.8464
2025-10-02,27,733.8742,528.0086,1205.8656
2025-10-02,28,323.9746,125.846,198.1286
2025-10-02,29,1553.519,578.2674,975.2516
2025-10-02,30,615.2191,578.9685,36.25060000000008
2025-10-03,1,2.736,0.8725,1.8635
2025-10-03,2,1.784,0.8124,0.9716
2025-10-03,3,0.6234,0.6002,1.5232
2025-10-03,4,0.4987,0.4267,1.572
2025-10-03,5,0.7321,0.2186,0.5135
2025-10-03,6,0.946,0.3684,0.5777
2025-10-03,7,0.204,0.0601,0.1439
2025-10-03,8,36.031,13.048,22.983
2025-10-03,9,14.7533,6.4996,8.2537
2025-10-03,10,7.1653,4.5771,13.5882
2025-10-03,11,17.7196,14.6311,27.0885
2025-10-03,12,1.77,1.3997,3.3703
2025-10-03,13,2.6073,1.0707,1.5366
2025-10-03,14,30.5145,0.0,30.5145
2025-10-03,15,9.6772,3.6816,5.9956
2025-10-03,16,8.3312,5.4554,11.8759
2025-10-03,17,7.4489,3.4435,4.0054
2025-10-03,18,5.0896,2.823,8.2666
2025-10-03,19,5.9243,2.1368,3.7875
2025-10-03,20,3.6523,1.4267,2.2256
2025-10-03,21,9.129,3.6722,5.4567
2025-10-03,22,3.8931,1.4585,2.4346
2025-10-03,23,4.6938,1.596,3.0978
2025-10-03,24,1.9674,1.9674,4.0
2025-10-03,25,0.2987,0.1511,1.1476
2025-10-03,26,0.8464,0.4285,0.4179
2025-10-03,27,1205.8656,466.848,739.0176
2025-10-03,28,198.1286,121.0251,327.1035
2025-10-03,29,932.7549,599.2732,333.48170000000005
2025-10-03,30,976.2381,606.1622,370.07590000000005
2025-10-04,1,1.8635,1.2871,3.5764
2025-10-04,2,0.9716,0.9636,3.008
2025-10-04,3,1.5232,1.0191,2.004
2025-10-04,4,1.572,0.4568,1.1153
2025-10-04,5,0.5135,0.0,0.5135
2025-10-04,6,0.5777,0.475,1.6026
2025-10-04,7,0.1439,0.0876,0.5563
2025-10-04,8,22.983,21.2441,46.739
2025-10-04,9,8.2537,6.5555,19.6982
2025-10-04,10,13.5882,8.6242,17.964
2025-10-04,11,27.0885,14.6832,33.4053
2025-10-04,12,3.3703,1.5778,1.7925
2025-10-04,13,1.5366,1.2957,3.7409
2025-10-04,14,30.5145,15.6011,38.9134
2025-10-04,15,5.9956,5.5719,12.4238
2025-10-04,16,11.8759,6.0874,5.7885
2025-10-04,17,4.0054,4.0054,10.0
2025-10-04,18,8.2666,3.8168,4.4498
2025-10-04,19,3.7875,2.3454,7.9422
2025-10-04,20,2.2256,2.2256,5.0
2025-10-04,21,5.4567,4.4157,12.041
2025-10-04,22,2.4346,2.4346,7.5
2025-10-04,23,3.0978,2.3499,5.7479
2025-10-04,24,4.0,1.5049,2.4951
2025-10-04,25,1.1476,0.7751,1.3724
2025-10-04,26,0.4179,0.3073,1.1105
2025-10-04,27,739.0176,550.0514,1588.9662
2025-10-04,28,327.1035,0.0,327.1035
2025-10-04,29,1524.1233,510.062,1014.0613
2025-10-04,30,575.8885,513.511,62.377500000000055
2025-10-05,1,3.5764,0.9915,2.5849
2025-10-05,2,3.008,0.9215,2.0865
2025-10-05,3,2.004,0.7848,1.2192
2025-10-05,4,1.1153,0.6052,1.5101
2025-10-05,5,0.5135,0.3155,1.198
2025-10-05,6,1.6026,0.5325,1.0702
2025-10-05,7,0.5563,0.0995,0.4568
2025-10-05,8,46.739,13.5399,33.1991
2025-10-05,9,19.6982,7.0638,12.6344
2025-10-05,10,17.964,5.0217,12.9423
2025-10-05,11,33.4053,12.3915,21.0138
2025-10-05,12,1.7925,1.5518,4.2407
2025-10-05,13,3.7409,1.7982,1.9427
2025-10-05,14,38.9134,22.0378,16.8756
2025-10-05,15,12.4238,0.0,12.4238
2025-10-05,16,5.7885,5.7578,15.0307
2025-10-05,17,10.0,3.303,6.697
2025-10-05,18,4.4498,3.495,9.9548
2025-10-05,19,7.9422,1.9265,6.0156
2025-10-05,20,5.0,1.8494,3.1506
2025-10-05,21,12.041,5.6437,6.3973
2025-10-05,22,7.5,2.0302,5.4698
2025-10-05,23,5.7479,2.4549,3.293
2025-10-05,24,2.4951,1.7262,4.7689
2025-10-05,25,1.3724,0.3952,0.9772
2025-10-05,26,1.1105,0.2539,0.8567
2025-10-05,27,1588.9662,681.2357,907.7305
2025-10-05,28,327.1035,150.1175,176.986
2025-10-05,29,1941.7263,722.4937,1219.2326
2025-10-05,30,1231.9436,729.5957,502.3479000000001
2025-10-06,1,2.5849,0.9619,1.6231
2025-10-06,2,2.0865,1.1743,0.9122
2025-10-06,3,1.2192,0.5764,0.6428
2025-10-06,4,1.5101,0.6,0.9101
2025-10-06,5,1.198,0.3026,0.8953
2025-10-06,6,1.0702,0.2933,0.7768
2025-10-06,7,0.4568,0.0599,0.3969
2025-10-06,8,33.1991,14.328,18.8711
2025-10-06,9,12.6344,8.8075,14.8268
2025-10-06,10,12.9423,6.2076,6.7347
2025-10-06,11,21.0138,13.5076,25.5062
2025-10-06,12,4.2407,1.3343,2.9064
2025-10-06,13,1.9427,1.0303,2.9124
2025-10-06,14,16.8756,11.223,29.6526
2025-10-06,15,12.4238,3.6415,8.7823
2025-10-06,16,15.0307,3.4273,11.6034
2025-10-06,17,6.697,2.9133,3.7837
2025-10-06,18,9.9548,2.6932,7.2617
2025-10-06,19,6.0156,2.4743,3.5413
2025-10-06,20,3.1506,1.9721,3.6785
2025-10-06,21,6.3973,3.8582,8.5391
2025-10-06,22,5.4698,2.9143,2.5556
2025-10-06,23,3.293,1.6489,4.6441
2025-10-06,24,4.7689,1.2259,3.543
2025-10-06,25,0.9772,0.3824,0.5948
2025-10-06,26,0.8567,0.245,0.6116
2025-10-06,27,907.7305,507.1672,1200.5633
2025-10-06,28,176.986,116.8895,310.0965
2025-10-06,29,1265.1794,574.0783,691.1011
2025-10-06,30,836.9218,577.9258,258.996
2025-10-07,1,1.6231,1.0204,2.6026
2025-10-07,2,0.9122,0.0,0.9122
2025-10-07,3,0.6428,0.6428,1.5
2025-10-07,4,0.9101,0.5161,1.3941
2025-10-07,5,0.8953,0.3075,0.5879
2025-10-07,6,0.7768,0.3765,0.4004
2025-10-07,7,0.3969,0.0811,0.3158
2025-10-07,8,18.8711,18.4289,36.4422
2025-10-07,9,14.8268,5.3272,9.4997
2025-10-07,10,6.7347,6.7347,14.0
2025-10-07,11,25.5062,7.3199,18.1864
2025-10-07,12,2.9064,1.127,1.7794
2025-10-07,13,2.9124,0.9151,1.9972
2025-10-07,14,29.6526,12.3501,17.3026
2025-10-07,15,8.7823,4.3799,4.4024
2025-10-07,16,11.6034,4.4775,7.1259
2025-10-07,17,3.7837,2.9647,7.819
2025-10-07,18,7.2617,2.6645,4.5971
2025-10-07,19,3.5413,2.4606,6.0808
2025-10-07,20,3.6785,1.3825,2.296
2025-10-07,21,8.5391,2.3722,6.1669
2025-10-07,22,2.5556,1.9633,6.0923
2025-10-07,23,4.6441,1.6605,2.9836
2025-10-07,24,3.543,1.2981,2.2449
2025-10-07,25,0.5948,0.1598,0.435
2025-10-07,26,0.6116,0.3182,0.2934
2025-10-07,27,1200.5633,534.6326,665.9307
2025-10-07,28,310.0965,133.1467,176.9497
2025-10-07,29,701.2165,621.5324,79.68409999999994
2025-10-07,30,488.6951,618.4864,0.0
2025-10-08,1,2.6026,0.0,2.6026
2025-10-08,2,0.9122,0.7495,2.1627
2025-10-08,3,1.5,0.6104,0.8896
2025-10-08,4,1.3941,0.7035,0.6905
2025-10-08,5,0.5879,0.2579,0.33
2025-10-08,6,0.4004,0.2914,1.109
2025-10-08,7,0.3158,0.0577,0.2581
2025-10-08,8,36.4422,10.0654,26.3768
2025-10-08,9,9.4997,5.5242,13.9755
2025-10-08,10,14.0,6.5408,7.4592
2025-10-08,11,18.1864,0.0,18.1864
2025-10-08,12,1.7794,1.2575,3.0219
2025-10-08,13,1.9972,1.0813,2.9159
2025-10-08,14,17.3026,11.5221,29.7805
2025-10-08,15,4.4024,3.4217,8.9807
2025-10-08,16,7.1259,4.3066,11.8193
2025-10-08,17,7.819,2.6716,5.1474
2025-10-08,18,4.5971,2.589,8.0081
2025-10-08,19,6.0808,1.1156,4.9652
2025-10-08,20,2.296,1.1733,3.6227
2025-10-08,21,6.1669,2.7716,3.3953
2025-10-08,22,6.0923,2.105,3.9872
2025-10-08,23,2.9836,1.7968,4.1868
2025-10-08,24,2.2449,0.8654,1.3795
2025-10-08,25,0.435,0.175,0.7599
2025-10-08,26,0.2934,0.263,1.0304
2025-10-08,27,665.9307,554.3814,1211.5492
2025-10-08,28,176.9497,129.1165,297.8333
2025-10-08,29,1561.6051,554.0968,1007.5083
2025-10-08,30,980.5591,553.3536,427.2054999999999
2025-10-09,1,2.6026,0.9927,1.61
2025-10-09,2,2.1627,0.7847,1.378
2025-10-09,3,0.8896,0.4653,1.9244
2025-10-09,4,0.6905,0.4507,1.2398
2025-10-09,5,0.33,0.2031,1.1269
2025-10-09,6,1.109,0.3167,0.7923
2025-10-09,7,0.2581,0.0657,0.1924
2025-10-09,8,26.3768,13.0894,36.2875
2025-10-09,9,13.9755,5.1568,8.8186
2025-10-09,10,7.4592,3.837,13.6222
2025-10-09,11,18.1864,9.4167,25.7697
2025-10-09,12,3.0219,1.4552,1.5667
2025-10-09,13,2.9159,1.0983,1.8177
2025-10-09,14,29.7805,12.461,17.3194
2025-10-09,15,8.9807,3.7838,5.1969
2025-10-09,16,11.8193,4.3933,7.4259
2025-10-09,17,5.1474,2.6995,7.448
2025-10-09,18,8.0081,3.576,4.4321
2025-10-09,19,4.9652,2.0123,2.9529
2025-10-09,20,3.6227,1.7807,1.8421
2025-10-09,21,3.3953,3.3953,9.0
2025-10-09,22,3.9872,2.0441,5.9431
2025-10-09,23,4.1868,1.3064,2.8804
2025-10-09,24,1.3795,1.3795,4.0
2025-10-09,25,0.7599,0.2399,0.5201
2025-10-09,26,1.0304,0.3093,0.7211
2025-10-09,27,1211.5492,500.2792,711.27
2025-10-09,28,297.8333,116.0824,181.7509
2025-10-09,29,1118.6461,573.391,545.2551
2025-10-09,30,634.0803,573.9907,60.08960000000002
2025-10-10,1,1.61,0.9369,2.673
2025-10-10,2,1.378,0.8704,2.5075
2025-10-10,3,1.9244,0.7726,1.1518
2025-10-10,4,1.2398,0.4881,0.7517
2025-10-10,5,1.1269,0.2488,0.8781
2025-10-10,6,0.7923,0.3811,0.4112
2025-10-10,7,0.1924,0.0687,0.1238
2025-10-10,8,36.2875,11.3199,24.9676
2025-10-10,9,8.8186,6.4871,14.3315
2025-10-10,10,13.6222,5.6807,7.9415
2025-10-10,11,25.7697,9.8821,15.8876
2025-10-10,12,1.5667,1.0303,3.0364
2025-10-10,13,1.8177,0.9873,2.8304
2025-10-10,14,17.3194,11.1038,30.2156
2025-10-10,15,5.1969,5.1969,9.0
2025-10-10,16,7.4259,3.9209,11.505
2025-10-10,17,7.448,2.6441,4.8039
2025-10-10,18,4.4321,2.6841,7.748
2025-10-10,19,2.9529,1.9752,5.9777
2025-10-10,20,1.8421,1.8421,4.0
2025-10-10,21,9.0,2.9622,6.0378
2025-10-10,22,5.9431,1.6536,4.2895
2025-10-10,23,2.8804,1.9256,4.4548
2025-10-10,24,4.0,0.9097,3.0903
2025-10-10,25,0.5201,0.2362,0.7839
2025-10-10,26,0.7211,0.1484,0.5727
2025-10-10,27,711.27,430.306,1230.964
2025-10-10,28,181.7509,89.4164,342.3345
2025-10-10,29,612.7101,479.1691,133.541
2025-10-10,30,965.9379,472.4275,493.5104
2025-10-11,1,2.673,0.0,2.673
2025-10-11,2,2.5075,1.1029,1.4046
2025-10-11,3,1.1518,0.7198,1.932
2025-10-11,4,0.7517,0.5352,1.7165
2025-10-11,5,0.8781,0.3857,0.4925
2025-10-11,6,0.4112,0.4112,1.5
2025-10-11,7,0.1238,0.1238,0.5
2025-10-11,8,24.9676,19.0853,47.8823
2025-10-11,9,14.3315,7.0368,19.2947
2025-10-11,10,7.9415,7.9415,18.0
2025-10-11,11,15.8876,9.6915,33.1961
2025-10-11,12,3.0364,2.2058,3.8307
2025-10-11,13,2.8304,1.3013,1.529
2025-10-11,14,30.2156,16.1487,39.0669
2025-10-11,15,9.0,5.112,11.888
2025-10-11,16,11.505,6.4409,15.0641
2025-10-11,17,4.8039,4.5049,10.299
2025-10-11,18,7.748,3.5742,4.1738
2025-10-11,19,5.9777,2.711,3.2667
2025-10-11,20,4.0,1.7597,2.2403
2025-10-11,21,6.0378,4.6337,11.4041
2025-10-11,22,4.2895,2.8685,7.9211
2025-10-11,23,4.4548,2.6697,5.7851
2025-10-11,24,3.0903,1.6531,5.4372
2025-10-11,25,0.7839,0.261,0.5229
2025-10-11,26,0.5727,0.1723,0.4004
2025-10-11,27,1230.964,720.4428,1560.5212
2025-10-11,28,342.3345,126.6671,215.6673
2025-10-11,29,1500.0,810.4037,689.5963
2025-10-11,30,573.2109,803.3029,0.0
2025-10-12,1,2.673,1.3083,1.3648
2025-10-12,2,1.4046,1.4046,3.0
2025-10-12,3,1.932,0.8094,1.1226
2025-10-12,4,1.7165,0.6135,1.103
2025-10-12,5,0.4925,0.4925,1.0
2025-10-12,6,1.5,0.3692,1.1308
2025-10-12,7,0.5,0.0933,0.4067
2025-10-12,8,47.8823,19.0286,28.8538
2025-10-12,9,19.2947,9.8477,9.447
2025-10-12,10,18.0,5.9663,12.0337
2025-10-12,11,33.1961,11.9042,21.2919
2025-10-12,12,3.8307,1.193,2.6377
2025-10-12,13,1.529,1.3697,3.6594
2025-10-12,14,39.0669,18.6236,20.4433
2025-10-12,15,11.888,4.5735,7.3145
2025-10-12,16,15.0641,5.4508,9.6134
2025-10-12,17,10.299,4.793,5.506
2025-10-12,18,4.1738,3.6982,10.4756
2025-10-12,19,3.2667,3.2594,8.0074
2025-10-12,20,2.2403,1.8162,4.924
2025-10-12,21,11.4041,6.0299,5.3742
2025-10-12,22,7.9211,3.5966,4.3245
2025-10-12,23,5.7851,1.8643,3.9208
2025-10-12,24,5.4372,3.395,2.0422
2025-10-12,25,0.5229,0.497,1.0258
2025-10-12,26,0.4004,0.3072,1.0933
2025-10-12,27,1560.5212,706.4602,854.0609
2025-10-12,28,215.6673,159.7169,405.9505
2025-10-12,29,1930.6431,864.0697,1066.5734
2025-10-12,30,1198.2738,866.861,331.41279999999995
2025-10-13,1,1.3648,0.9749,2.8899
2025-10-13,2,3.0,0.6986,2.3014
2025-10-13,3,1.1226,0.7331,1.8895
2025-10-13,4,1.103,0.7105,1.3925
2025-10-13,5,1.0,0.2956,0.7044
2025-10-13,6,1.1308,0.4466,0.6842
2025-10-13,7,0.4067,0.0877,0.3191
2025-10-13,8,28.8538,11.994,16.8597
2025-10-13,9,9.447,5.4012,15.0458
2025-10-13,10,12.0337,5.1786,6.8551
2025-10-13,11,21.2919,10.4337,10.8582
2025-10-13,12,2.6377,1.1384,1.4993
2025-10-13,13,3.6594,1.1119,2.5475
2025-10-13,14,20.4433,14.779,30.6643
2025-10-13,15,7.3145,2.9959,4.3187
2025-10-13,16,9.6134,4.3521,5.2613
2025-10-13,17,5.506,3.8367,7.6693
2025-10-13,18,10.4756,2.9229,7.5527
2025-10-13,19,8.0074,1.9026,6.1048
2025-10-13,20,4.924,1.6237,3.3003
2025-10-13,21,5.3742,2.914,9.4601
2025-10-13,22,4.3245,3.3084,6.016
2025-10-13,23,3.9208,2.1236,1.7973
2025-10-13,24,2.0422,0.7706,4.2716
2025-10-13,25,1.0258,0.2274,0.7984
2025-10-13,26,1.0933,0.3293,0.7639
2025-10-13,27,854.0609,462.2328,1191.8281
2025-10-13,28,405.9505,117.831,288.1195
2025-10-13,29,1193.0985,563.325,629.7735
2025-10-13,30,736.2084,559.0743,177.1341
2025-10-14,1,2.8899,0.9186,1.9713
2025-10-14,2,2.3014,0.7534,1.548
2025-10-14,3,1.8895,0.5305,1.359
2025-10-14,4,1.3925,0.5191,0.8734
2025-10-14,5,0.7044,0.3163,0.3881
2025-10-14,6,0.6842,0.3053,0.3789
2025-10-14,7,0.3191,0.0679,0.2512
2025-10-14,8,16.8597,12.192,4.6678
2025-10-14,9,15.0458,3.9321,11.1137
2025-10-14,10,6.8551,3.9182,2.9369
2025-10-14,11,10.8582,7.4879,3.3704
2025-10-14,12,1.4993,1.4993,0.0
2025-10-14,13,2.5475,0.9072,1.6403
2025-10-14,14,30.6643,13.4179,17.2464
2025-10-14,15,4.3187,3.1918,1.1269
2025-10-14,16,5.2613,4.5834,0.6779
2025-10-14,17,7.6693,2.6837,4.9857
2025-10-14,18,7.5527,2.7574,4.7953
2025-10-14,19,6.1048,3.0921,3.0127
2025-10-14,20,3.3003,1.4705,1.8298
2025-10-14,21,9.4601,4.5323,4.9278
2025-10-14,22,6.016,0.0,6.016
2025-10-14,23,1.7973,1.4029,0.3944
2025-10-14,24,4.2716,1.078,3.1936
2025-10-14,25,0.7984,0.1814,0.617
2025-10-14,26,0.7639,0.224,0.5399
2025-10-14,27,1191.8281,595.0349,596.7932
2025-10-14,28,288.1195,113.7739,174.3455
2025-10-14,29,1512.5931,641.9394,870.6537000000001
2025-10-14,30,928.8756,645.5914,283.28419999999994
2025-10-15,1,1.9713,1.1377,2.8336
2025-10-15,2,1.548,0.7813,2.2667
2025-10-15,3,1.359,0.6413,0.7177
2025-10-15,4,0.8734,0.4709,1.4025
2025-10-15,5,0.3881,0.2259,1.1623
2025-10-15,6,0.3789,0.3139,1.065
2025-10-15,7,0.2512,0.0474,0.2038
2025-10-15,8,4.6678,4.6678,34.0
2025-10-15,9,11.1137,5.2658,5.8479
2025-10-15,10,2.9369,2.9369,14.0
2025-10-15,11,3.3704,3.3704,25.0
2025-10-15,12,0.0,0.0,3.0
2025-10-15,13,1.6403,0.945,2.6953
2025-10-15,14,17.2464,16.1224,30.124
2025-10-15,15,1.1269,1.1269,9.0
2025-10-15,16,0.6779,0.6779,12.0
2025-10-15,17,4.9857,3.1048,7.8808
2025-10-15,18,4.7953,3.0976,7.6977
2025-10-15,19,3.0127,2.7694,5.7433
2025-10-15,20,1.8298,1.3823,3.9475
2025-10-15,21,4.9278,2.2957,8.6321
2025-10-15,22,6.016,2.1386,3.8775
2025-10-15,23,0.3944,0.3944,4.5
2025-10-15,24,3.1936,0.8306,2.363
2025-10-15,25,0.617,0.2868,0.3302
2025-10-15,26,0.5399,0.0,0.5399
2025-10-15,27,596.7932,466.5718,1230.2215
2025-10-15,28,174.3455,111.2725,313.073
2025-10-15,29,889.3677,501.0791,388.28860000000003
2025-10-15,30,574.1291,495.8313,78.2978
2025-10-16,1,2.8336,1.1104,1.7232
2025-10-16,2,2.2667,0.7177,1.549
2025-10-16,3,0.7177,0.5755,1.6422
2025-10-16,4,1.4025,0.5058,0.8966
2025-10-16,5,1.1623,0.2549,0.9074
2025-10-16,6,1.065,0.4109,0.654
2025-10-16,7,0.2038,0.0616,0.1422
2025-10-16,8,34.0,13.5241,20.4759
2025-10-16,9,5.8479,5.8479,16.0
2025-10-16,10,14.0,6.9873,7.0127
2025-10-16,11,25.0,13.6473,11.3527
2025-10-16,12,3.0,1.2207,1.7793
2025-10-16,13,2.6953,0.9738,1.7215
2025-10-16,14,30.124,12.3664,17.7576
2025-10-16,15,9.0,3.451,5.549
2025-10-16,16,12.0,3.7556,8.2444
2025-10-16,17,7.8808,2.9587,4.9221
2025-10-16,18,7.6977,3.1889,4.5088
2025-10-16,19,5.7433,2.4267,3.3166
2025-10-16,20,3.9475,1.8484,2.0991
2025-10-16,21,8.6321,2.2389,6.3932
2025-10-16,22,3.8775,3.4915,6.386
2025-10-16,23,4.5,2.2085,2.2915
2025-10-16,24,2.363,2.2149,4.1481
2025-10-16,25,0.3302,0.3302,1.0
2025-10-16,26,0.5399,0.2542,0.2857
2025-10-16,27,1230.2215,497.0602,733.1613
2025-10-16,28,313.073,127.3707,185.7024
2025-10-16,29,1576.2001,641.5058,934.6943
2025-10-16,30,574.1291,648.4976,0.0
2025-10-17,1,1.7232,1.0233,0.6999
2025-10-17,2,1.549,0.8242,0.7248
2025-10-17,3,1.6422,0.0,1.6422
2025-10-17,4,0.8966,0.4254,0.4712
2025-10-17,5,0.9074,0.3743,0.533
2025-10-17,6,0.654,0.333,0.321
2025-10-17,7,0.1422,0.0546,0.0876
2025-10-17,8,20.4759,13.387,7.0889
2025-10-17,9,16.0,5.8032,10.1968
2025-10-17,10,7.0127,6.0464,0.9663
2025-10-17,11,11.3527,7.7949,3.5578
2025-10-17,12,1.7793,0.922,0.8573
2025-10-17,13,1.7215,1.2662,0.4553
2025-10-17,14,17.7576,11.0214,6.7362
2025-10-17,15,5.549,3.4356,2.1133
2025-10-17,16,8.2444,4.5946,3.6498
2025-10-17,17,4.9221,3.0457,1.8765
2025-10-17,18,4.5088,2.7024,1.8064
2025-10-17,19,3.3166,2.4024,0.9142
2025-10-17,20,2.0991,1.4802,0.6189
2025-10-17,21,6.3932,4.4265,1.9667
2025-10-17,22,6.386,2.2571,4.1289
2025-10-17,23,2.2915,1.691,0.6004
2025-10-17,24,4.1481,1.9373,2.2108
2025-10-17,25,1.0,0.2369,0.7631
2025-10-17,26,0.2857,0.1747,0.111
2025-10-17,27,733.1613,500.0436,233.1177
2025-10-17,28,185.7024,112.1618,73.5406
2025-10-17,29,1003.9723,553.5355,450.43680000000006
2025-10-17,30,951.7751,555.8701,395.905
2025-10-18,1,0.6999,0.6999,3.5
2025-10-18,2,0.7248,0.7248,3.0
2025-10-18,3,1.6422,0.8292,0.813
2025-10-18,4,0.4712,0.4712,1.5
2025-10-18,5,0.533,0.4741,1.0589
2025-10-18,6,0.321,0.321,1.5
2025-10-18,7,0.0876,0.0876,0.5
2025-10-18,8,7.0889,7.0889,46.0
2025-10-18,9,10.1968,6.9668,19.23
2025-10-18,10,0.9663,0.9663,18.0
2025-10-18,11,3.5578,3.5578,33.0
2025-10-18,12,0.8573,0.8573,4.0
2025-10-18,13,0.4553,0.4553,3.5
2025-10-18,14,6.7362,6.7362,39.0
2025-10-18,15,2.1133,2.1133,12.0
2025-10-18,16,3.6498,3.6498,15.0
2025-10-18,17,1.8765,1.8765,10.0
2025-10-18,18,1.8064,1.8064,10.0
2025-10-18,19,0.9142,0.9142,7.5
2025-10-18,20,0.6189,0.6189,5.0
2025-10-18,21,1.9667,1.9667,11.0
2025-10-18,22,4.1289,4.1289,7.5
2025-10-18,23,0.6004,0.6004,6.0
2025-10-18,24,2.2108,2.2108,5.0
2025-10-18,25,0.7631,0.6417,1.1214
2025-10-18,26,0.111,0.111,1.0
2025-10-18,27,233.1177,233.1177,1550.0
2025-10-18,28,73.5406,73.5406,400.0
2025-10-18,29,474.7576,305.3322,169.42540000000002
2025-10-18,30,598.0996,304.7087,293.3909
2025-10-19,1,3.5,1.1995,2.3005
2025-10-19,2,3.0,1.1193,1.8807
2025-10-19,3,0.813,0.7186,2.0944
2025-10-19,4,1.5,0.5786,0.9214
2025-10-19,5,1.0589,0.3717,0.6873
2025-10-19,6,1.5,0.568,0.932
2025-10-19,7,0.5,0.1173,0.3827
2025-10-19,8,46.0,15.2531,30.7469
2025-10-19,9,19.23,7.6158,11.6142
2025-10-19,10,18.0,0.0,18.0
2025-10-19,11,33.0,11.942,21.058
2025-10-19,12,4.0,1.428,2.572
2025-10-19,13,3.5,1.6219,1.8781
2025-10-19,14,39.0,15.226,23.774
2025-10-19,15,12.0,3.7949,8.2051
2025-10-19,16,15.0,5.7753,9.2247
2025-10-19,17,10.0,4.9143,5.0857
2025-10-19,18,10.0,3.6108,6.3892
2025-10-19,19,7.5,3.2924,4.2076
2025-10-19,20,5.0,2.074,2.926
2025-10-19,21,11.0,3.5791,7.4209
2025-10-19,22,7.5,3.189,4.311
2025-10-19,23,6.0,2.7248,3.2752
2025-10-19,24,5.0,1.9913,3.0087
2025-10-19,25,1.1214,0.2593,0.8621
2025-10-19,26,1.0,0.2176,0.7824
2025-10-19,27,1550.0,629.6505,920.3495
2025-10-19,28,400.0,145.6072,254.3928
2025-10-19,29,2000.0,697.2144,1302.7856000000002
2025-10-19,30,1188.8497,703.1796,485.67009999999993
2025-10-20,1,2.3005,1.0073,1.2933
2025-10-20,2,1.8807,0.7148,1.1658
2025-10-20,3,2.0944,0.611,1.4834
2025-10-20,4,0.9214,0.4506,0.4709
2025-10-20,5,0.6873,0.3583,0.329
2025-10-20,6,0.932,0.3321,0.5999
2025-10-20,7,0.3827,0.0617,0.321
2025-10-20,8,30.7469,15.1607,15.5862
2025-10-20,9,11.6142,5.2286,6.3856
2025-10-20,10,18.0,4.6801,13.3199
2025-10-20,11,21.058,0.0,21.058
2025-10-20,12,2.572,0.8624,1.7095
2025-10-20,13,1.8781,0.9012,2.9769
2025-10-20,14,23.774,12.239,30.535
2025-10-20,15,8.2051,3.5523,4.6528
2025-10-20,16,9.2247,3.9618,5.2629
2025-10-20,17,5.0857,3.2212,7.8645
2025-10-20,18,6.3892,2.8601,3.5291
2025-10-20,19,4.2076,2.0636,6.144
2025-10-20,20,2.926,1.4289,1.4971
2025-10-20,21,7.4209,2.624,4.7969
2025-10-20,22,4.311,3.4825,5.8284
2025-10-20,23,3.2752,1.6873,4.5879
2025-10-20,24,3.0087,1.5762,1.4324
2025-10-20,25,0.8621,0.2513,0.6108
2025-10-20,26,0.7824,0.1204,0.6621
2025-10-20,27,920.3495,443.6369,476.7126
2025-10-20,28,254.3928,110.2501,144.1428
2025-10-20,29,1203.7935,505.4013,698.3922
2025-10-20,30,698.6865,505.5302,193.15630000000004
2025-10-21,1,1.2933,0.9885,2.8048
2025-10-21,2,1.1658,0.8554,2.3105
2025-10-21,3,1.4834,0.5984,0.885
2025-10-21,4,0.4709,0.4709,1.5
2025-10-21,5,0.329,0.3184,1.0106
2025-10-21,6,0.5999,0.2746,1.3252
2025-10-21,7,0.321,0.067,0.254
2025-10-21,8,15.5862,11.2593,35.3269
2025-10-21,9,6.3856,6.3856,15.0
2025-10-21,10,13.3199,5.8852,7.4347
2025-10-21,11,21.058,9.3931,11.6649
2025-10-21,12,1.7095,1.1659,3.0437
2025-10-21,13,2.9769,0.8062,2.1707
2025-10-21,14,30.535,12.0652,18.4697
2025-10-21,15,4.6528,3.8475,9.8053
2025-10-21,16,5.2629,4.5388,11.7241
2025-10-21,17,7.8645,2.734,5.1305
2025-10-21,18,3.5291,3.2012,8.3279
2025-10-21,19,6.144,2.6298,3.5142
2025-10-21,20,1.4971,1.4971,4.0
2025-10-21,21,4.7969,4.7969,9.0
2025-10-21,22,5.8284,2.6358,3.1926
2025-10-21,23,4.5879,1.3399,3.248
2025-10-21,24,1.4324,1.4324,4.0
2025-10-21,25,0.6108,0.3897,1.2211
2025-10-21,26,0.6621,0.1988,0.4633
2025-10-21,27,476.7126,476.7126,1200.0
2025-10-21,28,144.1428,110.2501,333.8927
2025-10-21,29,676.8984,575.8155,101.0829
2025-10-21,30,942.3321,574.9808,367.3512999999999
2025-10-22,1,2.8048,1.1385,1.6662
2025-10-22,2,2.3105,0.7411,1.5694
2025-10-22,3,0.885,0.6064,1.7786
2025-10-22,4,1.5,0.4554,1.0446
2025-10-22,5,1.0106,0.2311,0.7795
2025-10-22,6,1.3252,0.3597,0.9655
2025-10-22,7,0.254,0.0642,0.1898
2025-10-22,8,35.3269,14.3327,20.9942
2025-10-22,9,15.0,7.8424,7.1576
2025-10-22,10,7.4347,7.4347,14.0
2025-10-22,11,11.6649,9.9867,24.6782
2025-10-22,12,3.0437,1.0257,2.018
2025-10-22,13,2.1707,0.0,2.1707
2025-10-22,14,18.4697,11.8859,29.5839
2025-10-22,15,9.8053,3.4855,6.3198
2025-10-22,16,11.7241,4.9947,6.7294
2025-10-22,17,5.1305,3.11,8.0205
2025-10-22,18,8.3279,3.2143,5.1136
2025-10-22,19,3.5142,2.6554,5.8588
2025-10-22,20,4.0,1.4619,2.5381
2025-10-22,21,9.0,3.7845,5.2155
2025-10-22,22,3.1926,2.151,5.5416
2025-10-22,23,3.248,1.7934,4.4547
2025-10-22,24,4.0,1.6931,2.3069
2025-10-22,25,1.2211,0.427,0.7941
2025-10-22,26,0.4633,0.114,0.3493
2025-10-22,27,1200.0,507.3795,692.6205
2025-10-22,28,333.8927,105.2491,228.6436
2025-10-22,29,1492.8569,530.6191,962.2378
2025-10-22,30,554.0081,532.7399,21.26819999999998
2025-10-23,1,1.6662,0.9114,2.7549
2025-10-23,2,1.5694,0.7269,2.3425
2025-10-23,3,1.7786,0.4519,1.3267
2025-10-23,4,1.0446,0.3889,0.6557
2025-10-23,5,0.7795,0.3333,0.4462
2025-10-23,6,0.9655,0.2753,0.6901
2025-10-23,7,0.1898,0.0642,0.1256
2025-10-23,8,20.9942,12.3438,34.6504
2025-10-23,9,7.1576,5.3248,14.8328
2025-10-23,10,14.0,7.2173,6.7827
2025-10-23,11,24.6782,0.0,24.6782
2025-10-23,12,2.018,1.119,2.899
2025-10-23,13,2.1707,1.2788,2.8919
2025-10-23,14,29.5839,11.8411,17.7428
2025-10-23,15,6.3198,3.674,9.6458
2025-10-23,16,6.7294,4.0337,11.6957
2025-10-23,17,8.0205,2.9296,5.0909
2025-10-23,18,5.1136,3.1426,7.971
2025-10-23,19,5.8588,2.3738,3.485
2025-10-23,20,2.5381,0.0,2.5381
2025-10-23,21,5.2155,2.9205,8.295
2025-10-23,22,5.5416,1.5782,3.9634
2025-10-23,23,4.4547,1.9678,2.4869
2025-10-23,24,2.3069,1.3951,3.9118
2025-10-23,25,0.7941,0.3139,0.4802
2025-10-23,26,0.3493,0.2005,0.6488
2025-10-23,27,692.6205,433.5142,1209.1063
2025-10-23,28,228.6436,134.4199,344.2237
2025-10-23,29,876.3617,497.4718,378.88990000000007
2025-10-23,30,928.2808,494.8379,433.4429
2025-10-24,1,2.7549,0.9156,1.8393
2025-10-24,2,2.3425,0.7484,1.5941
2025-10-24,3,1.3267,0.5243,0.8024
2025-10-24,4,0.6557,0.4249,0.2308
2025-10-24,5,0.4462,0.2375,0.2087
2025-10-24,6,0.6901,0.2637,0.4265
2025-10-24,7,0.1256,0.0617,0.0638
2025-10-24,8,34.6504,10.9618,23.6886
2025-10-24,9,14.8328,4.5891,10.2436
2025-10-24,10,6.7827,4.9537,1.8289
2025-10-24,11,24.6782,9.295,15.3832
2025-10-24,12,2.899,1.0591,1.8399
2025-10-24,13,2.8919,0.8296,2.0623
2025-10-24,14,17.7428,10.8604,6.8823
2025-10-24,15,9.6458,3.3322,6.3136
2025-10-24,16,11.6957,4.0884,7.6072
2025-10-24,17,5.0909,2.5416,2.5493
2025-10-24,18,7.971,3.472,4.499
2025-10-24,19,3.485,1.5428,1.9422
2025-10-24,20,2.5381,1.0816,1.4565
2025-10-24,21,8.295,2.2812,6.0138
2025-10-24,22,3.9634,2.4284,1.535
2025-10-24,23,2.4869,2.0557,0.4312
2025-10-24,24,3.9118,1.3823,2.5295
2025-10-24,25,0.4802,0.1889,0.2913
2025-10-24,26,0.6488,0.1437,0.5051
2025-10-24,27,1209.1063,477.7388,731.3675
2025-10-24,28,344.2237,87.4798,256.7439
2025-10-24,29,1574.0907,503.6677,1070.423
2025-10-24,30,547.2368,499.8749,47.36189999999999
2025-10-25,1,1.8393,1.8393,3.5
2025-10-25,2,1.5941,0.9058,3.1883
2025-10-25,3,0.8024,0.8024,2.0
2025-10-25,4,0.2308,0.2308,1.5
2025-10-25,5,0.2087,0.2087,1.0
2025-10-25,6,0.4265,0.4265,1.5
2025-10-25,7,0.0638,0.0638,0.5
2025-10-25,8,23.6886,18.4074,44.2812
2025-10-25,9,10.2436,8.0259,18.2177
2025-10-25,10,1.8289,1.8289,18.0
2025-10-25,11,15.3832,10.2965,32.0867
2025-10-25,12,1.8399,1.1726,4.1673
2025-10-25,13,2.0623,1.2689,3.7935
2025-10-25,14,6.8823,6.8823,39.0
2025-10-25,15,6.3136,4.0791,12.2345
2025-10-25,16,7.6072,5.7382,14.869
2025-10-25,17,2.5493,2.5493,10.0
2025-10-25,18,4.499,4.4183,10.0808
2025-10-25,19,1.9422,1.9422,7.5
2025-10-25,20,1.4565,1.4565,5.0
2025-10-25,21,6.0138,4.3373,10.6765
2025-10-25,22,1.535,1.535,7.5
2025-10-25,23,0.4312,0.4312,5.5
2025-10-25,24,2.5295,0.0,2.5295
2025-10-25,25,0.2913,0.2871,1.0042
2025-10-25,26,0.5051,0.1589,0.3462
2025-10-25,27,731.3675,682.0049,1549.3626
2025-10-25,28,256.7439,170.2922,436.4517
2025-10-25,29,1037.1291,731.5962,305.53290000000015
2025-10-25,30,225.4697,742.762,0.0
2025-10-26,1,3.5,1.2159,2.2841
2025-10-26,2,3.1883,0.9473,2.2411
2025-10-26,3,2.0,0.5726,1.4274
2025-10-26,4,1.5,0.4309,1.0691
2025-10-26,5,1.0,0.2934,0.7066
2025-10-26,6,1.5,0.3213,1.1787
2025-10-26,7,0.5,0.0862,0.4138
2025-10-26,8,44.2812,16.3093,27.9719
2025-10-26,9,18.2177,6.4534,11.7643
2025-10-26,10,18.0,9.2055,8.7945
2025-10-26,11,32.0867,12.0681,20.0186
2025-10-26,12,4.1673,1.489,2.6783
2025-10-26,13,3.7935,1.292,2.5014
2025-10-26,14,39.0,16.7776,22.2224
2025-10-26,15,12.2345,4.2524,7.9821
2025-10-26,16,14.869,6.7509,8.1181
2025-10-26,17,10.0,4.0605,5.9395
2025-10-26,18,10.0808,3.9063,6.1745
2025-10-26,19,7.5,3.9107,3.5893
2025-10-26,20,5.0,1.2672,3.7328
2025-10-26,21,10.6765,2.7308,7.9457
2025-10-26,22,7.5,2.4029,5.0971
2025-10-26,23,5.5,1.8294,3.6706
2025-10-26,24,2.5295,1.4512,5.0783
2025-10-26,25,1.0042,0.5958,0.4084
2025-10-26,26,0.3462,0.3134,1.0328
2025-10-26,27,1549.3626,744.5414,804.8212
2025-10-26,28,436.4517,162.5231,273.9287
2025-10-26,29,1935.9383,767.225,1168.7133
2025-10-26,30,1200.0,780.7284,419.27160000000003
2025-10-27,1,2.2841,1.0263,1.2578
2025-10-27,2,2.2411,0.8467,1.3944
2025-10-27,3,1.4274,0.5721,0.8553
2025-10-27,4,1.0691,0.453,0.6161
2025-10-27,5,0.7066,0.3085,0.3981
2025-10-27,6,1.1787,0.2473,0.9314
2025-10-27,7,0.4138,0.0903,0.3234
2025-10-27,8,27.9719,17.7081,37.2637
2025-10-27,9,11.7643,6.6025,15.1618
2025-10-27,10,8.7945,8.2604,14.5341
2025-10-27,11,20.0186,9.7267,10.2919
2025-10-27,12,2.6783,1.0032,1.6751
2025-10-27,13,2.5014,0.7759,1.7256
2025-10-27,14,22.2224,10.873,31.3494
2025-10-27,15,7.9821,3.8686,4.1135
2025-10-27,16,8.1181,4.723,12.3951
2025-10-27,17,5.9395,3.1282,7.8113
2025-10-27,18,6.1745,2.5702,3.6044
2025-10-27,19,3.5893,3.4082,6.1811
2025-10-27,20,3.7328,1.9629,1.7699
2025-10-27,21,7.9457,3.1093,4.8364
2025-10-27,22,5.0971,2.5261,2.571
2025-10-27,23,3.6706,1.0622,2.6084
2025-10-27,24,5.0783,0.9319,4.1464
2025-10-27,25,0.4084,0.1214,0.787
2025-10-27,26,1.0328,0.2906,0.7422
2025-10-27,27,804.8212,486.403,1268.4182
2025-10-27,28,273.9287,127.8218,146.1069
2025-10-27,29,1183.1858,541.6922,641.4936
2025-10-27,30,787.0474,547.1193,239.9281000000001
2025-10-28,1,1.2578,0.601,0.6568
2025-10-28,2,1.3944,0.855,0.5394
2025-10-28,3,0.8553,0.471,0.3843
2025-10-28,4,0.6161,0.4073,0.2088
2025-10-28,5,0.3981,0.3237,0.0744
2025-10-28,6,0.9314,0.2767,0.6547
2025-10-28,7,0.3234,0.0667,0.2567
2025-10-28,8,37.2637,10.0555,27.2082
2025-10-28,9,15.1618,6.1272,9.0346
2025-10-28,10,14.5341,7.4683,7.0658
2025-10-28,11,10.2919,10.2919,0.0
2025-10-28,12,1.6751,1.6751,0.0
2025-10-28,13,1.7256,1.0552,0.6704
2025-10-28,14,31.3494,11.2793,20.0701
2025-10-28,15,4.1135,3.8481,0.2654
2025-10-28,16,12.3951,5.0697,7.3255
2025-10-28,17,7.8113,2.7965,5.0148
2025-10-28,18,3.6044,2.7876,0.8168
2025-10-28,19,6.1811,1.8017,4.3794
2025-10-28,20,1.7699,1.1454,0.6245
2025-10-28,21,4.8364,2.4204,2.416
2025-10-28,22,2.571,2.571,0.0
2025-10-28,23,2.6084,1.6128,0.9956
2025-10-28,24,4.1464,1.1462,3.0002
2025-10-28,25,0.787,0.1967,0.5904
2025-10-28,26,0.7422,0.2157,0.5265
2025-10-28,27,1268.4182,514.3465,754.0717
2025-10-28,28,146.1069,120.7085,25.3984
2025-10-28,29,1583.441,549.5509,1033.8901
2025-10-28,30,403.8375,549.0381,0.0
2025-10-29,1,0.6568,0.6568,3.0
2025-10-29,2,0.5394,0.5394,2.5
2025-10-29,3,0.3843,0.3843,1.5
2025-10-29,4,0.2088,0.2088,1.5
2025-10-29,5,0.0744,0.0744,1.0
2025-10-29,6,0.6547,0.327,1.3277
2025-10-29,7,0.2567,0.0727,0.184
2025-10-29,8,27.2082,14.3333,36.875
2025-10-29,9,9.0346,5.7035,15.3311
2025-10-29,10,7.0658,5.8424,14.2234
2025-10-29,11,0.0,0.0,26.0
2025-10-29,12,0.0,0.0,3.0
2025-10-29,13,0.6704,0.6704,3.0
2025-10-29,14,20.0701,11.3694,29.7007
2025-10-29,15,0.2654,0.2654,9.0
2025-10-29,16,7.3255,6.2554,12.0701
2025-10-29,17,5.0148,4.0205,7.9943
2025-10-29,18,0.8168,0.8168,8.0
2025-10-29,19,4.3794,2.8408,6.0386
2025-10-29,20,0.6245,0.6245,4.0
2025-10-29,21,2.416,2.416,9.0
2025-10-29,22,0.0,0.0,6.0
2025-10-29,23,0.9956,0.9956,4.5
2025-10-29,24,3.0002,1.0027,1.9975
2025-10-29,25,0.5904,0.2796,0.3107
2025-10-29,26,0.5265,0.1369,0.3896
2025-10-29,27,754.0717,503.614,1200.4577
2025-10-29,28,25.3984,25.3984,300.0
2025-10-29,29,902.1767,499.1867,402.99
2025-10-29,30,82.8759,504.4091,0.0
2025-10-30,1,3.0,0.8221,2.1779
2025-10-30,2,2.5,0.7476,1.7524
2025-10-30,3,1.5,0.5257,0.9743
2025-10-30,4,1.5,0.4473,1.0527
2025-10-30,5,1.0,0.327,0.673
2025-10-30,6,1.3277,0.23,1.0977
2025-10-30,7,0.184,0.048,0.136
2025-10-30,8,36.875,12.384,24.491
2025-10-30,9,15.3311,6.1614,9.1697
2025-10-30,10,14.2234,5.1206,9.1028
2025-10-30,11,26.0,7.0804,18.9196
2025-10-30,12,3.0,1.0164,1.9836
2025-10-30,13,3.0,0.7813,2.2187
2025-10-30,14,29.7007,12.0406,17.6602
2025-10-30,15,9.0,3.5988,5.4012
2025-10-30,16,12.0701,4.2057,7.8644
2025-10-30,17,7.9943,3.0897,4.9046
2025-10-30,18,8.0,2.797,5.203
2025-10-30,19,6.0386,2.4268,3.6118
2025-10-30,20,4.0,1.5736,2.4264
2025-10-30,21,9.0,2.6303,6.3697
2025-10-30,22,6.0,1.4224,4.5776
2025-10-30,23,4.5,1.7466,2.7534
2025-10-30,24,1.9975,1.6934,3.3041
2025-10-30,25,0.3107,0.3107,1.0
2025-10-30,26,0.3896,0.2142,0.6753
2025-10-30,27,1200.4577,405.2042,795.2535
2025-10-30,28,300.0,105.2606,194.7394
2025-10-30,29,1557.2338,405.8119,1151.4219
2025-10-30,30,900.0,404.8778,495.1222
2025-10-31,1,2.1779,0.9649,1.2131
2025-10-31,2,1.7524,0.6392,1.1132
2025-10-31,3,0.9743,0.6258,1.8485
2025-10-31,4,1.0527,0.4479,0.6048
2025-10-31,5,0.673,0.2799,0.3931
2025-10-31,6,1.0977,0.2398,0.8579
2025-10-31,7,0.136,0.0431,0.0929
2025-10-31,8,24.491,11.2812,36.2098
2025-10-31,9,9.1697,5.7344,14.4353
2025-10-31,10,9.1028,4.3776,13.7252
2025-10-31,11,18.9196,8.2109,10.7087
2025-10-31,12,1.9836,1.464,3.0196
2025-10-31,13,2.2187,1.0862,1.1325
2025-10-31,14,17.6602,12.4276,30.2326
2025-10-31,15,5.4012,3.4305,8.9707
2025-10-31,16,7.8644,3.2905,4.5739
2025-10-31,17,4.9046,2.4544,7.4502
2025-10-31,18,5.203,2.9421,8.2609
2025-10-31,19,3.6118,1.9162,6.1956
2025-10-31,20,2.4264,1.5241,3.9023
2025-10-31,21,6.3697,3.0239,9.3458
2025-10-31,22,4.5776,2.7139,5.8637
2025-10-31,23,2.7534,1.3939,4.3595
2025-10-31,24,3.3041,0.9163,2.3878
2025-10-31,25,1.0,0.5478,0.4522
2025-10-31,26,0.6753,0.2414,0.4339
2025-10-31,27,795.2535,534.0522,1211.2013
2025-10-31,28,194.7394,133.4919,311.2475
2025-10-31,29,871.3224,613.8485,257.47390000000007
2025-10-31,30,538.1936,610.7112,0.0
